{"kl_train": 6.387185782842227, "kl_target": 2.133089931106568, "energy_based": 0.026069826109225147, "time_train": 41.33486017771065, "time_est": 9.108664132189006}