{"kl_train": 5.4873528150906274, "kl_target": 1.9182076829009773, "energy_based": 0.07368127694468818, "time_train": 40.909032932017, "time_est": 9.045460901223123}