{"kl_train": 0.16424942016601562, "kl_target": 0.12420654296875, "energy_based": 0.08043193817138672, "time_train": 4209.051572298165, "time_est": 93.80824661720544}