{"kl_train": 0.20236968994140625, "kl_target": 0.1497821807861328, "energy_based": 0.07858085632324219, "time_train": 4117.188590113074, "time_est": 92.90788856614381}