{"kl_train": 7.672219742517509, "kl_target": 2.489171715734898, "energy_based": 0.06187150809962105, "time_train": 10.886555607896298, "time_est": 0.17972233798354864}