{"kl_train": 8.207239812046872, "kl_target": 2.6574346813302547, "energy_based": 0.05768516973916249, "time_train": 11.084008560981601, "time_est": 0.1555552650243044}