{"kl_train": -2.903601685974379, "kl_target": 130072.57515825817, "time_train": 38.601822919, "time_est": 0.0017913599999985763}