{"kl_train": 4.735680664251234, "kl_target": 1.7365957567329708, "energy_based": 0.026111415961249662, "time_train": 134.55206946702674, "time_est": 35.02041317522526}