{"kl_train": -2.71822687418464, "kl_target": 10720.52103316849, "time_train": 39.05094919800001, "time_est": 0.0019884989999923164}