{"kl_train": -2.2904300690661143, "kl_target": 4766.293788846735, "time_train": 143.422476969, "time_est": 0.004510686000003261}