{"kl_train": 7.990247453960123, "kl_target": 2.510764331607586, "energy_based": 0.08977715157486799, "time_train": 10.882681764196604, "time_est": 0.1586385522969067}