{"kl_train": 0.1664752960205078, "kl_target": 0.13067245483398438, "energy_based": 0.03371906280517578, "time_train": 4122.834707342088, "time_est": 91.76165886316448}