{"kl_train": -2.8076173047529425, "kl_target": 46131.69374815106, "time_train": 39.07666840499999, "time_est": 0.0024683040000184064}