{"kl_train": -3.1211162879973413, "kl_target": 69608.9048271708, "time_train": 141.09202090099996, "time_est": 0.0036772270000255958}