{"kl_train": 3.6150882196469425, "kl_target": 1.4745650962200365, "energy_based": 0.04703714940082371, "time_train": 128.54068879317492, "time_est": 35.12923468230292}