{"kl_train": 4.883887657127065, "kl_target": 1.8698276322880112, "energy_based": 0.20324337393238956, "time_train": 39.33867736207321, "time_est": 9.03802234493196}