{"kl_train": 3.714275317558794, "kl_target": 1.5193730216402521, "energy_based": 0.23479983140168592, "time_train": 130.26077781664208, "time_est": 35.12137919059023}