{"kl_train": 5.235021951961635, "kl_target": 1.9635423392858016, "energy_based": 0.09802371870951099, "time_train": 41.30172871099785, "time_est": 9.037709237076342}