{"kl_train": -3.0237595214503172, "kl_target": 66297.65278308149, "time_train": 141.328641188, "time_est": 0.0035219959999608363}