{"kl_train": -2.7766807956054445, "kl_target": 14329.241360150416, "time_train": 141.87573889900005, "time_est": 0.00426907200005644}