{"kl_train": 4.89885493765134, "kl_target": 1.8276368374093828, "energy_based": 0.043046046316170816, "time_train": 35.12353864824399, "time_est": 9.059653314296156}