{"kl_train": -3.1898164603764543, "kl_target": 23218.683144553946, "time_train": 39.253236871, "time_est": 0.002629949999999326}