{"kl_train": 0.16363143920898438, "kl_target": 0.1331005096435547, "energy_based": 0.04840278625488281, "time_train": 3428.3482504659332, "time_est": 94.0095937633887}