{"kl_train": 4.039996671223552, "kl_target": 1.5733070055076013, "energy_based": 0.0787406939749733, "time_train": 133.1438909652643, "time_est": 35.0409995559603}