{"kl_train": 9.915155169013996, "kl_target": 2.946124868152406, "energy_based": 0.02420531362298206, "time_train": 10.959789785090834, "time_est": 0.15856632171198726}