{"kl_train": 7.477586581099786, "kl_target": 2.602272704984177, "energy_based": 0.2529692983069367, "time_train": 9.896743527147919, "time_est": 0.09134027920663357}