{"kl_train": 0.22434043884277344, "kl_target": 0.1860809326171875, "energy_based": 0.2056112289428711, "time_train": 4291.941708160099, "time_est": 96.88457279792055}