{"kl_train": 3.9097928084318383, "kl_target": 1.6035790112779473, "energy_based": 0.09391150249511959, "time_train": 128.60406711604446, "time_est": 34.99408599874005}