{"kl_train": -2.616413418027197, "kl_target": 20693.71939681866, "time_train": 141.57643213699998, "time_est": 0.004260520000002543}