{"kl_train": -2.111424505101624, "kl_target": 15206.749263759144, "time_train": 40.79885967, "time_est": 0.002625673999993694}