{"kl_train": -1.0563828029622004, "kl_target": 55.468369978131314, "time_train": 40.045655941999996, "time_est": 0.0026928129999959083}