{"kl_train": 1.6981558121660107, "kl_target": 0.808065742124942, "energy_based": 0.133367684116374, "time_train": 22.45873341616243, "time_est": 7.5507748909294605}