{"kl_train": 1.0926712444480042, "kl_target": 0.5975160704064191, "energy_based": 0.1444161733170919, "time_train": 74.05808868817985, "time_est": 30.060803606174886}