{"kl_train": -1.5726285136572813, "kl_target": 89.89559550910366, "time_train": 41.647051654999984, "time_est": 0.0021415919999867583}