{"kl_train": 1.530103102691312, "kl_target": 0.8018841591087948, "energy_based": 0.40159501129407715, "time_train": 22.57541663525626, "time_est": 7.535897918976843}