{"kl_train": 2.6814633433679145, "kl_target": 1.188375071972656, "energy_based": 0.3411955280601422, "time_train": 7.949280197266489, "time_est": 0.13603175478056073}