{"kl_train": -1.2821979513647372, "kl_target": 34.08129705385162, "time_train": 157.734831279, "time_est": 0.002686397999923429}