{"kl_train": 2.1193039619261107, "kl_target": 1.0665233799041314, "energy_based": 0.3530894558729365, "time_train": 8.02288040984422, "time_est": 0.1435445141978562}