{"kl_train": 0.11137580871582031, "kl_target": 0.11115741729736328, "energy_based": 0.15091419219970703, "time_train": 1907.851729478687, "time_est": 88.93060271535069}