{"kl_train": -0.8852169890724264, "kl_target": 17.200664309112, "time_train": 147.82843570899996, "time_est": 0.0034052519999931974}