{"kl_train": 1.139897461862553, "kl_target": 0.6881151579659655, "energy_based": 0.2120817871309182, "time_train": 72.83100185310468, "time_est": 29.995157749857754}