{"kl_train": 0.18152809143066406, "kl_target": 0.1804943084716797, "energy_based": 0.42220401763916016, "time_train": 2410.9327336871065, "time_est": 118.23350723274052}