{"kl_train": -1.0412756658909965, "kl_target": 65.6919266682191, "time_train": 41.206045722, "time_est": 0.002342153000000735}