{"kl_train": 0.9543101726874443, "kl_target": 0.5823456752209228, "energy_based": 0.3753252582176341, "time_train": 72.56860286183655, "time_est": 30.078295714687556}