{"kl_train": 0.8454333971256567, "kl_target": 0.5302330448669732, "energy_based": 0.3275741585152723, "time_train": 68.16546361986548, "time_est": 30.08063437882811}