{"kl_train": -0.7101072824423741, "kl_target": 33.96296513932786, "time_train": 40.41197769300001, "time_est": 0.00262952299999597}