{"kl_train": 1.079727404384748, "kl_target": 0.6371524226463023, "energy_based": 0.04111673340420552, "time_train": 22.674460579175502, "time_est": 7.539458441082388}