{"kl_train": 0.668628723117644, "kl_target": 0.42500902317511446, "energy_based": 0.0347831034117263, "time_train": 68.77409308496863, "time_est": 30.05136294104159}