{"kl_train": 1.9059351319819324, "kl_target": 0.975304484876057, "energy_based": 0.047253874051271794, "time_train": 7.812571967951953, "time_est": 0.13136540120467544}