{"kl_train": 0.16735553741455078, "kl_target": 0.17500019073486328, "energy_based": 0.26929664611816406, "time_train": 1849.2542466549203, "time_est": 85.44724435312673}