{"kl_train": 0.20556068420410156, "kl_target": 0.20264530181884766, "energy_based": 0.30387306213378906, "time_train": 2568.3624689611606, "time_est": 83.79253233177587}