{"kl_train": -0.666604709989846, "kl_target": 20.33668701978086, "time_train": 143.496024498, "time_est": 0.0026744250000092507}