{"kl_train": -1.6631297376099503, "kl_target": 167.3283305283563, "time_train": 39.582735465, "time_est": 0.002021426999988307}