{"kl_train": 0.08660697937011719, "kl_target": 0.08432483673095703, "energy_based": 0.035719871520996094, "time_train": 1890.198732697405, "time_est": 86.65691050188616}