{"kl_train": 1.235809892434986, "kl_target": 0.6889078917515903, "energy_based": 0.289623548290594, "time_train": 23.924900679849088, "time_est": 7.5784536907449365}