{"kl_train": -0.9683622728304663, "kl_target": 42.461109280568024, "time_train": 152.397151614, "time_est": 0.002711200999982566}