{"kl_train": 2.9929085375302726, "kl_target": 1.4509248801070385, "energy_based": 0.3541393249431639, "time_train": 9.153278032317758, "time_est": 0.13142652483657002}