{"kl_train": 1.743314827718553, "kl_target": 0.8980831452663018, "energy_based": 0.19312986001884447, "time_train": 23.53985655726865, "time_est": 7.578128847759217}