{"kl_train": -1.4589815106910868, "kl_target": 43.5591140613798, "time_train": 143.60103692700002, "time_est": 0.003057158000046911}