{"kl_train": 3.0388684566335478, "kl_target": 1.2935245755456926, "energy_based": 0.19156070681889936, "time_train": 8.47912197606638, "time_est": 0.13148309895768762}