{"kl_train": -2.053648370864745, "kl_target": 2363.1946163136176, "time_train": 42.146518181, "time_est": 0.0033188689999974486}