{"kl_train": -1.878320522388685, "kl_target": 1022.903112060263, "time_train": 43.679033136, "time_est": 0.003725549000002104}