{"kl_train": 0.17596721649169922, "kl_target": 0.16269493103027344, "energy_based": 0.21333026885986328, "time_train": 3454.7837575939484, "time_est": 90.96044126804918}