{"kl_train": 0.1893329620361328, "kl_target": 0.1959056854248047, "energy_based": 0.22164344787597656, "time_train": 3467.3743516891263, "time_est": 91.58304105885327}