{"kl_train": -2.8582145633763623, "kl_target": 9646.74036990648, "time_train": 42.30047334800001, "time_est": 0.0027928789999975834}