{"kl_train": 5.831422252161165, "kl_target": 2.171267563230577, "energy_based": 0.2060289425377242, "time_train": 10.242420234717429, "time_est": 0.14222792675718665}