{"kl_train": -2.496986968644233, "kl_target": 3095.3307221338405, "time_train": 42.202777741000006, "time_est": 0.0029215980000003583}