{"kl_train": 2.473416430511513, "kl_target": 1.2242722169225306, "energy_based": 0.15410520249521653, "time_train": 31.674683975055814, "time_est": 8.330781717784703}