{"kl_train": 2.5418630275671887, "kl_target": 1.1984896647655443, "energy_based": 0.1590082455783186, "time_train": 101.94667840190232, "time_est": 32.43986221635714}