{"kl_train": 4.0919327303502016, "kl_target": 1.627018405675944, "energy_based": 0.15606948548562372, "time_train": 33.90142186079174, "time_est": 8.298203543759882}