{"kl_train": 1.6780219790274273, "kl_target": 0.9461470177584328, "energy_based": 0.1349045307765948, "time_train": 96.08984294068068, "time_est": 32.69067713106051}