{"kl_train": -1.9748708907950485, "kl_target": 1560.901331322124, "time_train": 142.99592935, "time_est": 0.004181408000022202}