{"kl_train": 4.1990029240506495, "kl_target": 1.7920968600018625, "energy_based": 0.1778973283536267, "time_train": 9.32589444797486, "time_est": 0.1489788587205112}