{"kl_train": -2.6628098010196037, "kl_target": 17915.43077795375, "time_train": 42.022784779000006, "time_est": 0.002462317999999186}