{"kl_train": 2.667573606061911, "kl_target": 1.1927583022486647, "energy_based": 0.25057967728450414, "time_train": 102.43423673603684, "time_est": 32.541610724292696}