{"kl_train": 4.610244451576779, "kl_target": 1.8600078749636122, "energy_based": 0.3272780264305073, "time_train": 8.75603054696694, "time_est": 0.14499306632205844}