{"kl_train": 0.21485424041748047, "kl_target": 0.2008342742919922, "energy_based": 0.1763019561767578, "time_train": 3461.2215095558204, "time_est": 90.80339060118422}