{"kl_train": -1.9455949532848442, "kl_target": 1847.042156661768, "time_train": 150.10961163599998, "time_est": 0.004406771000020626}