{"kl_train": 2.839265202967333, "kl_target": 1.240691210941467, "energy_based": 0.1408535917028484, "time_train": 104.6319255460985, "time_est": 32.51186862774193}