{"kl_train": 0.1988811492919922, "kl_target": 0.20694923400878906, "energy_based": 0.134979248046875, "time_train": 3013.88879904896, "time_est": 89.30122630018741}