{"kl_train": -2.544083135186207, "kl_target": 5817.528271302814, "time_train": 140.09368226000004, "time_est": 0.0037494970000579997}