{"kl_train": 6.823706632405788, "kl_target": 2.288197470096806, "energy_based": 0.14255672238279438, "time_train": 11.049240794964135, "time_est": 0.14550565602257848}