{"kl_train": -2.6853206687827824, "kl_target": 3529.2345818441086, "time_train": 140.52414957500008, "time_est": 0.0034954819999484243}