{"kl_train": 3.590858682353513, "kl_target": 1.545199714412563, "energy_based": 0.15933702368958613, "time_train": 33.85668344562873, "time_est": 8.376949015073478}