{"kl_train": 3.7153108634907532, "kl_target": 1.5144722422227268, "energy_based": 0.2540086992925126, "time_train": 34.05303211696446, "time_est": 8.37180444598198}