{"kl_train": -2.7160096717256277, "kl_target": 2282.26997160519, "time_train": 139.334032373, "time_est": 0.004126243000030172}