{"kl_train": 0.22635841369628906, "kl_target": 0.20932292938232422, "energy_based": 0.1838541030883789, "time_train": 3451.0428921356797, "time_est": 91.44044496212155}