{"kl_train": 5.942630838737038, "kl_target": 2.0796503325410374, "energy_based": 0.26568329799273016, "time_train": 10.616681458428502, "time_est": 0.1450942768715322}