{"kl_train": 2.7152155602750803, "kl_target": 1.259672305592554, "energy_based": 0.1967854834560736, "time_train": 26.7395792696625, "time_est": 8.289694738108665}