{"kl_train": 1.9105854998996286, "kl_target": 1.0104683820152065, "energy_based": 0.20904379505749482, "time_train": 99.1734504122287, "time_est": 32.43416319927201}