{"1": {"kl_train": [[0.1, 0.003925806992327121], [0.2, 0.004101145405156451], [0.30000000000000004, 0.005371753917817888], [0.4, 0.0032574334313904157], [0.5, 0.00557230605358913], [0.6000000000000001, 0.007324856947708412], [0.7000000000000001, 0.007532326534254777], [0.8, 0.004437761420269095], [0.9, 0.0031303471888215334], [1.0, 0.0020886465192454366]], "kl_target": [[0.1, 0.003638304521124312], [0.2, 0.002699854327150768], [0.30000000000000004, 0.0027848703934121497], [0.4, 0.006721641965870389], [0.5, 0.0035011121930776604], [0.6000000000000001, 0.006207470577635695], [0.7000000000000001, 0.0031154360308314525], [0.8, 0.0011886950941703276], [0.9, 0.00023586570176169252], [1.0, 0.002292005813302292]], "time_train": [[0.1, 2.2880236330000017], [0.2, 2.3033705699999985], [0.30000000000000004, 2.3291329680000032], [0.4, 2.333372104999995], [0.5, 2.3302850139999975], [0.6000000000000001, 2.315161728999996], [0.7000000000000001, 2.4340761200000003], [0.8, 2.5625237599999977], [0.9, 2.380657761000002], [1.0, 2.485100582000001]], "time_est": [[0.1, 0.0010224739999991073], [0.2, 0.0010596779999971773], [0.30000000000000004, 0.000912999000000525], [0.4, 0.0011037239999964754], [0.5, 0.0009023090000042089], [0.6000000000000001, 0.0010733619999996336], [0.7000000000000001, 0.0007954000000012229], [0.8, 0.0010147759999981076], [0.9, 0.0009651700000006258], [1.0, 0.0008390179999935299]]}, "2": {"kl_train": [[0.1, 0.0373084056377522], [0.2, 0.04359888362548659], [0.30000000000000004, 0.043639807550817145], [0.4, 0.038250940584279046], [0.5, 0.03591309832843211], [0.6000000000000001, 0.04305072438418919], [0.7000000000000001, 0.026953391317789854], [0.8, 0.01865446896289807], [0.9, 0.030729020151089585], [1.0, 0.03219622650395837]], "kl_target": [[0.1, 0.015449529328166537], [0.2, 0.011953697468820185], [0.30000000000000004, 0.023170989622389664], [0.4, 0.017123856030611655], [0.5, 0.018656131657202316], [0.6000000000000001, 0.021211255583336655], [0.7000000000000001, 0.013996765290802609], [0.8, 0.019367487070622198], [0.9, 0.015732136878919112], [1.0, 0.024358394913925403]], "time_train": [[0.1, 2.360122765], [0.2, 2.3556018160000036], [0.30000000000000004, 2.3722526110000075], [0.4, 2.3380863449999936], [0.5, 2.342853184000006], [0.6000000000000001, 2.325702485999983], [0.7000000000000001, 2.3699172989999795], [0.8, 2.4252809660000025], [0.9, 2.2939369589999785], [1.0, 2.299178045000019]], "time_est": [[0.1, 0.001391522000005807], [0.2, 0.0012854689999954871], [0.30000000000000004, 0.0011007299999903353], [0.4, 0.0012273099999902115], [0.5, 0.0008890510000014729], [0.6000000000000001, 0.0011965200000076948], [0.7000000000000001, 0.0012007969999956458], [0.8, 0.0009005980000154068], [0.9, 0.0012277369999935672], [1.0, 0.001223888999987821]]}, "3": {"kl_train": [[0.1, 0.0974213750652301], [0.2, 0.10432069767162665], [0.30000000000000004, 0.08808214256317705], [0.4, 0.09575726376263156], [0.5, 0.10060184546829935], [0.6000000000000001, 0.09451249981118465], [0.7000000000000001, 0.10807214128218248], [0.8, 0.10324568131890524], [0.9, 0.09679917821370022], [1.0, 0.09224362128237565]], "kl_target": [[0.1, 0.07660838454240136], [0.2, 0.08367594200184371], [0.30000000000000004, 0.07583525365749966], [0.4, 0.0664250942220457], [0.5, 0.08233795707895297], [0.6000000000000001, 0.0804132816531142], [0.7000000000000001, 0.05578880088368984], [0.8, 0.04020947199680364], [0.9, 0.06521706522307608], [1.0, 0.07408544129108258]], "time_train": [[0.1, 2.4295872430000145], [0.2, 2.3635245959999907], [0.30000000000000004, 2.295670161000004], [0.4, 2.2953712439999947], [0.5, 2.2933754759999943], [0.6000000000000001, 2.306533781000013], [0.7000000000000001, 2.3151540320000095], [0.8, 2.303253398999999], [0.9, 2.3078342170000212], [1.0, 2.292415435999999]], "time_est": [[0.1, 0.0010404340000036427], [0.2, 0.0012384289999829434], [0.30000000000000004, 0.0010549730000093405], [0.4, 0.0009673080000140999], [0.5, 0.0012529690000064875], [0.6000000000000001, 0.0008869130000164205], [0.7000000000000001, 0.0011007299999903353], [0.8, 0.0009467819999997573], [0.9, 0.0011777049999750488], [1.0, 0.0009489200000132314]]}, "4": {"kl_train": [[0.1, 0.20378841503946485], [0.2, 0.17251235284707683], [0.30000000000000004, 0.16862035431560013], [0.4, 0.19068910873573724], [0.5, 0.18872002025869145], [0.6000000000000001, 0.18896783274067855], [0.7000000000000001, 0.18432506776623062], [0.8, 0.18150366412085595], [0.9, 0.18645950571914718], [1.0, 0.2000575595884626]], "kl_target": [[0.1, 0.245184554217308], [0.2, 0.44971764703611183], [0.30000000000000004, 0.5001092334165378], [0.4, 0.4175940081673336], [0.5, 0.5043859399183336], [0.6000000000000001, 0.44532619688795194], [0.7000000000000001, 0.4605515091289819], [0.8, 0.4275248148800769], [0.9, 0.44280436144207214], [1.0, 0.4311881712112256]], "time_train": [[0.1, 2.6493223919999878], [0.2, 2.4681063969999855], [0.30000000000000004, 2.4618317200000206], [0.4, 2.4952722900000026], [0.5, 2.5006651850000026], [0.6000000000000001, 2.4769408930000054], [0.7000000000000001, 2.472691918999999], [0.8, 2.465698817000032], [0.9, 2.5146667849999744], [1.0, 2.6441847940000116]], "time_est": [[0.1, 0.001090895000004366], [0.2, 0.0014894499999513755], [0.30000000000000004, 0.0010511250000035943], [0.4, 0.0015980690000105824], [0.5, 0.0015044170000351187], [0.6000000000000001, 0.0014915879999648496], [0.7000000000000001, 0.0015112600000293241], [0.8, 0.0014535280000131934], [0.9, 0.0015813919999914106], [1.0, 0.0014385609999862936]]}, "5": {"kl_train": [[0.1, 0.30320465030780747], [0.2, 0.347422680572369], [0.30000000000000004, 0.3957270882967679], [0.4, 0.4056411281821012], [0.5, 0.41926849163111035], [0.6000000000000001, 0.4196956008613859], [0.7000000000000001, 0.429564972391492], [0.8, 0.44608314240131575], [0.9, 0.4236895408307189], [1.0, 0.42830619325867986]], "kl_target": [[0.1, 0.7342877204667113], [0.2, 0.46202457779242934], [0.30000000000000004, 0.44193468443371825], [0.4, 0.6684850963114505], [0.5, 0.6162581747248759], [0.6000000000000001, 0.756657689296527], [0.7000000000000001, 0.7538743047388027], [0.8, 0.6961288145340643], [0.9, 0.7963516694341108], [1.0, 0.8483073103082939]], "time_train": [[0.1, 2.5893034999999713], [0.2, 2.7593659379999735], [0.30000000000000004, 2.5023410840000224], [0.4, 2.504885506999983], [0.5, 2.4960997619999716], [0.6000000000000001, 2.5248119799999813], [0.7000000000000001, 2.4966330209999796], [0.8, 2.53924506300001], [0.9, 2.5176944359999993], [1.0, 2.53230883599997]], "time_est": [[0.1, 0.0015937919999942096], [0.2, 0.0016301420000104372], [0.30000000000000004, 0.0014676399999871137], [0.4, 0.0011982309999893914], [0.5, 0.0014740559999495417], [0.6000000000000001, 0.0014736279999851831], [0.7000000000000001, 0.001472344999967845], [0.8, 0.001454812000019956], [0.9, 0.001492016000042895], [1.0, 0.0012174749999758205]]}, "6": {"kl_train": [[0.1, 0.5189827886160208], [0.2, 0.7241751591123772], [0.30000000000000004, 0.8292623643042227], [0.4, 0.86381169210429], [0.5, 0.8679478378433889], [0.6000000000000001, 0.8902745659338045], [0.7000000000000001, 0.8923557181488285], [0.8, 0.9025672488866323], [0.9, 0.8898066242469782], [1.0, 0.8763629470142648]], "kl_target": [[0.1, 0.7381984688778676], [0.2, 0.14494880304260177], [0.30000000000000004, 0.17396162942707197], [0.4, 0.2677108603944093], [0.5, 0.2280488491928928], [0.6000000000000001, 0.3088449763038331], [0.7000000000000001, 0.3187230276726226], [0.8, 0.37925923708996045], [0.9, 0.315366967433085], [1.0, 0.2850658643721598]], "time_train": [[0.1, 2.515770509000049], [0.2, 2.520216194999989], [0.30000000000000004, 2.510531561999983], [0.4, 2.4792800520000355], [0.5, 2.3931083329999865], [0.6000000000000001, 2.393184879000046], [0.7000000000000001, 2.401831642999923], [0.8, 2.416284825000048], [0.9, 2.413407275000054], [1.0, 2.368630121000024]],