{"1": {"kl_train": [[0.1, 0.002968832842868137], [0.2, 0.005837297476081598], [0.30000000000000004, 0.008835165350181225], [0.4, 0.007870362016987476], [0.5, 0.00619124317584766], [0.6000000000000001, 0.005620112191352269], [0.7000000000000001, 0.01011987016409205], [0.8, 0.005807407690023631], [0.9, 0.0025855848869029002], [1.0, 0.00571410313739076]], "kl_target": [[0.1, 0.012020314519866666], [0.2, 0.006078265501467237], [0.30000000000000004, 0.015371145098487835], [0.4, 0.02024992081024738], [0.5, 0.011455520601530721], [0.6000000000000001, 0.019085766469005044], [0.7000000000000001, 0.010146692707297938], [0.8, 0.002027941745812051], [0.9, 0.0066936805948009685], [1.0, 0.009615261576362943]], "time_train": [[0.1, 0.4656179930000022], [0.2, 0.4602088480000006], [0.30000000000000004, 0.4647695669999976], [0.4, 0.45971407599999736], [0.5, 0.46207589899999846], [0.6000000000000001, 0.45940617899999836], [0.7000000000000001, 0.46166194899999624], [0.8, 0.46347554600000507], [0.9, 0.46450015700000336], [1.0, 0.48159740199999845]], "time_est": [[0.1, 0.0006910570000044913], [0.2, 0.0009112890000011475], [0.30000000000000004, 0.0006842149999997105], [0.4, 0.0009172760000026869], [0.5, 0.000918130999998823], [0.6000000000000001, 0.0009185579999950733], [0.7000000000000001, 0.0009236890000039466], [0.8, 0.0009262559999996256], [0.9, 0.0009177029999989372], [1.0, 0.0010006639999886602]]}, "2": {"kl_train": [[0.1, 0.03620652874747737], [0.2, 0.04556569372889962], [0.30000000000000004, 0.052593217101183566], [0.4, 0.07511944101253838], [0.5, 0.07462722150908302], [0.6000000000000001, 0.05786611542343583], [0.7000000000000001, 0.03655415277185284], [0.8, 0.04900168717777496], [0.9, 0.06270421720096749], [1.0, 0.06223338296782253]], "kl_target": [[0.1, 0.049666142070125846], [0.2, 0.050265122028611164], [0.30000000000000004, 0.0462144315370802], [0.4, 0.04367087470019726], [0.5, 0.03720056256970666], [0.6000000000000001, 0.04417781277005083], [0.7000000000000001, 0.036431775497547905], [0.8, 0.021948285706397352], [0.9, 0.007015955930072405], [1.0, 0.019134685522763414]], "time_train": [[0.1, 0.4674773469999991], [0.2, 0.4789888329999883], [0.30000000000000004, 0.47194740800000545], [0.4, 0.4707714139999837], [0.5, 0.4959714719999795], [0.6000000000000001, 0.45790689300000054], [0.7000000000000001, 0.4638561400000185], [0.8, 0.45281547999999816], [0.9, 0.5125384499999939], [1.0, 0.47531331700000123]], "time_est": [[0.1, 0.000986980000021731], [0.2, 0.000782142999980806], [0.30000000000000004, 0.0010040849999768398], [0.4, 0.0008766500000092492], [0.5, 0.0007466499999964071], [0.6000000000000001, 0.0009775720000106958], [0.7000000000000001, 0.0007209910000085529], [0.8, 0.0010203350000210776], [0.9, 0.0010002369999995153], [1.0, 0.0008475710000084291]]}, "3": {"kl_train": [[0.1, 0.1351818645303633], [0.2, 0.16002240151067373], [0.30000000000000004, 0.1535551227655753], [0.4, 0.13455699236160482], [0.5, 0.13913589050292802], [0.6000000000000001, 0.14564703496278497], [0.7000000000000001, 0.14198114254030783], [0.8, 0.1340087263435862], [0.9, 0.13267442589171943], [1.0, 0.15614775919385443]], "kl_target": [[0.1, 0.089816015374185], [0.2, 0.09372663514874503], [0.30000000000000004, 0.11698466935670018], [0.4, 0.056458996639146546], [0.5, 0.12466991394647017], [0.6000000000000001, 0.10066361264649981], [0.7000000000000001, 0.061196409486742674], [0.8, 0.06157170009058698], [0.9, 0.12677765276627662], [1.0, 0.14378585804439775]], "time_train": [[0.1, 0.48684917799999994], [0.2, 0.4690681459999837], [0.30000000000000004, 0.46102819500001146], [0.4, 0.46491325200000233], [0.5, 0.4721492510000189], [0.6000000000000001, 0.4645818359999794], [0.7000000000000001, 0.4581908419999934], [0.8, 0.46152253999997583], [0.9, 0.4699589089999847], [1.0, 0.4896805449999988]], "time_est": [[0.1, 0.0007475049999925432], [0.2, 0.0007428010000012364], [0.30000000000000004, 0.0008035240000197064], [0.4, 0.0007701689999919381], [0.5, 0.0009878349999894454], [0.6000000000000001, 0.0009147099999893271], [0.7000000000000001, 0.000998525999989397], [0.8, 0.000987835000017867], [0.9, 0.000800958000013452], [1.0, 0.0007872749999933149]]}, "4": {"kl_train": [[0.1, 0.2315023588218282], [0.2, 0.2900155703639722], [0.30000000000000004, 0.317733563829483], [0.4, 0.3114591356076603], [0.5, 0.2903650522447957], [0.6000000000000001, 0.28611431626155964], [0.7000000000000001, 0.25799031371133635], [0.8, 0.2607590063782379], [0.9, 0.26261649036059376], [1.0, 0.2725571234472984]], "kl_target": [[0.1, 0.13436062681809438], [0.2, 0.36632776114312277], [0.30000000000000004, 0.38891451051998954], [0.4, 0.44690059286029354], [0.5, 0.4573846952275256], [0.6000000000000001, 0.47823043113821273], [0.7000000000000001, 0.5704834222600554], [0.8, 0.5591627319518718], [0.9, 0.6219075924360127], [1.0, 0.46997269754946536]], "time_train": [[0.1, 0.4953454149999743], [0.2, 0.49168144499998334], [0.30000000000000004, 0.49828882200000635], [0.4, 0.482265367000025], [0.5, 0.49110413900001504], [0.6000000000000001, 0.4856415389999711], [0.7000000000000001, 0.49985225200003924], [0.8, 0.49610104499998897], [0.9, 0.4927774720000002], [1.0, 0.4843269919999784]], "time_est": [[0.1, 0.0010977370000091469], [0.2, 0.0009797099999673264], [0.30000000000000004, 0.0010750719999919056], [0.4, 0.0008548409999775686], [0.5, 0.001072506000014073], [0.6000000000000001, 0.0010733619999996336], [0.7000000000000001, 0.0007842809999942801], [0.8, 0.0009078669999667], [0.9, 0.0010853359999600798], [1.0, 0.0010686580000083268]]}, "5": {"kl_train": [[0.1, 0.3913289948632206], [0.2, 0.4437671443985913], [0.30000000000000004, 0.5241321591736212], [0.4, 0.5400035807384497], [0.5, 0.5895529101877801], [0.6000000000000001, 0.5918871018938133], [0.7000000000000001, 0.5987189293816567], [0.8, 0.5841163808399352], [0.9, 0.6036310680656545], [1.0, 0.601300644290197]], "kl_target": [[0.1, 0.24958026125174818], [0.2, 0.9146638006896811], [0.30000000000000004, 0.2574777449776019], [0.4, 0.48262778114595223], [0.5, 0.41055045649322736], [0.6000000000000001, 0.5665151922085812], [0.7000000000000001, 0.5653688748914424], [0.8, 0.8949867746954615], [0.9, 0.682277125934349], [1.0, 0.7779799183304743]], "time_train": [[0.1, 0.5123391729999867], [0.2, 0.5205557359999489], [0.30000000000000004, 0.5183594069999913], [0.4, 0.5024035179999942], [0.5, 0.5133988499999873], [0.6000000000000001, 0.5122673289999966], [0.7000000000000001, 0.5631515279999917], [0.8, 0.5202662279999686], [0.9, 0.5082261860000017], [1.0, 0.5081222710000475]], "time_est": [[0.1, 0.0011405010000089533], [0.2, 0.0011729999999943175], [0.30000000000000004, 0.0011045790000139277], [0.4, 0.0011836919999836937], [0.5, 0.0008428670000171223], [0.6000000000000001, 0.0013739890000010746], [0.7000000000000001, 0.0011050069999782863], [0.8, 0.001028461000032621], [0.9, 0.0010887560000014673], [1.0, 0.0007945449999624543]]}, "6": {"kl_train": [[0.1, 0.533269671471084], [0.2, 0.7138373307768768], [0.30000000000000004, 0.8626144092431569], [0.4, 1.0040900371301094], [0.5, 1.040565996847293], [0.6000000000000001, 1.0737773007096072], [0.7000000000000001, 1.0786290566907257], [0.8, 1.1017325882178997], [0.9, 1.1145195492063602], [1.0, 1.118029550979983]], "kl_target": [[0.1, 1.1115760137438213], [0.2, 0.6949298794460458], [0.30000000000000004, 0.7933378092933541], [0.4, 0.1651745230558725], [0.5, 0.1464441170341155], [0.6000000000000001, 0.08250787296384172], [0.7000000000000001, 0.15227971295252485], [0.8, 0.2713959215512643], [0.9, 0.18326504407170666], [1.0, 0.16944669910995305]], "time_train": [[0.1, 0.5260546849999628], [0.2, 0.5133620729999961], [0.30000000000000004, 0.4979223390000129], [0.4, 0.5093401729999982], [0.5, 0.497164999000006], [0.6000000000000001, 0.5065246290000118], [0.7000000000000001, 0.4916254249999952], [0.8, 0.500208898999972], [0.9, 0.500061364999965], [1.0, 0.5011877549999895]],