{"1": {"kl_train": [[0.1, 0.0004792335407308773], [0.2, 0.000792093385377679], [0.30000000000000004, 0.001157192438924395], [0.4, 0.0005431342887365845], [0.5, 0.0008551208614112214], [0.6000000000000001, 0.0012449722942992232], [0.7000000000000001, 0.0015127165738012126], [0.8, 0.0013239343878939424], [0.9, 0.000854660356229156], [1.0, 0.001146327598896115]], "kl_target": [[0.1, 0.0004241773133034014], [0.2, 0.0003784572989908596], [0.30000000000000004, -0.00019206704737620095], [0.4, -5.59341478599543e-05], [0.5, 0.00014249128621008703], [0.6000000000000001, -6.374203755629724e-05], [0.7000000000000001, -0.0003342485116762942], [0.8, 0.00028033175014821805], [0.9, -0.00035381862527321075], [1.0, -0.00030420833635011734]], "time_train": [[0.1, 111.57475395899746], [0.2, 112.86811691499679], [0.30000000000000004, 112.6625149499996], [0.4, 113.9075543100007], [0.5, 112.1735863089998], [0.6000000000000001, 114.5172957049981], [0.7000000000000001, 110.32698174400139], [0.8, 114.23042554800122], [0.9, 111.52658536500167], [1.0, 119.59759486800249]], "time_est": [[0.1, 0.0099359359992377], [0.2, 0.003393782000784995], [0.30000000000000004, 0.003580232001695549], [0.4, 0.003542521000781562], [0.5, 0.015330043999711052], [0.6000000000000001, 0.0034066980006173253], [0.7000000000000001, 0.008088427002803655], [0.8, 0.0036718390001624357], [0.9, 0.012593842002388556], [1.0, 0.009865145999356173]]}, "2": {"kl_train": [[0.1, 0.008373443947303655], [0.2, 0.011917243280338727], [0.30000000000000004, 0.009567386545290022], [0.4, 0.010086694261078768], [0.5, 0.008668610744345755], [0.6000000000000001, 0.010133380884117762], [0.7000000000000001, 0.010268859653271433], [0.8, 0.009862135709738835], [0.9, 0.008898527449311163], [1.0, 0.010750223762661038]], "kl_target": [[0.1, -9.712688963097233e-05], [0.2, -0.000824732838844585], [0.30000000000000004, 0.0009817996512404656], [0.4, -0.000264783719353127], [0.5, -1.2971398353822483e-05], [0.6000000000000001, -0.001594498116398906], [0.7000000000000001, -0.0021933982525547562], [0.8, 0.0008347142306901523], [0.9, 0.001971654154087143], [1.0, 0.001745940018482462]], "time_train": [[0.1, 118.5038170379994], [0.2, 119.40738893299567], [0.30000000000000004, 118.34904200700112], [0.4, 120.49249285500264], [0.5, 119.56082807000348], [0.6000000000000001, 120.15302251400135], [0.7000000000000001, 120.51867776900326], [0.8, 118.0570893999975], [0.9, 120.46543454300263], [1.0, 118.79687127799843]], "time_est": [[0.1, 0.00475870900118025], [0.2, 0.006968092005990911], [0.30000000000000004, 0.004239244000928011], [0.4, 0.0027659440020215698], [0.5, 0.003982889997132588], [0.6000000000000001, 0.010494231995835435], [0.7000000000000001, 0.0037427389979711734], [0.8, 0.008464815000479575], [0.9, 0.0027702310035238042], [1.0, 0.007414481995510869]]}, "3": {"kl_train": [[0.1, 0.0416348917237501], [0.2, 0.04760846927342291], [0.30000000000000004, 0.04692461818167722], [0.4, 0.04751588863151517], [0.5, 0.04443695445043189], [0.6000000000000001, 0.04135224443053846], [0.7000000000000001, 0.04487690212392151], [0.8, 0.04379142856002497], [0.9, 0.0421339322409817], [1.0, 0.04223946262193731]], "kl_target": [[0.1, 0.0030937251115492506], [0.2, 0.004283431921137919], [0.30000000000000004, 0.010090410634663365], [0.4, 0.008084012943542091], [0.5, 0.013863045147264406], [0.6000000000000001, 0.01228026785940244], [0.7000000000000001, 0.014922067754098572], [0.8, 0.01526523888863198], [0.9, 0.016883221602327705], [1.0, 0.014688521737571531]], "time_train": [[0.1, 46.25348603600287], [0.2, 46.17540324499714], [0.30000000000000004, 46.19176266300201], [0.4, 46.20359614100016], [0.5, 46.27599128900329], [0.6000000000000001, 46.24016490199574], [0.7000000000000001, 46.28184538599453], [0.8, 46.28783613000269], [0.9, 46.28774579099991], [1.0, 46.27200030200038]], "time_est": [[0.1, 0.0027858389948960394], [0.2, 0.0027376709986128844], [0.30000000000000004, 0.0027330169978085905], [0.4, 0.002811767000821419], [0.5, 0.0027581050017033704], [0.6000000000000001, 0.0027576520005823113], [0.7000000000000001, 0.0027592080004978925], [0.8, 0.0027215509981033392], [0.9, 0.0027536409979802556], [1.0, 0.002741981006693095]]}, "4": {"kl_train": [[0.1, 0.10912368125145457], [0.2, 0.1106272771359091], [0.30000000000000004, 0.11612798290285416], [0.4, 0.11846762915063302], [0.5, 0.1187604082943024], [0.6000000000000001, 0.11830675156424665], [0.7000000000000001, 0.1198482763814623], [0.8, 0.1179690413750547], [0.9, 0.11926078824641152], [1.0, 0.12039664727379663]], "kl_target": [[0.1, 0.08118290648599762], [0.2, 0.08655310802898064], [0.30000000000000004, 0.07218416354358047], [0.4, 0.08484023095988846], [0.5, 0.07935288331486295], [0.6000000000000001, 0.07612127153492167], [0.7000000000000001, 0.08104186621046836], [0.8, 0.08874088495510939], [0.9, 0.08040659779095503], [1.0, 0.08393905341806146]], "time_train": [[0.1, 45.974747921995004], [0.2, 45.99854134299676], [0.30000000000000004, 45.99538126800326], [0.4, 45.96240209399548], [0.5, 45.926008809998166], [0.6000000000000001, 46.05158393700549], [0.7000000000000001, 46.0407068249915], [0.8, 46.00934149499517], [0.9, 46.04901839399827], [1.0, 45.99784714000998]], "time_est": [[0.1, 0.00234066900156904], [0.2, 0.0020364550000522286], [0.30000000000000004, 0.0023241330054588616], [0.4, 0.002338477992452681], [0.5, 0.0023207449994515628], [0.6000000000000001, 0.002333324999199249], [0.7000000000000001, 0.0020419229986146092], [0.8, 0.002041387007921003], [0.9, 0.002320418003364466], [1.0, 0.002363168998272158]]}, "5": {"kl_train": [[0.1, 0.22006699015669143], [0.2, 0.2386231785971609], [0.30000000000000004, 0.24246940143288365], [0.4, 0.2542991821978037], [0.5, 0.25385230079636784], [0.6000000000000001, 0.2607578533765714], [0.7000000000000001, 0.2612813670312147], [0.8, 0.2605498040655621], [0.9, 0.25688199117983057], [1.0, 0.2525673674976528]], "kl_target": [[0.1, 0.22922989100644273], [0.2, 0.2632052723447745], [0.30000000000000004, 0.2535310004251809], [0.4, 0.23042223035572315], [0.5, 0.20328543605826624], [0.6000000000000001, 0.22926788147721663], [0.7000000000000001, 0.22034575936507445], [0.8, 0.22174974617480184], [0.9, 0.2516328816592678], [1.0, 0.2445684377572713]], "time_train": [[0.1, 46.14602162099618], [0.2, 46.17902522700024], [0.30000000000000004, 46.16278361598961], [0.4, 46.1910127059964], [0.5, 46.21764779400837], [0.6000000000000001, 46.151368681996246], [0.7000000000000001, 46.100567430010415], [0.8, 46.122888736994355], [0.9, 46.1398274259991], [1.0, 46.153202461995534]], "time_est": [[0.1, 0.002454204994137399], [0.2, 0.0024058179988060147], [0.30000000000000004, 0.0021572130062850192], [0.4, 0.002414340997347608], [0.5, 0.0024446289899060503], [0.6000000000000001, 0.0025483450008323416], [0.7000000000000001, 0.002371883994783275], [0.8, 0.0022724040027242154], [0.9, 0.002439085001242347], [1.0, 0.0024560650053899735]]}, "6": {"kl_train": [[0.1, 0.42275267298901836], [0.2, 0.4957819469541796], [0.30000000000000004, 0.5263050926917211], [0.4, 0.5444286175898743], [0.5, 0.5465346824958237], [0.6000000000000001, 0.5539028151642703], [0.7000000000000001, 0.5508419249080876], [0.8, 0.5490564144309938], [0.9, 0.5460887998745119], [1.0, 0.5460981087448418]], "kl_target": [[0.1, 0.2546744352469298], [0.2, 0.2656253555676183], [0.30000000000000004, 0.2417738912306152], [0.4, 0.19160645637071283], [0.5, 0.1851174083725234], [0.6000000000000001, 0.15965192819402713], [0.7000000000000001, 0.15217651432160592], [0.8, 0.16735638112788268], [0.9, 0.15649796486389275], [1.0, 0.1765717682805724]], "time_train": [[0.1, 46.201447088009445], [0.2, 46.18095188400184], [0.30000000000000004, 46.15342480200343], [0.4, 46.18701438300195], [0.5, 46.17157744000724], [0.6000000000000001, 46.11914641399926], [0.7000000000000001, 46.16051191599399], [0.8, 46.09590347499761], [0.9, 46.12905705999583], [1.0, 46.054935399995884]],