{"1": {"kl_train": [[0.1, 0.006514176582186941], [0.2, 0.008493970993720347], [0.30000000000000004, 0.00883094209643478], [0.4, 0.007049018608979316], [0.5, 0.004971083607199517], [0.6000000000000001, 0.006092109974531902], [0.7000000000000001, 0.004273323931005095], [0.8, 0.006639222299075355], [0.9, 0.006309629966301723], [1.0, 0.00502005060589766]], "kl_target": [[0.1, 0.0005374419554805645], [0.2, -0.0018923859867243803], [0.30000000000000004, 0.00341481191602023], [0.4, 0.003196008585151546], [0.5, 0.0034338673170317088], [0.6000000000000001, 0.003654955658802755], [0.7000000000000001, 0.006913135188315435], [0.8, -0.001581140989222765], [0.9, 0.0007920355119337069], [1.0, 0.00495198602392419]], "time_train": [[0.1, 2.405850978], [0.2, 2.389869002000001], [0.30000000000000004, 2.342466602000002], [0.4, 2.558021199999999], [0.5, 2.444547172], [0.6000000000000001, 2.771466277000002], [0.7000000000000001, 2.772271083999996], [0.8, 2.5392544709999996], [0.9, 2.449499177], [1.0, 2.4932534289999992]], "time_est": [[0.1, 0.0010686580000012214], [0.2, 0.0008364519999979336], [0.30000000000000004, 0.0011832639999980188], [0.4, 0.0008398740000004068], [0.5, 0.0011340860000004227], [0.6000000000000001, 0.001951294999997799], [0.7000000000000001, 0.0010511250000035943], [0.8, 0.0008834919999998192], [0.9, 0.0008616830000036657], [1.0, 0.0008616829999965603]]}, "2": {"kl_train": [[0.1, 0.03321014055413114], [0.2, 0.02898936138333201], [0.30000000000000004, 0.0300429441545967], [0.4, 0.027337438531295406], [0.5, 0.02600910294132004], [0.6000000000000001, 0.023839787626975445], [0.7000000000000001, 0.032752193725625024], [0.8, 0.02740643943118308], [0.9, 0.02551309003352013], [1.0, 0.027637920180201205]], "kl_target": [[0.1, 0.008743708715297536], [0.2, 0.00981940743011576], [0.30000000000000004, 0.013608345493806205], [0.4, 0.014798010850396047], [0.5, 0.02910198851331792], [0.6000000000000001, 0.02915301028641377], [0.7000000000000001, 0.024341563116064724], [0.8, 0.033389802471397334], [0.9, 0.020263483150794345], [1.0, 0.03452157491505226]], "time_train": [[0.1, 2.381110626000009], [0.2, 2.3815087529999914], [0.30000000000000004, 2.295928879999991], [0.4, 2.298326196000005], [0.5, 2.2721485670000163], [0.6000000000000001, 2.2698842439999964], [0.7000000000000001, 2.2612755379999783], [0.8, 2.291888591000003], [0.9, 2.2842625899999973], [1.0, 2.4993455059999974]], "time_est": [[0.1, 0.0010263220000013007], [0.2, 0.0008967489999918143], [0.30000000000000004, 0.000872802000003503], [0.4, 0.000932670000025837], [0.5, 0.0012401389999752155], [0.6000000000000001, 0.0012320149999993646], [0.7000000000000001, 0.0009741510000083053], [0.8, 0.0009061570000028496], [0.9, 0.0012405669999964175], [1.0, 0.0010229009999989103]]}, "3": {"kl_train": [[0.1, 0.10244648114275456], [0.2, 0.11442348018599031], [0.30000000000000004, 0.11669272908684232], [0.4, 0.11730513095226956], [0.5, 0.1050356490873288], [0.6000000000000001, 0.10660601794755271], [0.7000000000000001, 0.10643413003481113], [0.8, 0.10079849864063488], [0.9, 0.08633441113018901], [1.0, 0.09618009411223623]], "kl_target": [[0.1, 0.09312244415585895], [0.2, 0.05201068566454654], [0.30000000000000004, 0.04109244616371511], [0.4, 0.053341256303312636], [0.5, 0.06618690974459628], [0.6000000000000001, 0.06286637172371215], [0.7000000000000001, 0.07796116584465433], [0.8, 0.0823688242422593], [0.9, 0.09574310469527281], [1.0, 0.08131369537532786]], "time_train": [[0.1, 2.645190162999995], [0.2, 2.364930657000002], [0.30000000000000004, 2.3453710949999618], [0.4, 2.3443896740000127], [0.5, 2.3723975780000046], [0.6000000000000001, 2.452529819999995], [0.7000000000000001, 2.311647004000008], [0.8, 2.3194868219999876], [0.9, 2.377698104999979], [1.0, 2.3925335909999603]], "time_est": [[0.1, 0.0009673090000319462], [0.2, 0.0009647429999972701], [0.30000000000000004, 0.0012764879999735967], [0.4, 0.001220895000017208], [0.5, 0.0009416500000156702], [0.6000000000000001, 0.0009437889999617255], [0.7000000000000001, 0.0009249729999964984], [0.8, 0.0009301040000195826], [0.9, 0.0010789209999870764], [1.0, 0.0010810590000005504]]}, "4": {"kl_train": [[0.1, 0.21432283090086743], [0.2, 0.23737187666715873], [0.30000000000000004, 0.22385818753388825], [0.4, 0.22464121615875174], [0.5, 0.23339425652502235], [0.6000000000000001, 0.25397324458664217], [0.7000000000000001, 0.24286072651081772], [0.8, 0.23569153295587056], [0.9, 0.23683165651047358], [1.0, 0.24165262506429855]], "kl_target": [[0.1, 0.21458700468049446], [0.2, 0.25747375765980474], [0.30000000000000004, 0.2171113574203407], [0.4, 0.1970179000313183], [0.5, 0.1540077901463839], [0.6000000000000001, 0.14101227307775627], [0.7000000000000001, 0.1597301485148911], [0.8, 0.14720916564461511], [0.9, 0.15971848151627438], [1.0, 0.2117240658983256]], "time_train": [[0.1, 2.737497150999957], [0.2, 2.585498837999978], [0.30000000000000004, 2.4285100320000197], [0.4, 2.399087085999952], [0.5, 2.717630974999963], [0.6000000000000001, 2.3866134229999716], [0.7000000000000001, 2.432850092000024], [0.8, 2.4971769730000233], [0.9, 2.4700670999999943], [1.0, 2.4013946009999927]], "time_est": [[0.1, 0.001508693999994648], [0.2, 0.0014201730000422685], [0.30000000000000004, 0.0011357959999713785], [0.4, 0.0012760609999986627], [0.5, 0.0011109939999869312], [0.6000000000000001, 0.0014911609999899156], [0.7000000000000001, 0.0015313580000224647], [0.8, 0.001244844000041212], [0.9, 0.0011024410000004536], [1.0, 0.0010755000000131076]]}, "5": {"kl_train": [[0.1, 0.37189861993794315], [0.2, 0.42084222728671056], [0.30000000000000004, 0.45325880917708844], [0.4, 0.47187282584084167], [0.5, 0.4766302568136326], [0.6000000000000001, 0.4750549007601825], [0.7000000000000001, 0.4754856077330894], [0.8, 0.4669708140211081], [0.9, 0.4556456318485121], [1.0, 0.47557867847948226]], "kl_target": [[0.1, 0.16575628571684858], [0.2, 0.3038461291281832], [0.30000000000000004, 0.4178403658174807], [0.4, 0.5314824635651119], [0.5, 0.49066148746130706], [0.6000000000000001, 0.5216202204610242], [0.7000000000000001, 0.5285581301994039], [0.8, 0.557536046342697], [0.9, 0.5013941272791265], [1.0, 0.42464578249995544]], "time_train": [[0.1, 2.4815054609999834], [0.2, 2.4335197679999965], [0.30000000000000004, 2.43798769], [0.4, 2.4151208040000256], [0.5, 2.4267866669999876], [0.6000000000000001, 2.451835769000013], [0.7000000000000001, 2.4227463790000456], [0.8, 2.4160722910000914], [0.9, 2.428832040999964], [1.0, 2.4216392330000645]], "time_est": [[0.1, 0.0015035620000389827], [0.2, 0.0015108320000081221], [0.30000000000000004, 0.0011216849999300393], [0.4, 0.0015112589999262127], [0.5, 0.0012157639999941239], [0.6000000000000001, 0.0014860290000342502], [0.7000000000000001, 0.0015488919999597783], [0.8, 0.0015065549999917494], [0.9, 0.0015091209999127386], [1.0, 0.0011062900000524678]]}, "6": {"kl_train": [[0.1, 0.4182863535980247], [0.2, 0.5038319290997385], [0.30000000000000004, 0.5984482825197135], [0.4, 0.6999669655826842], [0.5, 0.7591115998296168], [0.6000000000000001, 0.7896294334007299], [0.7000000000000001, 0.8073288731624848], [0.8, 0.8384991950262816], [0.9, 0.856894842369412], [1.0, 0.8667878367246317]], "kl_target": [[0.1, 0.4910010842362658], [0.2, 3.540107216763951], [0.30000000000000004, 1.0397789090653882], [0.4, 0.6435658434019336], [0.5, 0.3622909888567691], [0.6000000000000001, 0.587269687725507], [0.7000000000000001, 0.4478065089260054], [0.8, 0.4657023762563848], [0.9, 0.5396963244319648], [1.0, 0.5706962944718836]], "time_train": [[0.1, 2.8502818320000642], [0.2, 2.489945250000005], [0.30000000000000004, 2.479834694000033], [0.4, 2.4542741399999386], [0.5, 2.482347044999983], [0.6000000000000001, 2.462007050000011], [0.7000000000000001, 2.466790139000068], [0.8, 2.458500449999974], [0.9, 2.46789856700002], [1.0, 2.4844796569999517]],