{"1": {"kl_train": [[0.1, 0.010348101605528437], [0.2, 0.01305896179151945], [0.30000000000000004, 0.007948182702185098], [0.4, 0.008410168186537574], [0.5, 0.0046206683881298985], [0.6000000000000001, 0.004476172493385745], [0.7000000000000001, 0.00430982233257844], [0.8, 0.00334462270326211], [0.9, 0.00563073396799432], [1.0, 0.0029876381047546107]], "kl_target": [[0.1, 0.00887431683627547], [0.2, 0.010733536362296835], [0.30000000000000004, 0.013053798818505448], [0.4, 0.013690098958160635], [0.5, 0.009408781972818553], [0.6000000000000001, 0.009354037520515859], [0.7000000000000001, 0.011197540916114126], [0.8, 0.007965929395810357], [0.9, 0.007699533133711783], [1.0, 0.008668574874404563]], "time_train": [[0.1, 2.6032764480000004], [0.2, 2.4081076029999995], [0.30000000000000004, 2.2881737330000007], [0.4, 2.3062032190000004], [0.5, 2.281671125999999], [0.6000000000000001, 2.3012567739999987], [0.7000000000000001, 2.3884385660000014], [0.8, 2.2926108650000003], [0.9, 2.289335186999999], [1.0, 2.2500013900000013]], "time_est": [[0.1, 0.0013376400000000288], [0.2, 0.0010571119999998047], [0.30000000000000004, 0.0010258949999997213], [0.4, 0.001127671000000774], [0.5, 0.0010836249999996994], [0.6000000000000001, 0.0010596770000006472], [0.7000000000000001, 0.0007902679999993723], [0.8, 0.001062243999999879], [0.9, 0.0007971110000006831], [1.0, 0.000774017999997767]]}, "2": {"kl_train": [[0.1, 0.0318322666079763], [0.2, 0.029367351242857966], [0.30000000000000004, 0.027794055237311634], [0.4, 0.02972162334304525], [0.5, 0.032770836032045156], [0.6000000000000001, 0.01864633447602278], [0.7000000000000001, 0.023762564980738195], [0.8, 0.04041518625481826], [0.9, 0.033739587167370765], [1.0, 0.024924168767004453]], "kl_target": [[0.1, 0.0010018506419446152], [0.2, 0.005910529168167008], [0.30000000000000004, 0.011713412494160478], [0.4, 0.014621113692785709], [0.5, 0.0053377110160500625], [0.6000000000000001, 0.021417231267541716], [0.7000000000000001, 0.01583584909452242], [0.8, 0.0161559002491409], [0.9, 0.0237569024456038], [1.0, 0.023200416714828736]], "time_train": [[0.1, 2.4231924010000228], [0.2, 2.384651864999995], [0.30000000000000004, 2.325546399000018], [0.4, 2.3265710109999986], [0.5, 2.3222134170000004], [0.6000000000000001, 2.3291154339999878], [0.7000000000000001, 2.321158871999984], [0.8, 2.3389916470000003], [0.9, 2.3432205219999958], [1.0, 2.3411062979999997]], "time_est": [[0.1, 0.0009313869999800772], [0.2, 0.000983558999990919], [0.30000000000000004, 0.001217902000007598], [0.4, 0.0008877680000125565], [0.5, 0.0012294489999931102], [0.6000000000000001, 0.001010927999999467], [0.7000000000000001, 0.0012371450000046025], [0.8, 0.0012123429999917334], [0.9, 0.0009519140000122661], [1.0, 0.0013889559999995527]]}, "3": {"kl_train": [[0.1, 0.08835865404068284], [0.2, 0.10636643269233184], [0.30000000000000004, 0.1142592477547772], [0.4, 0.11494991124361317], [0.5, 0.11373174721046027], [0.6000000000000001, 0.10120833945079039], [0.7000000000000001, 0.10219098323324924], [0.8, 0.09012508245379143], [0.9, 0.12063580523733998], [1.0, 0.1100194875407964]], "kl_target": [[0.1, 0.09705223878452889], [0.2, 0.05332533153386454], [0.30000000000000004, 0.07789336172204397], [0.4, 0.054900249179323804], [0.5, 0.03966965069213258], [0.6000000000000001, 0.0685080495111849], [0.7000000000000001, 0.07139003043087443], [0.8, 0.08885625894031093], [0.9, 0.05724813923835168], [1.0, 0.07532636174959757]], "time_train": [[0.1, 2.695863965000001], [0.2, 2.383530609000047], [0.30000000000000004, 2.3131672430000094], [0.4, 2.3225893090000227], [0.5, 2.328600561999963], [0.6000000000000001, 2.3414612340000076], [0.7000000000000001, 2.3967081570000346], [0.8, 2.3315572259999726], [0.9, 2.3692976579999936], [1.0, 2.5017620670000156]], "time_est": [[0.1, 0.0008796429999620159], [0.2, 0.0011169800000061514], [0.30000000000000004, 0.0009023089999686817], [0.4, 0.0009082950000447454], [0.5, 0.0012072110000076464], [0.6000000000000001, 0.0012431329999458285], [0.7000000000000001, 0.0012764879999735967], [0.8, 0.0009805650000203059], [0.9, 0.0013431990000185579], [1.0, 0.0013034290000177862]]}, "4": {"kl_train": [[0.1, 0.2135609266059238], [0.2, 0.22211287565078316], [0.30000000000000004, 0.2583325946526046], [0.4, 0.25733539131027056], [0.5, 0.2585453242710995], [0.6000000000000001, 0.26849076675971834], [0.7000000000000001, 0.2728863272781739], [0.8, 0.23556549700189983], [0.9, 0.2586536546918519], [1.0, 0.25028754550766963]], "kl_target": [[0.1, 0.22910831566677944], [0.2, 0.1621718646933937], [0.30000000000000004, 0.12903709485187245], [0.4, 0.11429884667047165], [0.5, 0.11051086715340372], [0.6000000000000001, 0.1468416480825376], [0.7000000000000001, 0.1318699471017595], [0.8, 0.19588826034573095], [0.9, 0.2155885260585202], [1.0, 0.22345700322353143]], "time_train": [[0.1, 2.476443982000035], [0.2, 2.393791692000036], [0.30000000000000004, 2.3754731239999956], [0.4, 2.374205188000019], [0.5, 2.382495734000031], [0.6000000000000001, 2.5414371159999973], [0.7000000000000001, 2.4591132489999836], [0.8, 2.6002244219999966], [0.9, 2.4105254469999977], [1.0, 2.4187719459999926]], "time_est": [[0.1, 0.001045138000051793], [0.2, 0.0014672130000121797], [0.30000000000000004, 0.0014317190000383562], [0.4, 0.0014783309999870653], [0.5, 0.0014347129999805475], [0.6000000000000001, 0.0014749110000025212], [0.7000000000000001, 0.0014980020000052718], [0.8, 0.001544615000000249], [0.9, 0.0010861910000130592], [1.0, 0.001208066999993207]]}, "5": {"kl_train": [[0.1, 0.3338575492715432], [0.2, 0.40481251106631133], [0.30000000000000004, 0.39870384633270084], [0.4, 0.4348770445166267], [0.5, 0.43591369146096615], [0.6000000000000001, 0.44530631441266794], [0.7000000000000001, 0.4299743384365498], [0.8, 0.4317981727161134], [0.9, 0.4410757415133226], [1.0, 0.43687476532671476]], "kl_target": [[0.1, 0.35602495929676514], [0.2, 0.5318684693963861], [0.30000000000000004, 0.7977690367875673], [0.4, 0.6069294690977468], [0.5, 0.7599528834489528], [0.6000000000000001, 0.8351074029108272], [0.7000000000000001, 0.8926578796744838], [0.8, 0.7521432021233524], [0.9, 0.878824470611067], [1.0, 0.7082496393674901]], "time_train": [[0.1, 2.4533555809999825], [0.2, 2.4484681499999397], [0.30000000000000004, 2.449245162000011], [0.4, 2.4579458069999873], [0.5, 2.4572436330000755], [0.6000000000000001, 2.4615092840000443], [0.7000000000000001, 2.451276423999957], [0.8, 2.4566440889999512], [0.9, 2.4468722189999426], [1.0, 2.4535847930000045]], "time_est": [[0.1, 0.001107999999931053], [0.2, 0.0012863240000342557], [0.30000000000000004, 0.0015133970000533736], [0.4, 0.001520667000022513], [0.5, 0.0011024409999436102], [0.6000000000000001, 0.0014928709999821876], [0.7000000000000001, 0.0014817520000178774], [0.8, 0.001516819000016767], [0.9, 0.0014907330000824004], [1.0, 0.0014719170000034865]]}, "6": {"kl_train": [[0.1, 0.48966834778986196], [0.2, 0.5755604429721045], [0.30000000000000004, 0.6514153697708246], [0.4, 0.7090548118050342], [0.5, 0.7736144798600455], [0.6000000000000001, 0.8098313650679096], [0.7000000000000001, 0.8164153897315368], [0.8, 0.8343357432836218], [0.9, 0.8519496365713608], [1.0, 0.8462132639564667]], "kl_target": [[0.1, 0.5516764874515085], [0.2, 1.2169901644680954], [0.30000000000000004, 0.9193276944930147], [0.4, 1.34096772424675], [0.5, 1.0895974289912296], [0.6000000000000001, 0.4896575815581445], [0.7000000000000001, 4.443972771727125], [0.8, 4.01848959914855], [0.9, 2.195104186489345], [1.0, 0.4286660909073402]], "time_train": [[0.1, 3.048568985999964], [0.2, 2.487757045999956], [0.30000000000000004, 2.6416656009999997], [0.4, 2.5875164159999713], [0.5, 2.48631078599999], [0.6000000000000001, 3.1594404319999967], [0.7000000000000001, 2.9735388490000787], [0.8, 2.7682098419999193], [0.9, 2.4802760119999903], [1.0, 2.4346653999999717]],