{"1": {"kl_train": [[0.1, 0.00566358422325259], [0.2, 0.007582364533530952], [0.30000000000000004, 0.00828600862253036], [0.4, 0.006118328741686126], [0.5, 0.005835987077734792], [0.6000000000000001, 0.00804222842565752], [0.7000000000000001, 0.004504862173031394], [0.8, 0.006443299649872532], [0.9, 0.011300993423437274], [1.0, 0.003438223116607411]], "kl_target": [[0.1, -0.0010474224546453393], [0.2, 0.00478995858403953], [0.30000000000000004, 0.0029000962005018022], [0.4, 0.003609407441727965], [0.5, 0.0030881876827343092], [0.6000000000000001, -0.0009675245892972153], [0.7000000000000001, -0.00047272201524963865], [0.8, 0.003138003912761662], [0.9, 0.0038201449998727477], [1.0, 0.0030534979922515683]], "time_train": [[0.1, 2.345598168000002], [0.2, 2.3640997640000023], [0.30000000000000004, 2.2992742619999973], [0.4, 2.2975329349999996], [0.5, 2.4413942249999963], [0.6000000000000001, 2.3235365179999974], [0.7000000000000001, 2.289356140999999], [0.8, 2.310122059000008], [0.9, 2.346470970000013], [1.0, 2.3502183290000005]], "time_est": [[0.1, 0.0008210579999996526], [0.2, 0.0011191189999948392], [0.30000000000000004, 0.0010361570000014808], [0.4, 0.0011558950000036816], [0.5, 0.0010519799999997304], [0.6000000000000001, 0.0008065180000045302], [0.7000000000000001, 0.0008270449999940865], [0.8, 0.0010365849999942611], [0.9, 0.0008197749999965254], [1.0, 0.001078493000008507]]}, "2": {"kl_train": [[0.1, 0.03342187666245715], [0.2, 0.03304582562096121], [0.30000000000000004, 0.037265505161364725], [0.4, 0.030652338336090403], [0.5, 0.029373972122001095], [0.6000000000000001, 0.03732137126090389], [0.7000000000000001, 0.038706118651358534], [0.8, 0.034583971713300896], [0.9, 0.02619182822849651], [1.0, 0.031205833360777865]], "kl_target": [[0.1, 0.03921606698670044], [0.2, 0.026733722681123995], [0.30000000000000004, 0.020823513593807214], [0.4, 0.0300363089404322], [0.5, 0.01913456015875828], [0.6000000000000001, 0.015243834294131313], [0.7000000000000001, 0.01597622701869349], [0.8, 0.018408436729128976], [0.9, 0.024198945286208893], [1.0, 0.02027782017096625]], "time_train": [[0.1, 2.294960287000009], [0.2, 2.3023882939999964], [0.30000000000000004, 2.353977232999995], [0.4, 2.2862891480000087], [0.5, 2.300845817999999], [0.6000000000000001, 2.3148906090000025], [0.7000000000000001, 2.3403840240000022], [0.8, 2.4653618410000036], [0.9, 2.4967052920000015], [1.0, 2.8543165609999903]], "time_est": [[0.1, 0.0012516849999997248], [0.2, 0.0012153360000013436], [0.30000000000000004, 0.0009138549999931911], [0.4, 0.0008783609999909459], [0.5, 0.000910004999980174], [0.6000000000000001, 0.0012405669999964175], [0.7000000000000001, 0.0012140540000018518], [0.8, 0.0009946769999942262], [0.9, 0.0008804989999759982], [1.0, 0.0013132650000216017]]}, "3": {"kl_train": [[0.1, 0.09452833109802819], [0.2, 0.10793308557417758], [0.30000000000000004, 0.09512298315101972], [0.4, 0.09723353514164373], [0.5, 0.10237257050311553], [0.6000000000000001, 0.10197385356429126], [0.7000000000000001, 0.09359954306396423], [0.8, 0.10285650330494076], [0.9, 0.10436566258920965], [1.0, 0.10076455198451031]], "kl_target": [[0.1, 0.09498627905316182], [0.2, 0.0984470789844965], [0.30000000000000004, 0.09128254776445957], [0.4, 0.0621857533635758], [0.5, 0.06986029221390516], [0.6000000000000001, 0.07046721835534336], [0.7000000000000001, 0.06669533633810187], [0.8, 0.09047963962631515], [0.9, 0.07481164338956532], [1.0, 0.0663676691775685]], "time_train": [[0.1, 2.401596444000006], [0.2, 2.3564134659999922], [0.30000000000000004, 2.3115443709999965], [0.4, 2.312514673999999], [0.5, 2.313029972999999], [0.6000000000000001, 2.340341687999967], [0.7000000000000001, 2.305371043999969], [0.8, 2.346949919999986], [0.9, 2.7004888280000046], [1.0, 2.627418966999983]], "time_est": [[0.1, 0.001243987999998808], [0.2, 0.0008967489999918143], [0.30000000000000004, 0.0012238890000162428], [0.4, 0.0013376400000026933], [0.5, 0.0009078679999845463], [0.6000000000000001, 0.0009664539999789667], [0.7000000000000001, 0.001028033000011419], [0.8, 0.0012598110000112683], [0.9, 0.0021445849999963684], [1.0, 0.0010297430000036911]]}, "4": {"kl_train": [[0.1, 0.24998988858948376], [0.2, 0.2563689072485058], [0.30000000000000004, 0.27170971161307006], [0.4, 0.2587543706834596], [0.5, 0.2739655462033252], [0.6000000000000001, 0.2629442300859566], [0.7000000000000001, 0.2593407808211416], [0.8, 0.2733364927828514], [0.9, 0.26675689006488323], [1.0, 0.2504462788134536]], "kl_target": [[0.1, 0.10356797647289043], [0.2, 0.09677130403033461], [0.30000000000000004, 0.06634635575641931], [0.4, 0.13418701601475294], [0.5, 0.14085161310695452], [0.6000000000000001, 0.09938480074570026], [0.7000000000000001, 0.11743855532262854], [0.8, 0.128324173324845], [0.9, 0.13613605943908333], [1.0, 0.13395341112516632]], "time_train": [[0.1, 2.491817432000005], [0.2, 2.3976707620000184], [0.30000000000000004, 2.434387008999977], [0.4, 2.6073274270000297], [0.5, 2.4236482590000037], [0.6000000000000001, 2.432688446000043], [0.7000000000000001, 2.3630037380000317], [0.8, 2.354395887999999], [0.9, 2.348815261000027], [1.0, 2.3572379450000085]], "time_est": [[0.1, 0.001183264000019335], [0.2, 0.0010297430000036911], [0.30000000000000004, 0.0018572149999727117], [0.4, 0.001519384000005175], [0.5, 0.001063525999995818], [0.6000000000000001, 0.0011054340000100638], [0.7000000000000001, 0.0011276719999955276], [0.8, 0.0011246779999964929], [0.9, 0.0015121150000254602], [1.0, 0.0010425730000065414]]}, "5": {"kl_train": [[0.1, 0.30930689657976335], [0.2, 0.37837187016211493], [0.30000000000000004, 0.41058074039556297], [0.4, 0.4453175390567577], [0.5, 0.4337753983778296], [0.6000000000000001, 0.44429232037243493], [0.7000000000000001, 0.4363027757183502], [0.8, 0.4332442454174291], [0.9, 0.4305593342577475], [1.0, 0.43421810828543767]], "kl_target": [[0.1, 0.2631873612797501], [0.2, 0.4212860142122614], [0.30000000000000004, 0.47176198733808805], [0.4, 0.5169364047765111], [0.5, 0.6263080793813947], [0.6000000000000001, 0.6559222479733964], [0.7000000000000001, 0.7050613450622567], [0.8, 0.6089240500031763], [0.9, 0.6574991815385078], [1.0, 0.7089650694895769]], "time_train": [[0.1, 2.4965787130000194], [0.2, 2.5283292720000077], [0.30000000000000004, 2.59589975800003], [0.4, 2.7156715550000285], [0.5, 2.749519233000001], [0.6000000000000001, 2.7545640330000083], [0.7000000000000001, 2.7350207209999553], [0.8, 2.560132003000035], [0.9, 2.489952518999985], [1.0, 2.4672900429999913]], "time_est": [[0.1, 0.00114349399996172], [0.2, 0.0010951710000313142], [0.30000000000000004, 0.0016506679999679363], [0.4, 0.0014702070000112144], [0.5, 0.001546753000013723], [0.6000000000000001, 0.0013286600000128601], [0.7000000000000001, 0.0015257989999781785], [0.8, 0.0010977370000091469], [0.9, 0.0012401390000036372], [1.0, 0.001517674000012903]]}, "6": {"kl_train": [[0.1, 0.4527177416393153], [0.2, 0.625069962885533], [0.30000000000000004, 0.7227389001959732], [0.4, 0.7846828415281599], [0.5, 0.8286307410575477], [0.6000000000000001, 0.847280909491271], [0.7000000000000001, 0.8526547824363375], [0.8, 0.8731278865604781], [0.9, 0.8605719998404193], [1.0, 0.8764267454573761]], "kl_target": [[0.1, 2.7486557705432744], [0.2, 0.47048554713857305], [0.30000000000000004, 0.5067994278851575], [0.4, 0.39178623355574155], [0.5, 0.3010665193717887], [0.6000000000000001, 0.2874885369183717], [0.7000000000000001, 0.3603865601464349], [0.8, 0.37400563661118746], [0.9, 0.4395599078780532], [1.0, 0.3902315865131459]], "time_train": [[0.1, 2.4405778709999595], [0.2, 2.463376761999939], [0.30000000000000004, 2.430794027000047], [0.4, 2.507763058000023], [0.5, 2.4974540800000113], [0.6000000000000001, 2.8021909409999353], [0.7000000000000001, 2.6448715750000247], [0.8, 2.7446394979999695], [0.9, 2.6086116120000042], [1.0, 2.566987833999974]],