{"1": {"kl_train": [[0.1, 0.0010264936018827225], [0.2, 0.0008228367329906417], [0.30000000000000004, 0.0009666563273211973], [0.4, 0.0005730024059571884], [0.5, 0.0008182201027116672], [0.6000000000000001, 0.0012986803318582112], [0.7000000000000001, 0.0012307024979025512], [0.8, 0.0009094404398012304], [0.9, 0.0009230631009145561], [1.0, 0.0012601344065152657]], "kl_target": [[0.1, 0.000926643499776352], [0.2, 0.0005777017236616402], [0.30000000000000004, 0.0008083871335973846], [0.4, 0.0008200058696167966], [0.5, 0.0007617892424300573], [0.6000000000000001, 2.5598476261228532e-05], [0.7000000000000001, 4.744906427132989e-07], [0.8, 8.633770047437835e-05], [0.9, 0.00018035824804228984], [1.0, 0.00027894802628885613]], "time_train": [[0.1, 111.22007965900048], [0.2, 110.2615675249981], [0.30000000000000004, 109.06284302499989], [0.4, 51.42336002299999], [0.5, 82.52098205599759], [0.6000000000000001, 108.13082433399904], [0.7000000000000001, 111.75815622400114], [0.8, 110.59792137600016], [0.9, 110.78667614300139], [1.0, 110.82151760000124]], "time_est": [[0.1, 0.0035290149971842766], [0.2, 0.007755833001283463], [0.30000000000000004, 0.0018837110001186375], [0.4, 0.0017167459991469514], [0.5, 0.0036384490013006143], [0.6000000000000001, 0.0034551140015537385], [0.7000000000000001, 0.008891115001461003], [0.8, 0.0027208510000491515], [0.9, 0.0033886810015246738], [1.0, 0.0028489710020949133]]}, "2": {"kl_train": [[0.1, 0.009180946410157887], [0.2, 0.009795877563136483], [0.30000000000000004, 0.009312604668603194], [0.4, 0.008902888290890155], [0.5, 0.009467424807950568], [0.6000000000000001, 0.008521746525267158], [0.7000000000000001, 0.008339037056240535], [0.8, 0.007786282684970375], [0.9, 0.007713267568855704], [1.0, 0.007199795849287656]], "kl_target": [[0.1, -0.0034515715572763397], [0.2, -0.0027747725837053666], [0.30000000000000004, -0.0006126719849665277], [0.4, 0.004354660206734125], [0.5, 0.005063573311262478], [0.6000000000000001, 0.0037176386554506357], [0.7000000000000001, 0.005452294969953381], [0.8, 0.0033430694019255503], [0.9, 0.0037525607060920115], [1.0, 0.004912826285064078]], "time_train": [[0.1, 120.63930027699826], [0.2, 119.1806877659983], [0.30000000000000004, 115.1433684559961], [0.4, 113.8745560669995], [0.5, 114.43260984699737], [0.6000000000000001, 113.90373040800478], [0.7000000000000001, 113.10189677300514], [0.8, 116.39547000300081], [0.9, 116.3761306880042], [1.0, 121.01066925300256]], "time_est": [[0.1, 0.008277218999865], [0.2, 0.008745617000386119], [0.30000000000000004, 0.00469626700214576], [0.4, 0.015456351997272577], [0.5, 0.002749195999058429], [0.6000000000000001, 0.0027480439966893755], [0.7000000000000001, 0.00419301500369329], [0.8, 0.005877026997040957], [0.9, 0.009169400000246242], [1.0, 0.006335803998808842]]}, "3": {"kl_train": [[0.1, 0.04382815271490014], [0.2, 0.04475739492927218], [0.30000000000000004, 0.042735883555156236], [0.4, 0.042506959964505965], [0.5, 0.041975952817265655], [0.6000000000000001, 0.044074966931008805], [0.7000000000000001, 0.0437125325233549], [0.8, 0.045254692043709556], [0.9, 0.04452751613568461], [1.0, 0.04316862120661114]], "kl_target": [[0.1, 0.0007557186613696878], [0.2, 0.003512249610178774], [0.30000000000000004, 0.004014948856411752], [0.4, 0.003173927239825065], [0.5, 0.003560292553630629], [0.6000000000000001, 0.0022879623377778315], [0.7000000000000001, 0.003292079696729865], [0.8, 0.005819994778320625], [0.9, 0.00543943101292821], [1.0, 0.0035377327695686033]], "time_train": [[0.1, 97.14804950600228], [0.2, 63.98803091499576], [0.30000000000000004, 116.16671791499539], [0.4, 119.39994118599861], [0.5, 120.76158926500648], [0.6000000000000001, 118.76678604599874], [0.7000000000000001, 118.77382879100333], [0.8, 118.49585318800382], [0.9, 119.72870409399911], [1.0, 119.07790678199672]], "time_est": [[0.1, 0.002767122001387179], [0.2, 0.009918746000039391], [0.30000000000000004, 0.006966870998439845], [0.4, 0.004699880999396555], [0.5, 0.008865627998602577], [0.6000000000000001, 0.008057432001805864], [0.7000000000000001, 0.008717826000065543], [0.8, 0.008626163995359093], [0.9, 0.005972942999505904], [1.0, 0.006397899000148755]]}, "4": {"kl_train": [[0.1, 0.12687492326090866], [0.2, 0.13030266238323587], [0.30000000000000004, 0.1347983084193291], [0.4, 0.13504038953940334], [0.5, 0.13478976774582271], [0.6000000000000001, 0.13135979029663872], [0.7000000000000001, 0.1300713412155016], [0.8, 0.12804123827472705], [0.9, 0.13078982054949242], [1.0, 0.1295896931821032]], "kl_target": [[0.1, 0.016877216177093802], [0.2, 0.000764758342065187], [0.30000000000000004, -0.009097256699791894], [0.4, -0.006830532146532475], [0.5, -0.0006662718382944693], [0.6000000000000001, -5.9265765154998195e-05], [0.7000000000000001, 0.001713111887822313], [0.8, 0.004202198159696475], [0.9, 0.005605348412789508], [1.0, 0.004709591154105827]], "time_train": [[0.1, 46.07554764999077], [0.2, 46.099527616999694], [0.30000000000000004, 46.12265118499636], [0.4, 46.124448460002895], [0.5, 46.01687518399558], [0.6000000000000001, 46.01031162700383], [0.7000000000000001, 46.01059951199568], [0.8, 46.022838999007945], [0.9, 45.998291000010795], [1.0, 46.076132838003105]], "time_est": [[0.1, 0.002379544996074401], [0.2, 0.002370715999859385], [0.30000000000000004, 0.0023873379977885634], [0.4, 0.0020712979894597083], [0.5, 0.0020693070109700784], [0.6000000000000001, 0.002367616005358286], [0.7000000000000001, 0.0023786879901308566], [0.8, 0.0023758909956086427], [0.9, 0.0023626469919690862], [1.0, 0.0023838400084059685]]}, "5": {"kl_train": [[0.1, 0.24876349157579894], [0.2, 0.28132556577680967], [0.30000000000000004, 0.29228864751932027], [0.4, 0.3024835669874682], [0.5, 0.3007085852139328], [0.6000000000000001, 0.30110713973963577], [0.7000000000000001, 0.303740019605804], [0.8, 0.30172404894772775], [0.9, 0.3013192952525082], [1.0, 0.30430906671560715]], "kl_target": [[0.1, 0.13204062289980267], [0.2, 0.09211050372709115], [0.30000000000000004, 0.05607576367108768], [0.4, 0.03301053255504265], [0.5, 0.04026868929970846], [0.6000000000000001, 0.02821844331444966], [0.7000000000000001, 0.03629024657622208], [0.8, 0.034494965972826114], [0.9, 0.032426193119501116], [1.0, 0.02821915787237237]], "time_train": [[0.1, 46.146222801995464], [0.2, 46.15661870199256], [0.30000000000000004, 46.16107619198738], [0.4, 46.17002340800536], [0.5, 46.20401775400387], [0.6000000000000001, 46.11710120800126], [0.7000000000000001, 46.11399927899765], [0.8, 46.16819536600087], [0.9, 46.16102994799439], [1.0, 46.12446286100021]], "time_est": [[0.1, 0.002471552012139], [0.2, 0.002477522997651249], [0.30000000000000004, 0.002121980010997504], [0.4, 0.0021792920015286654], [0.5, 0.0024898539995774627], [0.6000000000000001, 0.0024526490014977753], [0.7000000000000001, 0.0024944320030044764], [0.8, 0.0021246929973131046], [0.9, 0.002485710007022135], [1.0, 0.002484465003362857]]}, "6": {"kl_train": [[0.1, 0.3895540385759342], [0.2, 0.44578711335625903], [0.30000000000000004, 0.464935485262047], [0.4, 0.477011040756122], [0.5, 0.47893490573977826], [0.6000000000000001, 0.4788753421300893], [0.7000000000000001, 0.47839036846534083], [0.8, 0.4767907207564998], [0.9, 0.47614550049264087], [1.0, 0.4704367390404169]], "kl_target": [[0.1, 0.25586839749119417], [0.2, 0.47117727139219023], [0.30000000000000004, 0.45158031699422646], [0.4, 0.45956739999464064], [0.5, 0.4746668410757489], [0.6000000000000001, 0.49252238433526857], [0.7000000000000001, 0.5414952380537933], [0.8, 0.5099159919266455], [0.9, 0.5390501500146804], [1.0, 0.571580575775584]], "time_train": [[0.1, 46.12144999099837], [0.2, 46.15907412201341], [0.30000000000000004, 46.212751922997995], [0.4, 46.17502159200376], [0.5, 46.15218693400675], [0.6000000000000001, 46.14028027799213], [0.7000000000000001, 46.09946820700134], [0.8, 46.19172544799221], [0.9, 46.12899892099085], [1.0, 46.08722030300123]],