{"1": {"kl_train": [[0.1, 0.008290334344322787], [0.2, 0.011691925016553638], [0.30000000000000004, 0.009241336936583326], [0.4, 0.013562992777750244], [0.5, 0.00626229389225735], [0.6000000000000001, 0.005426246984678509], [0.7000000000000001, 0.002725988983687373], [0.8, 0.0074764547566761805], [0.9, 0.00845658519399263], [1.0, 0.010404175227739103]], "kl_target": [[0.1, 0.011638830235197678], [0.2, 0.010855269447489636], [0.30000000000000004, 0.000449661443576162], [0.4, 0.004826296178350983], [0.5, 0.0004979896526758362], [0.6000000000000001, 0.0007740869525816028], [0.7000000000000001, 0.004598697702716561], [0.8, 0.0029648002640295756], [0.9, -0.0009574607714094627], [1.0, 0.019287629443657514]], "time_train": [[0.1, 0.46460364499999685], [0.2, 0.4766723389999967], [0.30000000000000004, 0.4645993689999983], [0.4, 0.4806189749999987], [0.5, 0.46581342199999654], [0.6000000000000001, 0.4606873709999988], [0.7000000000000001, 0.4593266380000003], [0.8, 0.457173927999996], [0.9, 0.4931670460000035], [1.0, 0.46507361500000144]], "time_est": [[0.1, 0.0009159929999995597], [0.2, 0.0007162869999959298], [0.30000000000000004, 0.0009318150000012793], [0.4, 0.0006991819999981885], [0.5, 0.0009352370000001997], [0.6000000000000001, 0.0008997429999979545], [0.7000000000000001, 0.0009117159999973978], [0.8, 0.0006987549999948328], [0.9, 0.0009339530000005425], [1.0, 0.0008646770000027004]]}, "2": {"kl_train": [[0.1, 0.034077225870886414], [0.2, 0.03632041857840051], [0.30000000000000004, 0.052576204904706596], [0.4, 0.03845929126624733], [0.5, 0.0404588250591386], [0.6000000000000001, 0.037195856142519405], [0.7000000000000001, 0.04284911338205126], [0.8, 0.034339912139701424], [0.9, 0.04444318982219979], [1.0, 0.04585182253307367]], "kl_target": [[0.1, 0.022113472312112074], [0.2, 0.029634434039882328], [0.30000000000000004, 0.055724898985310974], [0.4, 0.04377038316862796], [0.5, 0.051341007771600396], [0.6000000000000001, 0.03583854937917449], [0.7000000000000001, 0.036325882382826656], [0.8, 0.06257865161154254], [0.9, 0.05253568771814382], [1.0, 0.074821203675773]], "time_train": [[0.1, 0.47192559799999856], [0.2, 0.4578123849999969], [0.30000000000000004, 0.4710643429999948], [0.4, 0.4863856230000039], [0.5, 0.5013887420000032], [0.6000000000000001, 0.49950159200000144], [0.7000000000000001, 0.48307402300000035], [0.8, 0.4754424619999895], [0.9, 0.49974577199999715], [1.0, 0.48157430899999554]], "time_est": [[0.1, 0.0007628990000085878], [0.2, 0.000720135999998206], [0.30000000000000004, 0.0007898399999959338], [0.4, 0.0009904009999956997], [0.5, 0.0007966820000007147], [0.6000000000000001, 0.0008142159999948717], [0.7000000000000001, 0.0007222739999974692], [0.8, 0.0007389520000060656], [0.9, 0.0007346749999896929], [1.0, 0.00104171700000677]]}, "3": {"kl_train": [[0.1, 0.11575387602321968], [0.2, 0.12379835763128046], [0.30000000000000004, 0.1198061554245632], [0.4, 0.10004717366785532], [0.5, 0.10454481041807988], [0.6000000000000001, 0.04977270165630359], [0.7000000000000001, 0.06781092774249521], [0.8, 0.06984894336231834], [0.9, 0.07722858918841165], [1.0, 0.08012499048504518]], "kl_target": [[0.1, 0.19918307985903172], [0.2, 0.2791197244051831], [0.30000000000000004, 0.2947914943550194], [0.4, 0.3521751088396829], [0.5, 0.32399880796848424], [0.6000000000000001, 0.42213776086615434], [0.7000000000000001, 0.4948577608997667], [0.8, 0.48833277801589886], [0.9, 0.4740110028162352], [1.0, 0.36272080032979914]], "time_train": [[0.1, 0.4751272960000108], [0.2, 0.4808781220000071], [0.30000000000000004, 0.46565134899998384], [0.4, 0.46604263499997955], [0.5, 0.4718742819999875], [0.6000000000000001, 0.4620194510000033], [0.7000000000000001, 0.46181033799999227], [0.8, 0.4657278960000042], [0.9, 0.4627562649999959], [1.0, 0.4756122340000104]], "time_est": [[0.1, 0.000921551999994108], [0.2, 0.0008266170000013062], [0.30000000000000004, 0.000728261000006114], [0.4, 0.0007256959999892842], [0.5, 0.0007457940000108465], [0.6000000000000001, 0.0009899730000029194], [0.7000000000000001, 0.000995532000018784], [0.8, 0.001007506000007652], [0.9, 0.0007359580000070309], [1.0, 0.0007462220000036268]]}, "4": {"kl_train": [[0.1, 0.2565559213457684], [0.2, 0.26115875630570695], [0.30000000000000004, 0.2641055423097465], [0.4, 0.2757993522256622], [0.5, 0.27263658368023713], [0.6000000000000001, 0.26007733368944946], [0.7000000000000001, 0.2656979697333539], [0.8, 0.263997877912442], [0.9, 0.275981396677719], [1.0, 0.2388467250062911]], "kl_target": [[0.1, 0.15016143526281708], [0.2, 0.28956392466041914], [0.30000000000000004, 0.29453667960100494], [0.4, 0.30577595825309617], [0.5, 0.42485925767868404], [0.6000000000000001, 0.5650608027024052], [0.7000000000000001, 0.538499875747807], [0.8, 0.47641764180734825], [0.9, 0.428940073158136], [1.0, 0.48917423958449413]], "time_train": [[0.1, 0.4915437460000476], [0.2, 0.4828409620000116], [0.30000000000000004, 0.4712456599999655], [0.4, 0.47401501900003495], [0.5, 0.4919457230000148], [0.6000000000000001, 0.4971551630000022], [0.7000000000000001, 0.4997722850000059], [0.8, 0.5760404229999949], [0.9, 0.5172000910000065], [1.0, 0.4931589210000311]], "time_est": [[0.1, 0.0007744459999798892], [0.2, 0.0010686580000083268], [0.30000000000000004, 0.0008090839999681521], [0.4, 0.000893327000028421], [0.5, 0.0009527690000368239], [0.6000000000000001, 0.0010759269999880416], [0.7000000000000001, 0.0016331350000200473], [0.8, 0.0011648759999616232], [0.9, 0.0008351700000162054], [1.0, 0.0007731619999731265]]}, "5": {"kl_train": [[0.1, 0.43597568392679165], [0.2, 0.49673181653833537], [0.30000000000000004, 0.5324360979766907], [0.4, 0.6185282369759629], [0.5, 0.626118826349588], [0.6000000000000001, 0.6366666341732361], [0.7000000000000001, 0.6062446885404514], [0.8, 0.5992299279824914], [0.9, 0.5941761027303364], [1.0, 0.6046268638868543]], "kl_target": [[0.1, 0.2706536777451283], [0.2, 0.7841450648414637], [0.30000000000000004, 0.3937089465390059], [0.4, 0.2886918869046207], [0.5, 0.3579687377912096], [0.6000000000000001, 0.3909282601228453], [0.7000000000000001, 0.36633952670879777], [0.8, 0.5679126543428359], [0.9, 0.5268998586833388], [1.0, 0.6455263411765322]], "time_train": [[0.1, 0.5096420829999602], [0.2, 0.5160305099999505], [0.30000000000000004, 0.5093722450000087], [0.4, 0.5059537379999597], [0.5, 0.49832944700000326], [0.6000000000000001, 0.5057655790000126], [0.7000000000000001, 0.5079418090000445], [0.8, 0.5111221249999858], [0.9, 0.5190868120000118], [1.0, 0.5120441039999832]], "time_est": [[0.1, 0.0008244789999594104], [0.2, 0.001190534000045318], [0.30000000000000004, 0.0008492819999901258], [0.4, 0.0010237559999950463], [0.5, 0.0008373080000296795], [0.6000000000000001, 0.0011067170000274018], [0.7000000000000001, 0.0011678689999712333], [0.8, 0.0011028690000216557], [0.9, 0.0012580999999727283], [1.0, 0.0009741510000367271]]}, "6": {"kl_train": [[0.1, 0.5319310860999895], [0.2, 0.7536588126749599], [0.30000000000000004, 0.9340047671265469], [0.4, 1.0129351064949967], [0.5, 1.0689529651594138], [0.6000000000000001, 1.0633108194341738], [0.7000000000000001, 1.0869886504119803], [0.8, 1.0735705879124264], [0.9, 1.066301733874061], [1.0, 1.0663222338376526]], "kl_target": [[0.1, 1.7624663073480518], [0.2, 6.233881938889027], [0.30000000000000004, 0.14446607799941216], [0.4, 0.0663940593376394], [0.5, 0.14679794181171968], [0.6000000000000001, 0.16557920425011297], [0.7000000000000001, 0.13130864404019554], [0.8, 0.2728015873074588], [0.9, 0.09337155519395048], [1.0, 0.18572787437778687]], "time_train": [[0.1, 0.5104430420000199], [0.2, 0.5194686899999965], [0.30000000000000004, 0.5323276519999922], [0.4, 0.5058301519999873], [0.5, 0.5064784439999812], [0.6000000000000001, 0.4919854930000156], [0.7000000000000001, 0.4951525519999791], [0.8, 0.49402017599999226], [0.9, 0.4984068489999913], [1.0, 0.4887722490000215]],