{"1": {"kl_train": [[0.1, 0.0006116566037120419], [0.2, 0.0009088788678188923], [0.30000000000000004, 0.0011341316229579298], [0.4, 0.0009242320539592988], [0.5, 0.001154794757802841], [0.6000000000000001, 0.0007023983819624771], [0.7000000000000001, 0.0011206654351245563], [0.8, 0.0012083761237551454], [0.9, 0.0010988256563517743], [1.0, 0.0011779266635637891]], "kl_target": [[0.1, 0.0010999092943840222], [0.2, 0.0003858192836358266], [0.30000000000000004, 0.00046320217044579996], [0.4, 0.00019218600464959595], [0.5, 8.640634182751594e-05], [0.6000000000000001, 0.00012835169613567029], [0.7000000000000001, -6.792435305136044e-05], [0.8, 0.0010056166685267795], [0.9, 0.0004924779194982853], [1.0, 0.0010355786909730532]], "time_train": [[0.1, 108.03487800799849], [0.2, 108.0060692219995], [0.30000000000000004, 107.89844752499994], [0.4, 109.21478486499836], [0.5, 107.2691885810018], [0.6000000000000001, 108.89544126300098], [0.7000000000000001, 107.01229856900318], [0.8, 108.51240461400084], [0.9, 107.11247354900115], [1.0, 103.74808773500263]], "time_est": [[0.1, 0.007481992000975879], [0.2, 0.005090580998512451], [0.30000000000000004, 0.0037215990014374256], [0.4, 0.003394436000235146], [0.5, 0.012382389999402221], [0.6000000000000001, 0.0034268640010850504], [0.7000000000000001, 0.004738600000564475], [0.8, 0.0035096159990644082], [0.9, 0.00989998899967759], [1.0, 0.001768957998137921]]}, "2": {"kl_train": [[0.1, 0.010293911249864162], [0.2, 0.010364163726455038], [0.30000000000000004, 0.009039274360465064], [0.4, 0.009108444147589191], [0.5, 0.00997234981312128], [0.6000000000000001, 0.0099188816639605], [0.7000000000000001, 0.010425071788983388], [0.8, 0.009305067773172693], [0.9, 0.009513289365337298], [1.0, 0.008214805367595964]], "kl_target": [[0.1, -0.0022191276256398416], [0.2, 0.00018241938462825046], [0.30000000000000004, -0.0009946259457202509], [0.4, -0.0009038202174319479], [0.5, -0.001963853451919075], [0.6000000000000001, -0.001113151832387605], [0.7000000000000001, -0.0015309795249878596], [0.8, -0.0013247338193218938], [0.9, -0.0009151446269423723], [1.0, 0.0011729319585596632]], "time_train": [[0.1, 121.76337644300656], [0.2, 67.54054388000077], [0.30000000000000004, 92.84516490299575], [0.4, 121.17832674799865], [0.5, 118.56463914399501], [0.6000000000000001, 119.85655290299474], [0.7000000000000001, 122.25931087900244], [0.8, 119.49710205799784], [0.9, 122.05366012000013], [1.0, 120.43371612399642]], "time_est": [[0.1, 0.008410722999542486], [0.2, 0.002711039000132587], [0.30000000000000004, 0.010526462996494956], [0.4, 0.005962634000752587], [0.5, 0.005787075002444908], [0.6000000000000001, 0.0038759460003348067], [0.7000000000000001, 0.01007432299957145], [0.8, 0.004082401006598957], [0.9, 0.0028195640043122694], [1.0, 0.008855047002725769]]}, "3": {"kl_train": [[0.1, 0.04236825621089885], [0.2, 0.045367875084259476], [0.30000000000000004, 0.044561594568269865], [0.4, 0.04528482512512321], [0.5, 0.04703786541956694], [0.6000000000000001, 0.0463018373249331], [0.7000000000000001, 0.04356048966305275], [0.8, 0.04507345211704893], [0.9, 0.04481575250413951], [1.0, 0.04089244581528947]], "kl_target": [[0.1, -0.0020714684042302933], [0.2, -0.003316224387370348], [0.30000000000000004, -0.0004757199498955982], [0.4, 0.0004366201271126176], [0.5, 0.003181605228587765], [0.6000000000000001, 0.00022706240252752573], [0.7000000000000001, -0.000857873643804329], [0.8, 6.282416167224545e-05], [0.9, 0.0017292552321688643], [1.0, 0.003890301158801512]], "time_train": [[0.1, 120.1040415200041], [0.2, 122.13594728700264], [0.30000000000000004, 120.8253533140014], [0.4, 121.53107711100165], [0.5, 118.3301332129995], [0.6000000000000001, 121.08160757500445], [0.7000000000000001, 120.7593069650029], [0.8, 120.19449563699891], [0.9, 119.59917541100003], [1.0, 83.80843050999829]], "time_est": [[0.1, 0.00566629899549298], [0.2, 0.006137390999356285], [0.30000000000000004, 0.005800375998660456], [0.4, 0.005072760002803989], [0.5, 0.008797321999736596], [0.6000000000000001, 0.008779545001743827], [0.7000000000000001, 0.005757323000580072], [0.8, 0.0028771370052709244], [0.9, 0.005790578004962299], [1.0, 0.00280528800067259]]}, "4": {"kl_train": [[0.1, 0.1091663745411693], [0.2, 0.1123519492012818], [0.30000000000000004, 0.11037816798409046], [0.4, 0.11093909583015832], [0.5, 0.11390358120509247], [0.6000000000000001, 0.11228151256920951], [0.7000000000000001, 0.11016310437938477], [0.8, 0.11418502704620832], [0.9, 0.11285846862554488], [1.0, 0.10618890420068078]], "kl_target": [[0.1, 0.07869420937303094], [0.2, 0.0954780809229664], [0.30000000000000004, 0.09802473146543325], [0.4, 0.08946059329134856], [0.5, 0.08802270997974838], [0.6000000000000001, 0.07953715406618654], [0.7000000000000001, 0.07831252060927772], [0.8, 0.07887263037423627], [0.9, 0.08327479594591156], [1.0, 0.08343729073597488]], "time_train": [[0.1, 46.08440691900614], [0.2, 46.12493370800803], [0.30000000000000004, 46.069810783010325], [0.4, 46.081810681003844], [0.5, 46.04234755500511], [0.6000000000000001, 46.02936589499586], [0.7000000000000001, 46.044235887005925], [0.8, 46.05290302098729], [0.9, 46.11108007199073], [1.0, 46.05380382099247]], "time_est": [[0.1, 0.0023741740005789325], [0.2, 0.0024770289892330766], [0.30000000000000004, 0.0023846480034990236], [0.4, 0.0023885999980848283], [0.5, 0.0023916529898997396], [0.6000000000000001, 0.002094399998895824], [0.7000000000000001, 0.0021145880018593743], [0.8, 0.002395799005171284], [0.9, 0.002373602008447051], [1.0, 0.002369209993048571]]}, "5": {"kl_train": [[0.1, 0.21829838539240023], [0.2, 0.23212949197997113], [0.30000000000000004, 0.24238428944131687], [0.4, 0.25367857699535173], [0.5, 0.25643811590269916], [0.6000000000000001, 0.2574233466730292], [0.7000000000000001, 0.26157538015563825], [0.8, 0.2608150666570802], [0.9, 0.2585547215747549], [1.0, 0.2597977582566539]], "kl_target": [[0.1, 0.27124505397904886], [0.2, 0.27605342454099596], [0.30000000000000004, 0.24515232689516414], [0.4, 0.20947058452332248], [0.5, 0.20582233283017776], [0.6000000000000001, 0.19439531617140107], [0.7000000000000001, 0.19769267309059044], [0.8, 0.19434897161890607], [0.9, 0.19904272430032], [1.0, 0.21510527442787733]], "time_train": [[0.1, 46.11476584499178], [0.2, 46.144905844004825], [0.30000000000000004, 46.078309485004866], [0.4, 46.10862580599496], [0.5, 46.05835753500287], [0.6000000000000001, 46.05575166300696], [0.7000000000000001, 46.08597787100007], [0.8, 46.15297794700018], [0.9, 46.081607593005174], [1.0, 46.25764253200032]], "time_est": [[0.1, 0.002429525993647985], [0.2, 0.002400377008598298], [0.30000000000000004, 0.002096323005389422], [0.4, 0.002427312996587716], [0.5, 0.0024397720117121935], [0.6000000000000001, 0.002424557998892851], [0.7000000000000001, 0.002105355990352109], [0.8, 0.0024046909966273233], [0.9, 0.0024050490028457716], [1.0, 0.002401615012786351]]}, "6": {"kl_train": [[0.1, 0.5218467249553241], [0.2, 0.5537288574756766], [0.30000000000000004, 0.5591794360786152], [0.4, 0.5667067780441081], [0.5, 0.5550525723339711], [0.6000000000000001, 0.5554851189228722], [0.7000000000000001, 0.5541515754617349], [0.8, 0.5641308283115675], [0.9, 0.5608992167602619], [1.0, 0.5617779202040619]], "kl_target": [[0.1, 1.2046310861314704], [0.2, 0.011892293243379256], [0.30000000000000004, -0.024790183523765098], [0.4, -0.0397000189161235], [0.5, -0.03845028021487989], [0.6000000000000001, -0.042776832811125584], [0.7000000000000001, -0.03537801765398337], [0.8, -0.029916688870253245], [0.9, -0.02889545985011153], [1.0, -0.03183962576357286]], "time_train": [[0.1, 46.32354655099334], [0.2, 46.30837764799071], [0.30000000000000004, 46.25312864300213], [0.4, 46.30255356899579], [0.5, 46.22836349499994], [0.6000000000000001, 46.2464157360082], [0.7000000000000001, 46.27657535599428], [0.8, 46.25146350399882], [0.9, 46.26744574899203], [1.0, 46.27641361199494]],