{"1": {"kl_train": [[0.1, 0.0011586141168444905], [0.2, 0.0012199959710973872], [0.30000000000000004, 0.0008706541729654737], [0.4, 0.001077271310124312], [0.5, 0.0007839281880543075], [0.6000000000000001, 0.0010561641348869639], [0.7000000000000001, 0.0013489720779230382], [0.8, 0.0009132283964745928], [0.9, 0.0007673046791403899], [1.0, 0.0009554765946927008]], "kl_target": [[0.1, 0.0032248769525843658], [0.2, 0.0019073730676628107], [0.30000000000000004, 0.0017387319756798374], [0.4, 0.0014956635664115435], [0.5, 0.0011617955047946112], [0.6000000000000001, 0.0005659224311061739], [0.7000000000000001, 0.0007787750957567276], [0.8, 0.001271386937304737], [0.9, 0.0010249776358086829], [1.0, 0.0010139614370648317]], "time_train": [[0.1, 112.11472165699888], [0.2, 112.68673243099693], [0.30000000000000004, 111.43805204300224], [0.4, 113.20748154000103], [0.5, 111.9956720070004], [0.6000000000000001, 112.82819956400272], [0.7000000000000001, 96.93215606399826], [0.8, 47.32192588900216], [0.9, 103.38709260500036], [1.0, 113.42709057299726]], "time_est": [[0.1, 0.004094464002264431], [0.2, 0.00378487800117], [0.30000000000000004, 0.013454117997753201], [0.4, 0.0024761029999353923], [0.5, 0.009767675001057796], [0.6000000000000001, 0.003387943001143867], [0.7000000000000001, 0.0017036239987646695], [0.8, 0.0017954859977180604], [0.9, 0.0038815590014564805], [1.0, 0.0018614260006870609]]}, "2": {"kl_train": [[0.1, 0.008659460187365619], [0.2, 0.009865324425696409], [0.30000000000000004, 0.009690932355052402], [0.4, 0.00999461084843157], [0.5, 0.009883812786100364], [0.6000000000000001, 0.009191045298341109], [0.7000000000000001, 0.009549532352397694], [0.8, 0.00913449803929054], [0.9, 0.008663840553736937], [1.0, 0.009572490681568667]], "kl_target": [[0.1, -0.0010732011758277165], [0.2, -0.0018089487971535278], [0.30000000000000004, -0.0015095681690424022], [0.4, -0.0015346174792468766], [0.5, -0.0012508156386389897], [0.6000000000000001, -0.001417928654270727], [0.7000000000000001, -0.0001477349512869247], [0.8, -5.7943805320404754e-05], [0.9, 0.0012326165949376807], [1.0, 6.352293418634093e-05]], "time_train": [[0.1, 121.44011356999545], [0.2, 118.87064317000477], [0.30000000000000004, 119.23512255199603], [0.4, 119.6025047630028], [0.5, 117.92710935299692], [0.6000000000000001, 118.74015273899568], [0.7000000000000001, 121.20680833500228], [0.8, 118.85536018600396], [0.9, 121.9272777110018], [1.0, 119.95086677100335]], "time_est": [[0.1, 0.005034095993323717], [0.2, 0.017722135002259165], [0.30000000000000004, 0.0038857629988342524], [0.4, 0.002765443998214323], [0.5, 0.013609775000077207], [0.6000000000000001, 0.004747159997350536], [0.7000000000000001, 0.008815966000838671], [0.8, 0.003964310002629645], [0.9, 0.005483058994286694], [1.0, 0.008829942999000195]]}, "3": {"kl_train": [[0.1, 0.04447693650908689], [0.2, 0.04458687811527066], [0.30000000000000004, 0.04301397956554191], [0.4, 0.04290477667642768], [0.5, 0.04479467096786029], [0.6000000000000001, 0.04002106561555406], [0.7000000000000001, 0.041938316288503745], [0.8, 0.04006008117269104], [0.9, 0.040325003087572274], [1.0, 0.04099907488346911]], "kl_target": [[0.1, -0.0028989937348979007], [0.2, -0.003348410426900792], [0.30000000000000004, -0.0004890221071001768], [0.4, -0.0008655876294579153], [0.5, -0.0012238560012246455], [0.6000000000000001, 0.005584875448354775], [0.7000000000000001, 0.002415083290751362], [0.8, 0.002028406349175634], [0.9, 0.002371792775675757], [1.0, 0.004719512456514923]], "time_train": [[0.1, 121.42099288900499], [0.2, 108.73029195300478], [0.30000000000000004, 53.69426874399505], [0.4, 118.80023994899966], [0.5, 62.145830478999414], [0.6000000000000001, 46.26898392199655], [0.7000000000000001, 46.30401281199738], [0.8, 46.304963079004665], [0.9, 46.22280346699699], [1.0, 46.22089186999801]], "time_est": [[0.1, 0.011525779002113268], [0.2, 0.0027664060035021976], [0.30000000000000004, 0.008949244998802897], [0.4, 0.010030097997514531], [0.5, 0.0027685129971359856], [0.6000000000000001, 0.002770250997855328], [0.7000000000000001, 0.0027270309947198257], [0.8, 0.002751217005425133], [0.9, 0.0027406240042182617], [1.0, 0.0027573019979172386]]}, "4": {"kl_train": [[0.1, 0.1212053403095227], [0.2, 0.13172742432324064], [0.30000000000000004, 0.12908754316059037], [0.4, 0.1329082032041259], [0.5, 0.13126655875836074], [0.6000000000000001, 0.1313570881034541], [0.7000000000000001, 0.13250460950231124], [0.8, 0.12913293068468634], [0.9, 0.12652650053040634], [1.0, 0.12642082558404663]], "kl_target": [[0.1, 0.031033158712171188], [0.2, 0.006813191450511387], [0.30000000000000004, 0.00693691741103448], [0.4, -0.00611112736639712], [0.5, -0.005963407507165978], [0.6000000000000001, -0.008745783143797158], [0.7000000000000001, -0.004872066058769764], [0.8, 0.002296028459925062], [0.9, 0.004594822742524593], [1.0, -0.001214317699575075]], "time_train": [[0.1, 46.01865201999317], [0.2, 46.019557407998946], [0.30000000000000004, 46.15356000899919], [0.4, 46.059008449999965], [0.5, 46.08225356100593], [0.6000000000000001, 46.09441448499274], [0.7000000000000001, 46.129909084993415], [0.8, 46.087601175997406], [0.9, 46.12546533900604], [1.0, 45.96407503800583]], "time_est": [[0.1, 0.002250568999443203], [0.2, 0.002345388988032937], [0.30000000000000004, 0.002329933995497413], [0.4, 0.0023422099911840633], [0.5, 0.002359944992349483], [0.6000000000000001, 0.0023199970019049942], [0.7000000000000001, 0.0023174140078481287], [0.8, 0.002320391999091953], [0.9, 0.0023132260103011504], [1.0, 0.0023133200011216104]]}, "5": {"kl_train": [[0.1, 0.23176861446880676], [0.2, 0.2596194335719424], [0.30000000000000004, 0.26680525193217697], [0.4, 0.2691078331626404], [0.5, 0.27170100191265134], [0.6000000000000001, 0.2747581538640362], [0.7000000000000001, 0.27340079367460035], [0.8, 0.2772979639781815], [0.9, 0.27645631536090576], [1.0, 0.2769641078408406]], "kl_target": [[0.1, 0.1828046748926993], [0.2, 0.16898617442684152], [0.30000000000000004, 0.15662346397281543], [0.4, 0.14429300066714779], [0.5, 0.14854354803805267], [0.6000000000000001, 0.13633769587978742], [0.7000000000000001, 0.14883558225059468], [0.8, 0.13510779796350098], [0.9, 0.15791295678020048], [1.0, 0.15248551431965746]], "time_train": [[0.1, 46.10762925099698], [0.2, 46.142208923003636], [0.30000000000000004, 46.11827327500214], [0.4, 46.188499481999315], [0.5, 46.12840577099996], [0.6000000000000001, 46.105513376998715], [0.7000000000000001, 46.15518036900903], [0.8, 46.10328213899629], [0.9, 46.06803939900419], [1.0, 46.153167395008495]], "time_est": [[0.1, 0.0023444690014002845], [0.2, 0.0024646249949000776], [0.30000000000000004, 0.0024739500076975673], [0.4, 0.0021716670016758144], [0.5, 0.002147517996490933], [0.6000000000000001, 0.0024658909969730303], [0.7000000000000001, 0.0024739240034250543], [0.8, 0.002453101988066919], [0.9, 0.0021842599962837994], [1.0, 0.0024572249967604876]]}, "6": {"kl_train": [[0.1, 0.3676624696954227], [0.2, 0.4078836872136897], [0.30000000000000004, 0.42557836152598477], [0.4, 0.4341487907515619], [0.5, 0.4326071464519654], [0.6000000000000001, 0.43441311605364435], [0.7000000000000001, 0.43154837226511655], [0.8, 0.4349297946571188], [0.9, 0.42695324539633983], [1.0, 0.43410649182829913]], "kl_target": [[0.1, 0.264367445516505], [0.2, 0.4464412849778286], [0.30000000000000004, 0.5900786120815171], [0.4, 0.7278698574639726], [0.5, 0.7475187197393767], [0.6000000000000001, 0.7875827249134232], [0.7000000000000001, 0.8025995606918502], [0.8, 0.8200046488366756], [0.9, 0.8495213922701395], [1.0, 0.8378209195645352]], "time_train": [[0.1, 46.13987262999581], [0.2, 46.22079688600206], [0.30000000000000004, 46.15067851600179], [0.4, 46.229001977000735], [0.5, 46.111024388999795], [0.6000000000000001, 46.17213827300293], [0.7000000000000001, 46.146597115002805], [0.8, 46.13084773501032], [0.9, 46.20322552399011], [1.0, 46.26074162000441]],