{"1": {"kl_train": [[0.1, 0.003536288665613153], [0.2, 0.0019604405640450606], [0.30000000000000004, 0.00479739546204307], [0.4, 0.0029336649262025273], [0.5, 0.007573991299368789], [0.6000000000000001, 0.00410651336863426], [0.7000000000000001, 0.0049058714127149395], [0.8, 0.006411378791909541], [0.9, 0.002418046911965259], [1.0, 0.002296384397405455]], "kl_target": [[0.1, 0.0026464537816702238], [0.2, 0.002346798250577871], [0.30000000000000004, 0.0036027971336929253], [0.4, 0.0035886734337013714], [0.5, 0.0034740867287495173], [0.6000000000000001, 0.007782582502366725], [0.7000000000000001, 0.005914407445401749], [0.8, 0.00486936645900659], [0.9, 0.0035977912887648618], [1.0, 0.0044090829249745205]], "time_train": [[0.1, 2.417928650999997], [0.2, 2.541716360999999], [0.30000000000000004, 2.7595647879999987], [0.4, 2.340515735000004], [0.5, 2.384841306999995], [0.6000000000000001, 2.467236588999995], [0.7000000000000001, 2.293117612000003], [0.8, 2.2610967869999996], [0.9, 2.2791857160000006], [1.0, 2.313736851999991]], "time_est": [[0.1, 0.0007812879999988809], [0.2, 0.0009587559999957307], [0.30000000000000004, 0.0007979660000003719], [0.4, 0.0009360920000034412], [0.5, 0.0009442159999935029], [0.6000000000000001, 0.0007992479999927582], [0.7000000000000001, 0.0011447769999932689], [0.8, 0.001043426999999042], [0.9, 0.0011700069999989182], [1.0, 0.0008958930000062537]]}, "2": {"kl_train": [[0.1, 0.023443815210564687], [0.2, 0.030016662099285895], [0.30000000000000004, 0.03524734798884339], [0.4, 0.02986338464004468], [0.5, 0.026408625668437883], [0.6000000000000001, 0.036345888798737916], [0.7000000000000001, 0.02997930236837793], [0.8, 0.02988730258796878], [0.9, 0.024331854522184865], [1.0, 0.027760929386009825]], "kl_target": [[0.1, 0.029984236771459588], [0.2, 0.04052766022675464], [0.30000000000000004, 0.03420204899702226], [0.4, 0.040823326502673174], [0.5, 0.02898536634774212], [0.6000000000000001, 0.028538815803949003], [0.7000000000000001, 0.02688146272300817], [0.8, 0.031632618778857195], [0.9, 0.031126842694596958], [1.0, 0.03347258518439715]], "time_train": [[0.1, 2.36584964299999], [0.2, 2.503280168999993], [0.30000000000000004, 2.389802292000013], [0.4, 2.373194261000009], [0.5, 2.436953243000005], [0.6000000000000001, 2.5151564260000043], [0.7000000000000001, 2.320277090000019], [0.8, 2.305054594000012], [0.9, 2.2955200609999906], [1.0, 2.3087442220000014]], "time_est": [[0.1, 0.0009549069999934545], [0.2, 0.0012046459999908166], [0.30000000000000004, 0.00113280299999019], [0.4, 0.001673331999995753], [0.5, 0.0013278039999988778], [0.6000000000000001, 0.0009805649999918842], [0.7000000000000001, 0.001217047000011462], [0.8, 0.0013201070000263826], [0.9, 0.0012003690000028655], [1.0, 0.0008958930000062537]]}, "3": {"kl_train": [[0.1, 0.08413230388889889], [0.2, 0.07173737837519382], [0.30000000000000004, 0.06647168623602608], [0.4, 0.06241313685183376], [0.5, 0.06703774790429638], [0.6000000000000001, 0.08509383762704985], [0.7000000000000001, 0.0849526006948217], [0.8, 0.08156141404019325], [0.9, 0.06219852008249694], [1.0, 0.053386410495445846]], "kl_target": [[0.1, 0.12409521809965127], [0.2, 0.16804384751856927], [0.30000000000000004, 0.20635731622963535], [0.4, 0.22878343354023253], [0.5, 0.22993122664757082], [0.6000000000000001, 0.2012976524194884], [0.7000000000000001, 0.20156849625594117], [0.8, 0.24507365788727753], [0.9, 0.2698187007220513], [1.0, 0.23053598716581364]], "time_train": [[0.1, 2.347145777000037], [0.2, 2.3563305050000167], [0.30000000000000004, 2.3490543080000066], [0.4, 2.320969858000012], [0.5, 2.322549965999997], [0.6000000000000001, 2.3949488700000074], [0.7000000000000001, 2.342153147000033], [0.8, 2.4220920980000074], [0.9, 2.4712028959999657], [1.0, 2.437223507999988]], "time_est": [[0.1, 0.0009275389999743311], [0.2, 0.0009198409999839896], [0.30000000000000004, 0.0009767159999682917], [0.4, 0.0012820480000073076], [0.5, 0.0010049410000192438], [0.6000000000000001, 0.0012255990000085148], [0.7000000000000001, 0.0013667200000213597], [0.8, 0.000971585000002051], [0.9, 0.0012580999999727283], [1.0, 0.0009489200000416531]]}, "4": {"kl_train": [[0.1, 0.1803872793583871], [0.2, 0.16603475805243942], [0.30000000000000004, 0.15890794365714145], [0.4, 0.16640882826519698], [0.5, 0.1627007466384132], [0.6000000000000001, 0.15970589191892076], [0.7000000000000001, 0.16111494428363876], [0.8, 0.16673702389933723], [0.9, 0.1608962872207931], [1.0, 0.16126900075006675]], "kl_target": [[0.1, 0.22470226411145972], [0.2, 0.38517127282879743], [0.30000000000000004, 0.42728612559197476], [0.4, 0.4689466435976167], [0.5, 0.5346382183564095], [0.6000000000000001, 0.5824829154837778], [0.7000000000000001, 0.5425256556440761], [0.8, 0.5445698863035284], [0.9, 0.5543734737783654], [1.0, 0.5591193199475472]], "time_train": [[0.1, 2.506979632000025], [0.2, 2.592232793999983], [0.30000000000000004, 2.5616188870000087], [0.4, 2.519009411000013], [0.5, 2.4680401139999617], [0.6000000000000001, 2.495120479000036], [0.7000000000000001, 2.611234293999985], [0.8, 3.0539443490000053], [0.9, 2.7083850950000397], [1.0, 2.5537918970000533]], "time_est": [[0.1, 0.0014924440000072536], [0.2, 0.0014389890000074956], [0.30000000000000004, 0.0012183300000288], [0.4, 0.0016476750000151696], [0.5, 0.0010836250000352265], [0.6000000000000001, 0.001107572999956119], [0.7000000000000001, 0.0011422110000012253], [0.8, 0.0011015860000043176], [0.9, 0.0012055010000153743], [1.0, 0.0011845469999798297]]}, "5": {"kl_train": [[0.1, 0.37889345044076256], [0.2, 0.4223503638258852], [0.30000000000000004, 0.4437493295407667], [0.4, 0.4485852102042899], [0.5, 0.4511127953255194], [0.6000000000000001, 0.46265348951620383], [0.7000000000000001, 0.4493422885378183], [0.8, 0.4430594399550354], [0.9, 0.45319967229875346], [1.0, 0.4564819655406365]], "kl_target": [[0.1, 0.12616920209331642], [0.2, 0.4943225458118965], [0.30000000000000004, 0.4463923815546784], [0.4, 0.4609460383981762], [0.5, 0.5348715084982943], [0.6000000000000001, 0.5697521908795267], [0.7000000000000001, 0.6639744440761534], [0.8, 0.698975585387321], [0.9, 0.6409998847547622], [1.0, 0.6848114100964611]], "time_train": [[0.1, 2.423297598999966], [0.2, 2.4487751909999815], [0.30000000000000004, 2.4267332120000447], [0.4, 2.410454458999993], [0.5, 2.424085729000012], [0.6000000000000001, 2.4300657659999843], [0.7000000000000001, 2.4424325210000006], [0.8, 2.4518618549999474], [0.9, 2.4611842819999765], [1.0, 2.447117680999895]], "time_est": [[0.1, 0.0011319479999656323], [0.2, 0.0010746450000169716], [0.30000000000000004, 0.0015138250000745757], [0.4, 0.0010866179999311498], [0.5, 0.0014856010000130482], [0.6000000000000001, 0.0010635259999389746], [0.7000000000000001, 0.0010720790000959823], [0.8, 0.0014043510000192327], [0.9, 0.0015005689999725291], [1.0, 0.0014971470000091358]]}, "6": {"kl_train": [[0.1, 0.5353803890138668], [0.2, 0.724932941114259], [0.30000000000000004, 0.80635216616411], [0.4, 0.8667540854783088], [0.5, 0.8449068022582593], [0.6000000000000001, 0.8671459763896193], [0.7000000000000001, 0.863170788569857], [0.8, 0.8862781270466192], [0.9, 0.8832358344039007], [1.0, 0.8850727338075435]], "kl_target": [[0.1, 0.4891990126601237], [0.2, 0.3317586552670937], [0.30000000000000004, 0.24088442039919272], [0.4, 0.1607319566276629], [0.5, 0.2880883532729714], [0.6000000000000001, 0.26914128721760605], [0.7000000000000001, 0.3792336648765087], [0.8, 0.378087587483723], [0.9, 0.35095934339299767], [1.0, 0.4232688507487656]], "time_train": [[0.1, 2.4808896669999285], [0.2, 2.478331131999994], [0.30000000000000004, 2.451078002000031], [0.4, 2.4588943010001003], [0.5, 2.4446126000000277], [0.6000000000000001, 2.447898541000086], [0.7000000000000001, 2.4744978189999074], [0.8, 2.4496321700000863], [0.9, 2.4628588970000465], [1.0, 2.6718035520000285]],