{"1": {"kl_train": [[0.1, 0.0012703990948490895], [0.2, 0.0006920722552134766], [0.30000000000000004, 0.0005090955708688521], [0.4, 0.0009591068570545808], [0.5, 0.0008762095054886964], [0.6000000000000001, 0.0012574799799117302], [0.7000000000000001, 0.001293211923181908], [0.8, 0.0006735039231095176], [0.9, 0.0009261188478185886], [1.0, 0.00064563466618823]], "kl_target": [[0.1, 0.0007430822130766267], [0.2, 0.0008512136487319118], [0.30000000000000004, 0.0008250002715078146], [0.4, 0.0007912246966719817], [0.5, 0.0010078716699242986], [0.6000000000000001, 0.0011830065674514158], [0.7000000000000001, 0.00037907372431814356], [0.8, 0.0011365102315812026], [0.9, 0.0008213299858298874], [1.0, 0.0005177150589421137]], "time_train": [[0.1, 112.96442698900137], [0.2, 115.07457536999937], [0.30000000000000004, 111.9840960090005], [0.4, 114.18234924400167], [0.5, 113.86835857200276], [0.6000000000000001, 116.67667920299937], [0.7000000000000001, 112.4206880189995], [0.8, 114.89427099500244], [0.9, 114.71607346599922], [1.0, 112.23453836599947]], "time_est": [[0.1, 0.019450922998657916], [0.2, 0.0018440189996908884], [0.30000000000000004, 0.002767392001260305], [0.4, 0.0031791750006959774], [0.5, 0.0037168359995121136], [0.6000000000000001, 0.00450565799837932], [0.7000000000000001, 0.0018332979998376686], [0.8, 0.005060281997430138], [0.9, 0.00481366899839486], [1.0, 0.02174058899981901]]}, "2": {"kl_train": [[0.1, 0.0075377040336387525], [0.2, 0.0013529404464918523], [0.30000000000000004, -0.004402969706590553], [0.4, -0.006214655606783872], [0.5, -0.0038703784550886185], [0.6000000000000001, -0.004170347436540363], [0.7000000000000001, -0.005646056483387091], [0.8, -0.005511954636385967], [0.9, -0.006077306128034976], [1.0, -0.004859997678423768]], "kl_target": [[0.1, 0.006165966173230786], [0.2, 0.02541020999737612], [0.30000000000000004, 0.03896575142500674], [0.4, 0.03811914238825916], [0.5, 0.03729546072822277], [0.6000000000000001, 0.03984569454325704], [0.7000000000000001, 0.040374196305109945], [0.8, 0.04323075609859597], [0.9, 0.040300490214873946], [1.0, 0.03853977053492531]], "time_train": [[0.1, 121.50756060499407], [0.2, 113.28434231099527], [0.30000000000000004, 115.22542259399779], [0.4, 71.68067350899946], [0.5, 66.76166272500268], [0.6000000000000001, 112.33063762800157], [0.7000000000000001, 114.40919964299974], [0.8, 114.26363867100008], [0.9, 113.55966027200338], [1.0, 114.82830705599918]], "time_est": [[0.1, 0.008246208002674393], [0.2, 0.03611613099928945], [0.30000000000000004, 0.006883153000671882], [0.4, 0.002648846995725762], [0.5, 0.009026061001350172], [0.6000000000000001, 0.002746547994320281], [0.7000000000000001, 0.009338777999801096], [0.8, 0.006729943997925147], [0.9, 0.00917386500077555], [1.0, 0.005698255998140667]]}, "3": {"kl_train": [[0.1, 0.04568271052373312], [0.2, 0.0453425154450002], [0.30000000000000004, 0.042833119113812185], [0.4, 0.04388072410064385], [0.5, 0.04598707500554967], [0.6000000000000001, 0.04445114568937081], [0.7000000000000001, 0.04330983816336341], [0.8, 0.04098901830334784], [0.9, 0.04046408254916861], [1.0, 0.04199597846485986]], "kl_target": [[0.1, 0.002402250125729191], [0.2, 0.006579383316914436], [0.30000000000000004, 0.009276793703787587], [0.4, 0.006753797575229521], [0.5, 0.00986717211632781], [0.6000000000000001, 0.00846604081473148], [0.7000000000000001, 0.007101500309716043], [0.8, 0.01231907186640839], [0.9, 0.017401747970985884], [1.0, 0.014456736794837837]], "time_train": [[0.1, 46.16120395499456], [0.2, 46.18426800399902], [0.30000000000000004, 46.254318491999584], [0.4, 46.26123581999855], [0.5, 46.25315423600114], [0.6000000000000001, 46.29560300999583], [0.7000000000000001, 46.2466295300037], [0.8, 46.2220967079993], [0.9, 46.26871857700462], [1.0, 46.251481090002926]], "time_est": [[0.1, 0.002746031997958198], [0.2, 0.002755071000137832], [0.30000000000000004, 0.002711446999455802], [0.4, 0.0027251200008322485], [0.5, 0.0027607809970504604], [0.6000000000000001, 0.0027557990033528768], [0.7000000000000001, 0.0027565700002014637], [0.8, 0.0027211870037717745], [0.9, 0.002741494005022105], [1.0, 0.002768135003861971]]}, "4": {"kl_train": [[0.1, 0.1125141358355071], [0.2, 0.11297040977442753], [0.30000000000000004, 0.11469947125780777], [0.4, 0.11714223591808734], [0.5, 0.12492117408208381], [0.6000000000000001, 0.12200533320121547], [0.7000000000000001, 0.1239661071064132], [0.8, 0.12724938909407085], [0.9, 0.12462191876602005], [1.0, 0.1262489959400507]], "kl_target": [[0.1, 0.07935667993201144], [0.2, 0.08577788142097904], [0.30000000000000004, 0.07148029747297605], [0.4, 0.06535712191182153], [0.5, 0.05890861145554089], [0.6000000000000001, 0.05392196957932398], [0.7000000000000001, 0.05522527215800795], [0.8, 0.05562221038924582], [0.9, 0.06522990300761847], [1.0, 0.07517390689367452]], "time_train": [[0.1, 46.09361919600633], [0.2, 46.061231152008986], [0.30000000000000004, 46.04339406298823], [0.4, 46.05436792799446], [0.5, 45.977705130004324], [0.6000000000000001, 46.05364706099499], [0.7000000000000001, 46.07272934500361], [0.8, 45.98666623600002], [0.9, 46.04148034800892], [1.0, 46.020542320009554]], "time_est": [[0.1, 0.002050220995442942], [0.2, 0.0023396529868477955], [0.30000000000000004, 0.002327006994164549], [0.4, 0.002313279008376412], [0.5, 0.0023147409956436604], [0.6000000000000001, 0.002057650010101497], [0.7000000000000001, 0.002078506993711926], [0.8, 0.0023369770060526207], [0.9, 0.00235799299844075], [1.0, 0.0023174020025180653]]}, "5": {"kl_train": [[0.1, 0.21589088393874561], [0.2, 0.22604466847585614], [0.30000000000000004, 0.2357171882899231], [0.4, 0.2482436595871509], [0.5, 0.2536091895702886], [0.6000000000000001, 0.25188227387199474], [0.7000000000000001, 0.25886121510574], [0.8, 0.2584667613228676], [0.9, 0.26023853608410563], [1.0, 0.2563732493942989]], "kl_target": [[0.1, 0.22047189437040543], [0.2, 0.3022330347554379], [0.30000000000000004, 0.28119999161391185], [0.4, 0.27026669471864007], [0.5, 0.22965405457172083], [0.6000000000000001, 0.22246093438728334], [0.7000000000000001, 0.23440958746511956], [0.8, 0.23162693643788712], [0.9, 0.231921788937672], [1.0, 0.24013801872163318]], "time_train": [[0.1, 46.24280444800388], [0.2, 46.212929828005144], [0.30000000000000004, 46.17172491799283], [0.4, 46.15906213699782], [0.5, 46.17482679300883], [0.6000000000000001, 46.16661699199176], [0.7000000000000001, 46.17341209300503], [0.8, 46.19696601301257], [0.9, 46.19735691299138], [1.0, 46.2221023710008]], "time_est": [[0.1, 0.0024357029906241223], [0.2, 0.0024185090005630627], [0.30000000000000004, 0.0021210639970377088], [0.4, 0.002428257997962646], [0.5, 0.0024188969982787967], [0.6000000000000001, 0.0024052320077316836], [0.7000000000000001, 0.002096027004881762], [0.8, 0.0024305650003952906], [0.9, 0.0024294339964399114], [1.0, 0.0024493289965903386]]}, "6": {"kl_train": [[0.1, 0.4340942347361281], [0.2, 0.5120138330138663], [0.30000000000000004, 0.552691791610991], [0.4, 0.5580127997326837], [0.5, 0.5588424716348632], [0.6000000000000001, 0.5656295477995695], [0.7000000000000001, 0.5648685612511168], [0.8, 0.5647710763327899], [0.9, 0.5681873523412431], [1.0, 0.5686595411275391]], "kl_target": [[0.1, 0.19801636508996953], [0.2, 0.201726328204482], [0.30000000000000004, 0.14189101549888586], [0.4, 0.10263367304099233], [0.5, 0.09193422967151978], [0.6000000000000001, 0.08156152237854987], [0.7000000000000001, 0.07373792444855388], [0.8, 0.07972713788547753], [0.9, 0.0855568179018017], [1.0, 0.08955038919375873]], "time_train": [[0.1, 46.063993447998655], [0.2, 46.12310019899451], [0.30000000000000004, 46.07549737599038], [0.4, 46.15385156100092], [0.5, 46.13239882799098], [0.6000000000000001, 46.07831914999406], [0.7000000000000001, 46.09372168799746], [0.8, 47.74104306499066], [0.9, 46.65987360299914], [1.0, 46.148626248002984]],