{"1": {"kl_train": [[0.1, 0.0004824044232513688], [0.2, 0.0008250192152551822], [0.30000000000000004, 0.0011068458062090936], [0.4, 0.000731151605087306], [0.5, 0.001381224218210933], [0.6000000000000001, 0.00098427846305386], [0.7000000000000001, 0.0009845818748404327], [0.8, 0.0012712209630781146], [0.9, 0.0007951621648106983], [1.0, 0.0006484444513378064]], "kl_target": [[0.1, 0.0009331797375560622], [0.2, 0.0006253564908307542], [0.30000000000000004, 0.0009960660314829299], [0.4, 0.0010954680281296157], [0.5, 0.0015590675608220443], [0.6000000000000001, 0.0012581139575992143], [0.7000000000000001, 0.0007099521992661557], [0.8, 0.0007569256902456833], [0.9, 0.0003735094863618551], [1.0, 0.0005065094576909639]], "time_train": [[0.1, 113.14489296900138], [0.2, 114.6940781700032], [0.30000000000000004, 113.72423745100241], [0.4, 116.31325412500155], [0.5, 114.532870610994], [0.6000000000000001, 114.09179640100047], [0.7000000000000001, 112.44301686499966], [0.8, 113.86738551799499], [0.9, 115.29847387399786], [1.0, 113.70186719099729]], "time_est": [[0.1, 0.002480846000253223], [0.2, 0.0035057200002484024], [0.30000000000000004, 0.0031010480015538633], [0.4, 0.0033748919959180057], [0.5, 0.0018897010013461113], [0.6000000000000001, 0.012435941003786866], [0.7000000000000001, 0.009052220004377887], [0.8, 0.013782852001895662], [0.9, 0.0018370320030953735], [1.0, 0.003897203001542948]]}, "2": {"kl_train": [[0.1, 0.00983668612333328], [0.2, 0.0089349754643481], [0.30000000000000004, 0.009551294276696999], [0.4, 0.009016845707839985], [0.5, 0.00813567962995182], [0.6000000000000001, 0.009539346102686525], [0.7000000000000001, 0.007930221898599292], [0.8, 0.009406807189388692], [0.9, 0.009773236692511098], [1.0, 0.009432382954137014]], "kl_target": [[0.1, -0.0012815326182186067], [0.2, -0.0010589433519960086], [0.30000000000000004, 0.0001137995875496024], [0.4, 0.0009182635194239642], [0.5, 0.0011762198350300142], [0.6000000000000001, 0.0006994339386910822], [0.7000000000000001, 0.0002665985355328335], [0.8, 0.0012060256399984844], [0.9, 0.0008488970982476463], [1.0, 0.003848587623729641]], "time_train": [[0.1, 120.55407692799781], [0.2, 121.01514149700233], [0.30000000000000004, 119.40733293299854], [0.4, 119.74213927500386], [0.5, 121.09585924800194], [0.6000000000000001, 118.58912348299782], [0.7000000000000001, 56.604475116000685], [0.8, 99.99693652399583], [0.9, 119.25550444499822], [1.0, 119.46956113800115]], "time_est": [[0.1, 0.008918572995753493], [0.2, 0.005609619998722337], [0.30000000000000004, 0.008314051003253553], [0.4, 0.007413485996949021], [0.5, 0.005492169999342877], [0.6000000000000001, 0.00843893199635204], [0.7000000000000001, 0.002654666001035366], [0.8, 0.00835837399790762], [0.9, 0.005353202002879698], [1.0, 0.008572181999625172]]}, "3": {"kl_train": [[0.1, 0.039774022404977974], [0.2, 0.02671199572109267], [0.30000000000000004, 0.023918595434521225], [0.4, 0.027407295970130037], [0.5, 0.024185540296720057], [0.6000000000000001, 0.026081149104329023], [0.7000000000000001, 0.02284852909523299], [0.8, 0.022367581455326163], [0.9, 0.024454989115997305], [1.0, 0.020225092798509405]], "kl_target": [[0.1, 0.005095336520551103], [0.2, 0.0461842840693383], [0.30000000000000004, 0.05174806469429009], [0.4, 0.05065155622941562], [0.5, 0.050074678593609014], [0.6000000000000001, 0.04950215163816694], [0.7000000000000001, 0.05180521046952929], [0.8, 0.04893269797223678], [0.9, 0.054278727620117505], [1.0, 0.05480218794042098]], "time_train": [[0.1, 46.2213552050016], [0.2, 46.210063956998056], [0.30000000000000004, 46.18748650699854], [0.4, 46.18029595800181], [0.5, 46.19732771500276], [0.6000000000000001, 46.10389842999575], [0.7000000000000001, 46.13223289600137], [0.8, 46.09846189599921], [0.9, 46.14325028099847], [1.0, 46.15091473999928]], "time_est": [[0.1, 0.002732920002017636], [0.2, 0.0027385419962229207], [0.30000000000000004, 0.0027435019947006367], [0.4, 0.0027531430023373105], [0.5, 0.0027637800012598746], [0.6000000000000001, 0.0027465820021461695], [0.7000000000000001, 0.0027338500003679655], [0.8, 0.0027036210012738593], [0.9, 0.0027671770003507845], [1.0, 0.0027437570024630986]]}, "4": {"kl_train": [[0.1, 0.11341556449570203], [0.2, 0.11513399990730823], [0.30000000000000004, 0.12151455841064551], [0.4, 0.12319419518566292], [0.5, 0.12234489027394], [0.6000000000000001, 0.12327379061238848], [0.7000000000000001, 0.12460260259026244], [0.8, 0.12373126249387097], [0.9, 0.12303586539999475], [1.0, 0.11744351206487674]], "kl_target": [[0.1, 0.09029132103524724], [0.2, 0.08266597114716207], [0.30000000000000004, 0.06383702619602624], [0.4, 0.053474525867042814], [0.5, 0.04728602092762892], [0.6000000000000001, 0.049958545463324296], [0.7000000000000001, 0.04863975915969686], [0.8, 0.05237497958860255], [0.9, 0.05600349697064089], [1.0, 0.05920038381452365]], "time_train": [[0.1, 46.00721737000276], [0.2, 45.99782715499168], [0.30000000000000004, 46.0055066900095], [0.4, 46.012515622001956], [0.5, 45.96018040999479], [0.6000000000000001, 46.05484299600357], [0.7000000000000001, 46.06844158000604], [0.8, 46.08589336500154], [0.9, 46.101790040003834], [1.0, 46.05902123199485]], "time_est": [[0.1, 0.0023503389966208488], [0.2, 0.0023534099891548976], [0.30000000000000004, 0.0020199459977447987], [0.4, 0.0020860200020251796], [0.5, 0.0023472180037060753], [0.6000000000000001, 0.002328008005861193], [0.7000000000000001, 0.002348830006667413], [0.8, 0.0023126049927668646], [0.9, 0.002041888001258485], [1.0, 0.0023417399934260175]]}, "5": {"kl_train": [[0.1, 0.2057266923957026], [0.2, 0.2081514338279031], [0.30000000000000004, 0.20315841906835025], [0.4, 0.20473106592626142], [0.5, 0.211913982599649], [0.6000000000000001, 0.2101926954810062], [0.7000000000000001, 0.20839816611880715], [0.8, 0.20853605702642525], [0.9, 0.20973146433083997], [1.0, 0.21255616388489998]], "kl_target": [[0.1, 0.26286234799809244], [0.2, 0.3650566344486277], [0.30000000000000004, 0.42144203890868476], [0.4, 0.42548365825691625], [0.5, 0.4195148973766701], [0.6000000000000001, 0.41950357240113034], [0.7000000000000001, 0.39888347743221186], [0.8, 0.4123655518748843], [0.9, 0.4038369753679541], [1.0, 0.40446220864203414]], "time_train": [[0.1, 46.29948600901116], [0.2, 46.28455081899301], [0.30000000000000004, 46.289943971001776], [0.4, 46.2742940820026], [0.5, 46.29992327399668], [0.6000000000000001, 46.28030572000716], [0.7000000000000001, 46.266634628002066], [0.8, 46.19193722899945], [0.9, 46.22028852799849], [1.0, 46.25803509900288]], "time_est": [[0.1, 0.0024392100021941587], [0.2, 0.0024086569901555777], [0.30000000000000004, 0.002108903994667344], [0.4, 0.002451794993248768], [0.5, 0.0024146070063579828], [0.6000000000000001, 0.0024300719960592687], [0.7000000000000001, 0.0023783959913998842], [0.8, 0.002419290001853369], [0.9, 0.0024506670015398413], [1.0, 0.0024452740035485476]]}, "6": {"kl_train": [[0.1, 0.4202250840955791], [0.2, 0.5096615911345678], [0.30000000000000004, 0.5489525482989109], [0.4, 0.5667433570618641], [0.5, 0.5743751322580297], [0.6000000000000001, 0.5712233796302966], [0.7000000000000001, 0.5653748677853431], [0.8, 0.5773116223975835], [0.9, 0.576745655330339], [1.0, 0.5736291459291449]], "kl_target": [[0.1, 0.2549458795774979], [0.2, 0.22835008006915913], [0.30000000000000004, 0.1466873129688516], [0.4, 0.08707839524862711], [0.5, 0.05777910527113455], [0.6000000000000001, 0.02731569616178387], [0.7000000000000001, 0.03266622967464224], [0.8, 0.028258681900121183], [0.9, 0.047075124676024926], [1.0, 0.04792009447748522]], "time_train": [[0.1, 46.20308103799471], [0.2, 46.16401251500065], [0.30000000000000004, 46.14228272200853], [0.4, 46.14711589401122], [0.5, 46.07839889699244], [0.6000000000000001, 46.15814226100338], [0.7000000000000001, 46.23413457600691], [0.8, 46.12956671799475], [0.9, 46.1907436420006], [1.0, 46.212855436999234]],