{"1": {"kl_train": [[0.1, 0.012220692314010621], [0.2, 0.003942176647254203], [0.30000000000000004, 0.0038567468255006508], [0.4, 0.004150774874525902], [0.5, 0.00890806804237579], [0.6000000000000001, 0.009746247912583732], [0.7000000000000001, 0.0013790322690759593], [0.8, 0.01218712894891943], [0.9, 0.001707543704302595], [1.0, 0.01007611180665379]], "kl_target": [[0.1, 0.021494272039399406], [0.2, 0.011910250088609148], [0.30000000000000004, 0.00894197633457599], [0.4, 0.01426741257782167], [0.5, 0.0186227922363371], [0.6000000000000001, 0.02146114099953378], [0.7000000000000001, 0.013356771975751944], [0.8, 0.01906814432348065], [0.9, 0.008220100285067393], [1.0, 0.011569393506968896]], "time_train": [[0.1, 0.4577384049999971], [0.2, 0.44975404700000254], [0.30000000000000004, 0.4661072070000003], [0.4, 0.44675419199999666], [0.5, 0.4659558240000017], [0.6000000000000001, 0.4585586070000005], [0.7000000000000001, 0.4635644929999998], [0.8, 0.462810146999999], [0.9, 0.45718547400000276], [1.0, 0.46164698199999776]], "time_est": [[0.1, 0.0007492149999990261], [0.2, 0.0009125710000006393], [0.30000000000000004, 0.0006957609999993508], [0.4, 0.0009125710000006393], [0.5, 0.0009194130000018674], [0.6000000000000001, 0.0009322419999975295], [0.7000000000000001, 0.0007402349999985347], [0.8, 0.0008300380000001439], [0.9, 0.0009360909999998057], [1.0, 0.0009202679999980035]]}, "2": {"kl_train": [[0.1, 0.044020583992836], [0.2, 0.04032604241417939], [0.30000000000000004, 0.055258202045088876], [0.4, 0.050219467151137905], [0.5, 0.035804469230414734], [0.6000000000000001, 0.0583209663115573], [0.7000000000000001, 0.05170023298506977], [0.8, 0.06003787045948552], [0.9, 0.05031431333272874], [1.0, 0.050316197091936125]], "kl_target": [[0.1, 0.02391658225215693], [0.2, 0.027344365789764274], [0.30000000000000004, 0.02362352027676992], [0.4, 0.010018233488905025], [0.5, 0.025308969553917465], [0.6000000000000001, 0.023361707028225268], [0.7000000000000001, 0.03653055454651061], [0.8, 0.03144791912368195], [0.9, 0.0189548507582772], [1.0, 0.02565512919748025]], "time_train": [[0.1, 0.49058157000000335], [0.2, 0.4627117910000038], [0.30000000000000004, 0.5003731109999876], [0.4, 0.4795977839999921], [0.5, 0.47587736600000596], [0.6000000000000001, 0.4730318889999978], [0.7000000000000001, 0.5266495240000069], [0.8, 0.5075158859999931], [0.9, 0.4781737630000009], [1.0, 0.47277402500000676]], "time_est": [[0.1, 0.0007269780000029868], [0.2, 0.0007227010000008249], [0.30000000000000004, 0.0008360249999981306], [0.4, 0.0007915509999918413], [0.5, 0.0009899730000029194], [0.6000000000000001, 0.0009360920000034412], [0.7000000000000001, 0.0008317479999959687], [0.8, 0.000990829000002691], [0.9, 0.000986552000000529], [1.0, 0.0009882629999964365]]}, "3": {"kl_train": [[0.1, 0.14098356652932595], [0.2, 0.14999335833802252], [0.30000000000000004, 0.17427295200910467], [0.4, 0.15116311095679358], [0.5, 0.12848941261351704], [0.6000000000000001, 0.11264104761126043], [0.7000000000000001, 0.1104913246804573], [0.8, 0.12981886385097166], [0.9, 0.1156050937477341], [1.0, 0.11203906369242926]], "kl_target": [[0.1, 0.12486268298564734], [0.2, 0.1570411957024248], [0.30000000000000004, 0.21455585606133026], [0.4, 0.17243735842806424], [0.5, 0.226880914940094], [0.6000000000000001, 0.23480156287179496], [0.7000000000000001, 0.1899603135350676], [0.8, 0.2489173594378677], [0.9, 0.18617008948383604], [1.0, 0.23018204833450917]], "time_train": [[0.1, 0.4827340539999909], [0.2, 0.4652771689999895], [0.30000000000000004, 0.4677142559999936], [0.4, 0.46644503799998915], [0.5, 0.4685216299999979], [0.6000000000000001, 0.47461712799997713], [0.7000000000000001, 0.47039680599999656], [0.8, 0.4734556740000073], [0.9, 0.472275403000026], [1.0, 0.4747881819999975]], "time_est": [[0.1, 0.00099638700001492], [0.2, 0.0009942499999908705], [0.30000000000000004, 0.0007291169999916747], [0.4, 0.0010173419999830458], [0.5, 0.0010075069999970765], [0.6000000000000001, 0.000994677000022648], [0.7000000000000001, 0.0009775709999928495], [0.8, 0.0007496430000060172], [0.9, 0.0009993810000139547], [1.0, 0.0010301700000070468]]}, "4": {"kl_train": [[0.1, 0.2497903033017688], [0.2, 0.3069073840660764], [0.30000000000000004, 0.3199665403559637], [0.4, 0.33550213048841115], [0.5, 0.3320015232778529], [0.6000000000000001, 0.35145432100498397], [0.7000000000000001, 0.34129009326123644], [0.8, 0.3446410012340098], [0.9, 0.3558787863747214], [1.0, 0.31235801799804563]], "kl_target": [[0.1, 0.16379962438352688], [0.2, 0.2589055596706605], [0.30000000000000004, 0.22165223318795102], [0.4, 0.326325481900845], [0.5, 0.2388602328613343], [0.6000000000000001, 0.21490252819277647], [0.7000000000000001, 0.25668246217499613], [0.8, 0.28165080520459124], [0.9, 0.23054034785672267], [1.0, 0.23984905652513067]], "time_train": [[0.1, 0.5134548700000039], [0.2, 0.4818984569999998], [0.30000000000000004, 0.4801913410000225], [0.4, 0.4765320749999944], [0.5, 0.48609953600001177], [0.6000000000000001, 0.48473538199999666], [0.7000000000000001, 0.4830209969999828], [0.8, 0.4813091770000142], [0.9, 0.4801259130000233], [1.0, 0.47874550899999235]], "time_est": [[0.1, 0.0010536910000098487], [0.2, 0.0008189190000109647], [0.30000000000000004, 0.0009279660000061085], [0.4, 0.0009814210000058665], [0.5, 0.000779577999992398], [0.6000000000000001, 0.0010703680000005988], [0.7000000000000001, 0.0008184919999791873], [0.8, 0.00086809699999435], [0.9, 0.0007778670000107013], [1.0, 0.0010703689999900234]]}, "5": {"kl_train": [[0.1, 0.4627727063808956], [0.2, 0.5098756766940208], [0.30000000000000004, 0.5183611905594105], [0.4, 0.5592271065304272], [0.5, 0.6007726654462942], [0.6000000000000001, 0.6120530575248186], [0.7000000000000001, 0.5990102895117997], [0.8, 0.5973189270692102], [0.9, 0.5962821152573449], [1.0, 0.6097497992485682]], "kl_target": [[0.1, 0.06910356421386077], [0.2, 0.22801098653214724], [0.30000000000000004, 0.5892400216930921], [0.4, 0.3637458455025117], [0.5, 0.41546865192276605], [0.6000000000000001, 0.5406936929467153], [0.7000000000000001, 0.5569314167077164], [0.8, 0.6265828341811961], [0.9, 0.6467558748387795], [1.0, 0.4296549333075934]], "time_train": [[0.1, 0.5091426060000117], [0.2, 0.5070672969999919], [0.30000000000000004, 0.5041444170000204], [0.4, 0.5101060659999916], [0.5, 0.5026742109999986], [0.6000000000000001, 0.5029962189999537], [0.7000000000000001, 0.5052643909999688], [0.8, 0.5017197320000264], [0.9, 0.5046746840000083], [1.0, 0.5071263109999791]], "time_est": [[0.1, 0.0011704350000059094], [0.2, 0.0008608280000430568], [0.30000000000000004, 0.0008877679999841348], [0.4, 0.0011109929999975066], [0.5, 0.0009023079999792571], [0.6000000000000001, 0.000808656999993218], [0.7000000000000001, 0.0008591170000045167], [0.8, 0.0012029359999701228], [0.9, 0.0009442159999935029], [1.0, 0.0008826369999610506]]}, "6": {"kl_train": [[0.1, 0.5837131592605027], [0.2, 0.6212371188008831], [0.30000000000000004, 0.7231781742718022], [0.4, 0.8232780379062856], [0.5, 0.8487133071785767], [0.6000000000000001, 0.8982719966385682], [0.7000000000000001, 1.0159636421515132], [0.8, 1.0178215780052917], [0.9, 1.0117306163384425], [1.0, 1.0300295102730048]], "kl_target": [[0.1, 0.2910133895584771], [0.2, 0.7123256585626507], [0.30000000000000004, 1.1428142046193372], [0.4, 2.567200928387499], [0.5, 2.202348384767329], [0.6000000000000001, 1.679420100965437], [0.7000000000000001, 0.9702704210049694], [0.8, 0.21630008277219126], [0.9, 0.2398534978252303], [1.0, 0.11284766114420766]], "time_train": [[0.1, 0.5316271870000264], [0.2, 0.5266897219999578], [0.30000000000000004, 0.5247427029999585], [0.4, 0.5248808289999829], [0.5, 0.5445549970000343], [0.6000000000000001, 0.5501912169999628], [0.7000000000000001, 0.5387682500000324], [0.8, 0.5318936030000145], [0.9, 0.5247465519999537], [1.0, 0.5382418330000291]],