{"1": {"kl_train": [[0.1, 0.000920848043917155], [0.2, 0.0007442739564185063], [0.30000000000000004, 0.0010005116146384395], [0.4, 0.0010852432440826675], [0.5, 0.0007678096174266036], [0.6000000000000001, 0.0006773836683412251], [0.7000000000000001, 0.0007277710175957968], [0.8, 0.001036885126204485], [0.9, 0.0008077610617570619], [1.0, 0.0007829831919021439]], "kl_target": [[0.1, 0.0016402355595526179], [0.2, 0.0009731373457115879], [0.30000000000000004, 0.00024646093886180134], [0.4, 0.0006249379644473118], [0.5, 0.00031341667807414377], [0.6000000000000001, 0.0005185490069644544], [0.7000000000000001, 0.0005362583505611918], [0.8, 0.0014095375084511527], [0.9, 0.0007474409610338194], [1.0, 0.0005378451913026844]], "time_train": [[0.1, 116.04307670200069], [0.2, 113.43134754899802], [0.30000000000000004, 114.95312623299833], [0.4, 113.02217141399888], [0.5, 47.21870621299968], [0.6000000000000001, 86.82162026399965], [0.7000000000000001, 113.54475445799835], [0.8, 114.2360779360024], [0.9, 112.21760665400143], [1.0, 115.82478943299793]], "time_est": [[0.1, 0.002438130999507848], [0.2, 0.009969164999347413], [0.30000000000000004, 0.0032457829984195996], [0.4, 0.002387842003372498], [0.5, 0.0018089200020767748], [0.6000000000000001, 0.0033714169985614717], [0.7000000000000001, 0.0035734739976760466], [0.8, 0.003348906000610441], [0.9, 0.01865010199981043], [1.0, 0.004652531999454368]]}, "2": {"kl_train": [[0.1, 0.009494373686609927], [0.2, 0.010955804254007051], [0.30000000000000004, 0.011419731025893493], [0.4, 0.009965648765300573], [0.5, 0.010373290700217799], [0.6000000000000001, 0.00957676734290922], [0.7000000000000001, 0.008366574286549671], [0.8, 0.011912471281662453], [0.9, 0.009246725776372543], [1.0, 0.008820763240157455]], "kl_target": [[0.1, -0.003528367495774259], [0.2, -0.0031778129206933288], [0.30000000000000004, -0.003556398165241795], [0.4, -0.0016152915381688843], [0.5, -0.00233020943650395], [0.6000000000000001, -0.00025934063290797196], [0.7000000000000001, 0.0007089184130375502], [0.8, -0.0013251324070127548], [0.9, 0.000626969973254621], [1.0, 2.672508989147049e-06]], "time_train": [[0.1, 118.25290246900113], [0.2, 121.27597331300058], [0.30000000000000004, 120.32899266300228], [0.4, 117.59424401000433], [0.5, 120.99018264900224], [0.6000000000000001, 119.19711119199928], [0.7000000000000001, 120.28734692600119], [0.8, 119.33934728200256], [0.9, 119.37753963900468], [1.0, 119.34628691500257]], "time_est": [[0.1, 0.00609170799725689], [0.2, 0.005049143997894134], [0.30000000000000004, 0.008025237002584618], [0.4, 0.022637467001914047], [0.5, 0.005921878000663128], [0.6000000000000001, 0.011158936998981517], [0.7000000000000001, 0.005452687997603789], [0.8, 0.004918654005450662], [0.9, 0.0027857700042659417], [1.0, 0.009015222996822558]]}, "3": {"kl_train": [[0.1, 0.04559573604277574], [0.2, 0.047086254134000485], [0.30000000000000004, 0.044910534186272374], [0.4, 0.04133991597679216], [0.5, 0.039186378186699664], [0.6000000000000001, 0.041708934153854384], [0.7000000000000001, 0.040780982827282646], [0.8, 0.04321927879934511], [0.9, 0.03988505830356254], [1.0, 0.04197100654158028]], "kl_target": [[0.1, -0.004250062971359567], [0.2, -0.0036883277521754126], [0.30000000000000004, -0.0013451502568552595], [0.4, -0.0010304457522097468], [0.5, 0.0021039881336395376], [0.6000000000000001, 0.004410728490054004], [0.7000000000000001, 0.005864287395076155], [0.8, 0.006174167629860682], [0.9, 0.003652857175042361], [1.0, 0.003274037134964303]], "time_train": [[0.1, 46.227176602995314], [0.2, 46.95489416200144], [0.30000000000000004, 47.305198758003826], [0.4, 46.29676858699531], [0.5, 46.18709944500006], [0.6000000000000001, 46.212368628999684], [0.7000000000000001, 46.23953384700144], [0.8, 46.3015483670024], [0.9, 46.23385527999926], [1.0, 46.23432419999881]], "time_est": [[0.1, 0.0027992469986202195], [0.2, 0.0029311370017239824], [0.30000000000000004, 0.0027645780064631253], [0.4, 0.00281863800046267], [0.5, 0.0027492509980220348], [0.6000000000000001, 0.0027144460036652163], [0.7000000000000001, 0.0027170429966645315], [0.8, 0.002750648003711831], [0.9, 0.0027541000017663464], [1.0, 0.0027589839955908246]]}, "4": {"kl_train": [[0.1, 0.1211790252065721], [0.2, 0.1327757205274477], [0.30000000000000004, 0.13393651873952428], [0.4, 0.13097614079080072], [0.5, 0.13256889313718553], [0.6000000000000001, 0.1265988273815683], [0.7000000000000001, 0.13274784539459422], [0.8, 0.1257028537344378], [0.9, 0.1297418680316066], [1.0, 0.12819933659344174]], "kl_target": [[0.1, 0.03502425194466214], [0.2, 0.0115349310605224], [0.30000000000000004, 0.010828682674756231], [0.4, 0.005490961979241024], [0.5, -0.006070135230924339], [0.6000000000000001, 0.002076705756172381], [0.7000000000000001, 0.0015671246699378678], [0.8, 0.01640729267977851], [0.9, 0.01480962678246016], [1.0, 0.014649509177988759]], "time_train": [[0.1, 46.02369641599944], [0.2, 46.002580829997896], [0.30000000000000004, 46.061358261998976], [0.4, 46.000517432999914], [0.5, 46.05151370500971], [0.6000000000000001, 46.019922981009586], [0.7000000000000001, 46.05040145300154], [0.8, 46.027055997008574], [0.9, 46.14509406499565], [1.0, 46.097721725993324]], "time_est": [[0.1, 0.0023032779863569885], [0.2, 0.0022883810015628114], [0.30000000000000004, 0.00233499999740161], [0.4, 0.002308159993845038], [0.5, 0.002323369000805542], [0.6000000000000001, 0.002338648002478294], [0.7000000000000001, 0.0020266679930500686], [0.8, 0.002024244997301139], [0.9, 0.0023325380025198683], [1.0, 0.0023407069966197014]]}, "5": {"kl_train": [[0.1, 0.2641115997908064], [0.2, 0.30240167977126664], [0.30000000000000004, 0.3128544906105716], [0.4, 0.30903275443661316], [0.5, 0.30494573604220165], [0.6000000000000001, 0.30615696725049313], [0.7000000000000001, 0.30669769465949714], [0.8, 0.30966855401202403], [0.9, 0.30881056006023594], [1.0, 0.3039866581422368]], "kl_target": [[0.1, 0.152099609413617], [0.2, 0.00624431663460019], [0.30000000000000004, -0.01817603141625602], [0.4, -0.023259371518423735], [0.5, -0.03513243677621283], [0.6000000000000001, -0.029263998224070595], [0.7000000000000001, -0.03711673895734455], [0.8, -0.03606266858265952], [0.9, -0.036943220815239104], [1.0, -0.03173515454035655]], "time_train": [[0.1, 46.21110113199393], [0.2, 46.2154447560024], [0.30000000000000004, 46.23724746699736], [0.4, 46.20627820100344], [0.5, 46.2615924970014], [0.6000000000000001, 46.24883235900779], [0.7000000000000001, 46.22373294898716], [0.8, 46.20885292100138], [0.9, 46.20403869400616], [1.0, 46.25966530399455]], "time_est": [[0.1, 0.002124021004419774], [0.2, 0.0021440070122480392], [0.30000000000000004, 0.002401617995928973], [0.4, 0.0024225819943239912], [0.5, 0.002410497996606864], [0.6000000000000001, 0.0024334769987035543], [0.7000000000000001, 0.00247361499350518], [0.8, 0.0024487490009050816], [0.9, 0.0020935509965056553], [1.0, 0.002428143998258747]]}, "6": {"kl_train": [[0.1, 0.4828572078767405], [0.2, 0.5285046304546388], [0.30000000000000004, 0.5432626506773846], [0.4, 0.5511108745537726], [0.5, 0.5478390871176114], [0.6000000000000001, 0.5526110241048967], [0.7000000000000001, 0.5471433982582313], [0.8, 0.5551356750325119], [0.9, 0.5463083106187135], [1.0, 0.5465472517421254]], "kl_target": [[0.1, 0.14500113134066847], [0.2, 0.12624708578380592], [0.30000000000000004, 0.10636864554674648], [0.4, 0.09842898444528532], [0.5, 0.09159918133137394], [0.6000000000000001, 0.0954666686976001], [0.7000000000000001, 0.10278117443201068], [0.8, 0.1102893335997273], [0.9, 0.1080141440165769], [1.0, 0.10586280201461364]], "time_train": [[0.1, 46.35872490500333], [0.2, 46.109991331002675], [0.30000000000000004, 46.15116925199982], [0.4, 46.19342012099514], [0.5, 46.16081463800219], [0.6000000000000001, 46.15998724999372], [0.7000000000000001, 46.16631548800797], [0.8, 46.15247152099619], [0.9, 46.17376016099297], [1.0, 46.13967838299868]],