{"1": {"kl_train": [[0.1, 0.005523851374573469], [0.2, 0.002710258682806851], [0.30000000000000004, 0.006641817809583648], [0.4, 0.005220491230106916], [0.5, 0.0023178117317497315], [0.6000000000000001, 0.004898790747501355], [0.7000000000000001, 0.007660264230472086], [0.8, 0.006993504626024928], [0.9, 0.006493527374484395], [1.0, 0.006353465150041071]], "kl_target": [[0.1, 0.00037394297518634015], [0.2, 0.00241315331553877], [0.30000000000000004, 0.0023977142747214036], [0.4, 0.0024538281479395073], [0.5, 0.005858841027784422], [0.6000000000000001, 0.00295002515845061], [0.7000000000000001, 0.00392073552176107], [0.8, 0.006384194326330384], [0.9, 0.002087601921771103], [1.0, 0.004462418253068817]], "time_train": [[0.1, 2.4360282699999942], [0.2, 2.3463931399999893], [0.30000000000000004, 2.3458457690000074], [0.4, 2.467293036000001], [0.5, 2.4619382009999953], [0.6000000000000001, 2.4014416400000016], [0.7000000000000001, 2.446232478000013], [0.8, 2.315762982999999], [0.9, 2.285548485999996], [1.0, 2.3141559339999986]], "time_est": [[0.1, 0.0008822090000109029], [0.2, 0.0008428670000029115], [0.30000000000000004, 0.0011695800000097734], [0.4, 0.0010028020000021343], [0.5, 0.0010725070000034975], [0.6000000000000001, 0.0011362239999925805], [0.7000000000000001, 0.0007932609999983242], [0.8, 0.0010263220000013007], [0.9, 0.0010045129999980418], [1.0, 0.0008266170000013062]]}, "2": {"kl_train": [[0.1, 0.028834653506300753], [0.2, 0.03433064646399037], [0.30000000000000004, 0.03069233435247876], [0.4, 0.03924859962128843], [0.5, 0.031019372627193717], [0.6000000000000001, 0.034640784705813665], [0.7000000000000001, 0.033665892485985026], [0.8, 0.029182919188388338], [0.9, 0.03206012955566524], [1.0, 0.030494690984682243]], "kl_target": [[0.1, 0.027188406235668375], [0.2, 0.03090698086612462], [0.30000000000000004, 0.02294545581936021], [0.4, 0.027581536061225254], [0.5, 0.037214539687118554], [0.6000000000000001, 0.038113004658790334], [0.7000000000000001, 0.034030121795386704], [0.8, 0.03089995816047769], [0.9, 0.028973364222389962], [1.0, 0.030950660192778992]], "time_train": [[0.1, 2.43692972300002], [0.2, 2.5052938980000192], [0.30000000000000004, 2.323397964999998], [0.4, 2.3699951300000066], [0.5, 2.3687797929999874], [0.6000000000000001, 2.3231850030000203], [0.7000000000000001, 2.309605905000012], [0.8, 2.3167384170000105], [0.9, 2.322694934000026], [1.0, 2.301974343999973]], "time_est": [[0.1, 0.0013496139999915613], [0.2, 0.0012401390000036372], [0.30000000000000004, 0.000867670000019416], [0.4, 0.0008937550000212013], [0.5, 0.0012119149999989531], [0.6000000000000001, 0.0008929009999860682], [0.7000000000000001, 0.00112040099998012], [0.8, 0.001311554000039905], [0.9, 0.000907868000012968], [1.0, 0.0009035909999965952]]}, "3": {"kl_train": [[0.1, 0.0907625606495821], [0.2, 0.08181208011016936], [0.30000000000000004, 0.0996886505854706], [0.4, 0.09875888266512162], [0.5, 0.10523205242265973], [0.6000000000000001, 0.09917354826545144], [0.7000000000000001, 0.09932787844874144], [0.8, 0.09188698759486755], [0.9, 0.09447156637039596], [1.0, 0.09613515764166872]], "kl_target": [[0.1, 0.0875823464295247], [0.2, 0.07825077149855397], [0.30000000000000004, 0.06129575980872224], [0.4, 0.0781972780320659], [0.5, 0.0822934894303105], [0.6000000000000001, 0.06502099661141852], [0.7000000000000001, 0.06938195876415135], [0.8, 0.0813209304067401], [0.9, 0.06454019933876166], [1.0, 0.05787335479210262]], "time_train": [[0.1, 2.4649744040000314], [0.2, 2.3585101559999657], [0.30000000000000004, 2.3391169440000112], [0.4, 2.38077236700002], [0.5, 2.405134262000047], [0.6000000000000001, 2.5795517280000126], [0.7000000000000001, 2.8525795109999876], [0.8, 2.5558295750000184], [0.9, 2.359963685000025], [1.0, 2.596163180000019]], "time_est": [[0.1, 0.0009177030000273589], [0.2, 0.0011747109999760141], [0.30000000000000004, 0.001273066999999628], [0.4, 0.0010382959999901686], [0.5, 0.0015253709999569764], [0.6000000000000001, 0.0011375069999530751], [0.7000000000000001, 0.0009322420000330567], [0.8, 0.0013833969999836881], [0.9, 0.0013603049999915129], [1.0, 0.0011174080000273534]]}, "4": {"kl_train": [[0.1, 0.1828280443614487], [0.2, 0.17532282031875726], [0.30000000000000004, 0.1649849811081389], [0.4, 0.16687614894641106], [0.5, 0.16193625167057896], [0.6000000000000001, 0.1432639582455792], [0.7000000000000001, 0.13953324698928424], [0.8, 0.15666367622217203], [0.9, 0.15172100042423306], [1.0, 0.16142766656088237]], "kl_target": [[0.1, 0.30033961756160477], [0.2, 0.44970362585929197], [0.30000000000000004, 0.5146795596457537], [0.4, 0.5400237712590522], [0.5, 0.6016445099621864], [0.6000000000000001, 0.6309988331151427], [0.7000000000000001, 0.6456576855395953], [0.8, 0.6248292486837934], [0.9, 0.6688333607056277], [1.0, 0.6938336151266006]], "time_train": [[0.1, 2.4807130540000344], [0.2, 2.4575575159999516], [0.30000000000000004, 2.442950386000007], [0.4, 2.4454952370000456], [0.5, 2.4482684450000534], [0.6000000000000001, 2.455838854000035], [0.7000000000000001, 2.50188950200004], [0.8, 2.7014629789999844], [0.9, 2.466092238999977], [1.0, 2.614049836999925]], "time_est": [[0.1, 0.001443692999941959], [0.2, 0.001154613000039717], [0.30000000000000004, 0.0010575389999303297], [0.4, 0.0014607990000286009], [0.5, 0.0014535290000594614], [0.6000000000000001, 0.0014381339999545162], [0.7000000000000001, 0.001425304999997934], [0.8, 0.0014590880000469042], [0.9, 0.0011045789999570843], [1.0, 0.0015287930000340566]]}, "5": {"kl_train": [[0.1, 0.3453234874424967], [0.2, 0.45895281771827734], [0.30000000000000004, 0.48855949132616044], [0.4, 0.5015187607996644], [0.5, 0.5204095817597331], [0.6000000000000001, 0.5064240370047965], [0.7000000000000001, 0.5046271807646714], [0.8, 0.5064571054574], [0.9, 0.5148814985557724], [1.0, 0.5218880705173665]], "kl_target": [[0.1, 0.25364125675113386], [0.2, 0.30419689502841757], [0.30000000000000004, 0.2703398576600779], [0.4, 0.30288962403491737], [0.5, 0.30448622126846425], [0.6000000000000001, 0.3401765870787375], [0.7000000000000001, 0.32099100119270696], [0.8, 0.31482543542120833], [0.9, 0.2760228556276802], [1.0, 0.3020519868990931]], "time_train": [[0.1, 2.4587480489999507], [0.2, 2.4399684919999345], [0.30000000000000004, 2.4332657530000006], [0.4, 2.360709052000061], [0.5, 2.3624212990000615], [0.6000000000000001, 2.3818098079999572], [0.7000000000000001, 2.3616742230000227], [0.8, 2.354431808999948], [0.9, 2.3599508560000686], [1.0, 2.353482033000091]], "time_est": [[0.1, 0.001518529000009039], [0.2, 0.0015249440000388859], [0.30000000000000004, 0.0014830359999677967], [0.4, 0.0013470479999568852], [0.5, 0.0010699409999688214], [0.6000000000000001, 0.0014967199999773584], [0.7000000000000001, 0.0014646479999100848], [0.8, 0.001079348999951435], [0.9, 0.0014937269999109049], [1.0, 0.0010943159999214913]]}, "6": {"kl_train": [[0.1, 0.5031090872481204], [0.2, 0.5816644916361495], [0.30000000000000004, 0.6729579659695503], [0.4, 0.7513380227198925], [0.5, 0.7956867515203284], [0.6000000000000001, 0.8206021302161569], [0.7000000000000001, 0.8361052897628076], [0.8, 0.84044421385701], [0.9, 0.8457884427719434], [1.0, 0.8610966559867589]], "kl_target": [[0.1, 0.8500978892761256], [0.2, 27.202394448300183], [0.30000000000000004, 32.327121503662475], [0.4, 0.47683030696967127], [0.5, 0.5769887023444289], [0.6000000000000001, 0.39058177266051286], [0.7000000000000001, 0.43337407221266155], [0.8, 0.5412605593406542], [0.9, 0.5380412306049448], [1.0, 0.5578080704726163]], "time_train": [[0.1, 2.4573073489999615], [0.2, 2.441794918000028], [0.30000000000000004, 2.65665888500007], [0.4, 2.731889154999976], [0.5, 2.4947232069999927], [0.6000000000000001, 2.8542631069999516], [0.7000000000000001, 2.5039412910000465], [0.8, 2.8453725910000003], [0.9, 2.4849962389999973], [1.0, 2.4530382770000188]],