{"1": {"kl_train": [[0.1, 0.01663637110512766], [0.2, 0.004279587274576653], [0.30000000000000004, 0.00584640400742198], [0.4, 0.008412050058508494], [0.5, 0.006891900805914188], [0.6000000000000001, 0.0035290412251657148], [0.7000000000000001, 0.007896588897895889], [0.8, 0.013330879221158965], [0.9, 0.007862035662469083], [1.0, 0.01563391985823919]], "kl_target": [[0.1, 0.003784082690961153], [0.2, 0.005534446460646992], [0.30000000000000004, 0.0020151649112194266], [0.4, 0.007850065354278436], [0.5, 0.009672468425772473], [0.6000000000000001, 0.012898164885336072], [0.7000000000000001, 0.015415998737094533], [0.8, 0.0032224239509237836], [0.9, 0.0032914501458530714], [1.0, 0.013677867242574122]], "time_train": [[0.1, 0.45806682799999976], [0.2, 0.4580860710000003], [0.30000000000000004, 0.4646938760000019], [0.4, 0.4572560330000002], [0.5, 0.46190570099999917], [0.6000000000000001, 0.4557935250000007], [0.7000000000000001, 0.4501906600000005], [0.8, 0.4660990819999995], [0.9, 0.4695928539999983], [1.0, 0.46368380399999864]], "time_est": [[0.1, 0.0009399399999985292], [0.2, 0.0007008930000012015], [0.30000000000000004, 0.0009236900000004766], [0.4, 0.0009506309999984808], [0.5, 0.0009407949999982179], [0.6000000000000001, 0.0008278989999972453], [0.7000000000000001, 0.0007325379999976178], [0.8, 0.0007047409999998422], [0.9, 0.0009343809999968755], [1.0, 0.0009313879999979235]]}, "2": {"kl_train": [[0.1, 0.06252511482747247], [0.2, 0.07333366992453089], [0.30000000000000004, 0.04345373351955529], [0.4, 0.04078584721947705], [0.5, 0.053904426802502965], [0.6000000000000001, 0.0476203797484517], [0.7000000000000001, 0.03829349721154823], [0.8, 0.04536720735091577], [0.9, 0.03595738910333074], [1.0, 0.03073423440731136]], "kl_target": [[0.1, 0.06349263796016356], [0.2, 0.052760254965688286], [0.30000000000000004, 0.07024661952120537], [0.4, 0.04162598381204386], [0.5, 0.041982568714853334], [0.6000000000000001, 0.03816343435236411], [0.7000000000000001, 0.054233299204834245], [0.8, 0.04052429257683668], [0.9, 0.03169625261686548], [1.0, 0.04502999203378857]], "time_train": [[0.1, 0.47350014699999576], [0.2, 0.4794489669999962], [0.30000000000000004, 0.48170088999999905], [0.4, 0.4782943550000027], [0.5, 0.4709475989999987], [0.6000000000000001, 0.4754830880000043], [0.7000000000000001, 0.4715599710000049], [0.8, 0.47865955500000723], [0.9, 0.4808798319999994], [1.0, 0.47447515400000384]], "time_est": [[0.1, 0.0007436559999973724], [0.2, 0.0009869789999896739], [0.30000000000000004, 0.0009955329999939977], [0.4, 0.0007406619999983377], [0.5, 0.0008928999999966436], [0.6000000000000001, 0.0009891180000067834], [0.7000000000000001, 0.0008911900000043715], [0.8, 0.0009792829999923924], [0.9, 0.0008368800000084775], [1.0, 0.0009852700000010373]]}, "3": {"kl_train": [[0.1, 0.12626657295719604], [0.2, 0.12294296798776325], [0.30000000000000004, 0.12894311026303243], [0.4, 0.12144418334647451], [0.5, 0.12284366057164256], [0.6000000000000001, 0.13170561342404563], [0.7000000000000001, 0.10760837685326793], [0.8, 0.0976335211166813], [0.9, 0.12605802263511529], [1.0, 0.09127279682561605]], "kl_target": [[0.1, 0.0854227810837237], [0.2, 0.19646985253829982], [0.30000000000000004, 0.19929253405024533], [0.4, 0.20214669465387203], [0.5, 0.21761035156253491], [0.6000000000000001, 0.2693926588275298], [0.7000000000000001, 0.30799469008471925], [0.8, 0.36208856898813724], [0.9, 0.21967794700615137], [1.0, 0.2568961471943039]], "time_train": [[0.1, 0.49136371299999837], [0.2, 0.47202865799999927], [0.30000000000000004, 0.4591004199999986], [0.4, 0.48099486499998534], [0.5, 0.4720855340000014], [0.6000000000000001, 0.46704586399999926], [0.7000000000000001, 0.4624761649999982], [0.8, 0.4709475989999987], [0.9, 0.4749275910000108], [1.0, 0.4761142759999757]], "time_est": [[0.1, 0.001058394000011731], [0.2, 0.0009809929999846645], [0.30000000000000004, 0.0008556960000021263], [0.4, 0.0007658929999934116], [0.5, 0.0007428010000012364], [0.6000000000000001, 0.0009891180000067834], [0.7000000000000001, 0.0009921109999879718], [0.8, 0.0007787220000068373], [0.9, 0.0009664529999895421], [1.0, 0.0009942499999908705]]}, "4": {"kl_train": [[0.1, 0.23175282300222436], [0.2, 0.2987842925406439], [0.30000000000000004, 0.30603336422023797], [0.4, 0.310109544531408], [0.5, 0.3182529492659573], [0.6000000000000001, 0.3252188666595842], [0.7000000000000001, 0.3075435736557979], [0.8, 0.29415818651392506], [0.9, 0.3024417978834936], [1.0, 0.3065104084669382]], "kl_target": [[0.1, 0.42092582008945656], [0.2, 0.35954408440428937], [0.30000000000000004, 0.2856897107224152], [0.4, 0.19180573724007302], [0.5, 0.1908879280890165], [0.6000000000000001, 0.2321830447427714], [0.7000000000000001, 0.2896467339421418], [0.8, 0.34427305652776924], [0.9, 0.36576739530042063], [1.0, 0.3483899487736335]], "time_train": [[0.1, 0.5045395520000113], [0.2, 0.4846271910000155], [0.30000000000000004, 0.48680000000001655], [0.4, 0.48793280399999617], [0.5, 0.4944982719999871], [0.6000000000000001, 0.4780275109999934], [0.7000000000000001, 0.482998331999994], [0.8, 0.4920004600000141], [0.9, 0.49230023199999096], [1.0, 0.488655504999997]], "time_est": [[0.1, 0.0007975380000004861], [0.2, 0.001081914999986111], [0.30000000000000004, 0.0009510579999982838], [0.4, 0.0010802039999759927], [0.5, 0.00107464499998855], [0.6000000000000001, 0.000782142999980806], [0.7000000000000001, 0.0010630980000030377], [0.8, 0.0010690850000116825], [0.9, 0.0007894130000067889], [1.0, 0.001131092999997918]]}, "5": {"kl_train": [[0.1, 0.43555004552879967], [0.2, 0.5481173853971059], [0.30000000000000004, 0.5834446610760421], [0.4, 0.6176669771063663], [0.5, 0.6370746834169979], [0.6000000000000001, 0.6543606580354555], [0.7000000000000001, 0.6484611694007243], [0.8, 0.625549114327501], [0.9, 0.6688322524930725], [1.0, 0.6637556197231751]], "kl_target": [[0.1, 0.26796654068529835], [0.2, 0.9862287516526128], [0.30000000000000004, 0.2080081819834173], [0.4, 0.2175358650521175], [0.5, 0.3106027746717516], [0.6000000000000001, 0.3156486620512335], [0.7000000000000001, 0.24155589783264098], [0.8, 0.35905851601165645], [0.9, 0.4040299608439995], [1.0, 0.46349721201363764]], "time_train": [[0.1, 0.5087201040000195], [0.2, 0.48706855400001814], [0.30000000000000004, 0.4854807490000326], [0.4, 0.49316533499995785], [0.5, 0.49112979699998505], [0.6000000000000001, 0.4867593749999628], [0.7000000000000001, 0.4864044389999549], [0.8, 0.4995452109999974], [0.9, 0.4928899390000083], [1.0, 0.5007203499999946]], "time_est": [[0.1, 0.0010220460000027742], [0.2, 0.0009288219999916691], [0.30000000000000004, 0.0011109929999975066], [0.4, 0.0010861910000130592], [0.5, 0.0007954000000154338], [0.6000000000000001, 0.0009023079999792571], [0.7000000000000001, 0.0008980320000091524], [0.8, 0.0010977370000091469], [0.9, 0.0011020140000255196], [1.0, 0.0011806980000415024]]}, "6": {"kl_train": [[0.1, 0.558101491290677], [0.2, 0.6793166392184972], [0.30000000000000004, 0.7769436907893005], [0.4, 0.8663443095507624], [0.5, 0.9592696368000441], [0.6000000000000001, 0.9919579084959197], [0.7000000000000001, 1.0523559120017003], [0.8, 1.0544556802143226], [0.9, 1.0712180358146208], [1.0, 1.0505977274395675]], "kl_target": [[0.1, 0.4315040004712577], [0.2, 1.8034158025690956], [0.30000000000000004, 3.1524767826689963], [0.4, 0.3303661751722901], [0.5, 0.554389801307688], [0.6000000000000001, 0.20152474432436912], [0.7000000000000001, 0.18093471014196852], [0.8, 0.2754782858915527], [0.9, 0.13356886952986588], [1.0, 0.15494392205999705]], "time_train": [[0.1, 0.5351179649999835], [0.2, 0.5205878090000056], [0.30000000000000004, 0.5214811369999666], [0.4, 0.5129173340000079], [0.5, 0.5158932399999685], [0.6000000000000001, 0.520784520999996], [0.7000000000000001, 0.5127257540000301], [0.8, 0.5182495049999716], [0.9, 0.4972287159999951], [1.0, 0.49719707200000585]],