{"1": {"kl_train": [[0.1, 0.007523499842237745], [0.2, 0.011100439603519745], [0.30000000000000004, 0.012550032879386773], [0.4, 0.00913850209213176], [0.5, 0.011399056039788294], [0.6000000000000001, 0.011804284228234891], [0.7000000000000001, 0.009765499805041336], [0.8, 0.013132295883065526], [0.9, 0.007828980954281356], [1.0, 0.004586048136677055]], "kl_target": [[0.1, 0.024195221141709074], [0.2, 0.025928370470507243], [0.30000000000000004, 0.024916951159879172], [0.4, 0.01120579376351799], [0.5, 0.021506803909071445], [0.6000000000000001, 0.016890101903385975], [0.7000000000000001, 0.020763994378711677], [0.8, 0.01977136564789412], [0.9, 0.015302766445812388], [1.0, 0.006168638160817205]], "time_train": [[0.1, 0.4595006859999984], [0.2, 0.45936298699999867], [0.30000000000000004, 0.4607857270000011], [0.4, 0.45506355300000223], [0.5, 0.4529784079999999], [0.6000000000000001, 0.4620198790000032], [0.7000000000000001, 0.4506927030000014], [0.8, 0.46188645699999853], [0.9, 0.467413202000003], [1.0, 0.4683052469999964]], "time_est": [[0.1, 0.0009279659999990031], [0.2, 0.0006902020000012499], [0.30000000000000004, 0.0009202690000051916], [0.4, 0.0007038859999966007], [0.5, 0.0007043139999964865], [0.6000000000000001, 0.0007004650000013157], [0.7000000000000001, 0.0009407949999982179], [0.8, 0.0009232620000005909], [0.9, 0.0009262559999996256], [1.0, 0.000934809000000314]]}, "2": {"kl_train": [[0.1, 0.05235011621564354], [0.2, 0.03953856085812088], [0.30000000000000004, 0.035897985783882085], [0.4, 0.0410991505265492], [0.5, 0.02988118797193164], [0.6000000000000001, 0.041573498835680435], [0.7000000000000001, 0.028434050925400384], [0.8, 0.03553852899673895], [0.9, 0.04262043168867075], [1.0, 0.03709569883051276]], "kl_target": [[0.1, 0.09704426602442094], [0.2, 0.06135693782483131], [0.30000000000000004, 0.0543838741042961], [0.4, 0.06780483897815011], [0.5, 0.07607386480429873], [0.6000000000000001, 0.1116438833314842], [0.7000000000000001, 0.07822283671472437], [0.8, 0.11043994988756334], [0.9, 0.10747000285900792], [1.0, 0.10301131092596277]], "time_train": [[0.1, 0.48109450399999787], [0.2, 0.4759278270000209], [0.30000000000000004, 0.4715877679999778], [0.4, 0.46502272699999025], [0.5, 0.4838707050000153], [0.6000000000000001, 0.4737276489999829], [0.7000000000000001, 0.4612911899999972], [0.8, 0.477487836999984], [0.9, 0.46748632799997836], [1.0, 0.4858070329999862]], "time_est": [[0.1, 0.000987835000017867], [0.2, 0.001001947000020209], [0.30000000000000004, 0.0009835590000193406], [0.4, 0.0007658930000218334], [0.5, 0.0008099390000211315], [0.6000000000000001, 0.0008355970000195612], [0.7000000000000001, 0.0009980980000250383], [0.8, 0.0007718800000020565], [0.9, 0.001001090999977805], [1.0, 0.000881354000000556]]}, "3": {"kl_train": [[0.1, 0.10906051604209199], [0.2, 0.16433366655820975], [0.30000000000000004, 0.13622659332672932], [0.4, 0.13719845357909402], [0.5, 0.14451482889847125], [0.6000000000000001, 0.13949297364294752], [0.7000000000000001, 0.1143696052239558], [0.8, 0.10949110299404317], [0.9, 0.14736071332247552], [1.0, 0.13737789353456312]], "kl_target": [[0.1, 0.23196451571980192], [0.2, 0.15691782198130735], [0.30000000000000004, 0.25144983068461396], [0.4, 0.2420503645923568], [0.5, 0.21938169215439476], [0.6000000000000001, 0.21634617947696108], [0.7000000000000001, 0.2696386107578818], [0.8, 0.21623660050753707], [0.9, 0.14413859026897635], [1.0, 0.22583352194404116]], "time_train": [[0.1, 0.4633096240000043], [0.2, 0.46885946099999387], [0.30000000000000004, 0.4712696069999822], [0.4, 0.46275583799999254], [0.5, 0.46525493199999346], [0.6000000000000001, 0.46601526599999943], [0.7000000000000001, 0.4743943310000134], [0.8, 0.4692960760000062], [0.9, 0.4609845759999871], [1.0, 0.47425748800000633]], "time_est": [[0.1, 0.000998525999989397], [0.2, 0.0007372420000137936], [0.30000000000000004, 0.0009925390000091738], [0.4, 0.0007389520000060656], [0.5, 0.0007440839999901527], [0.6000000000000001, 0.0007291160000022501], [0.7000000000000001, 0.000988690000014003], [0.8, 0.0010310260000210292], [0.9, 0.0009869799999933093], [1.0, 0.0007410910000089643]]}, "4": {"kl_train": [[0.1, 0.25952672034652635], [0.2, 0.286336569531904], [0.30000000000000004, 0.3255620373038158], [0.4, 0.2970840373711508], [0.5, 0.31335275706171006], [0.6000000000000001, 0.3302847304106214], [0.7000000000000001, 0.31901144799959097], [0.8, 0.330559618859045], [0.9, 0.32935137219122845], [1.0, 0.29206289781225203]], "kl_target": [[0.1, 0.15760017301946594], [0.2, 0.38461113138809905], [0.30000000000000004, 0.4308483288111445], [0.4, 0.4292823032892554], [0.5, 0.3904425685761801], [0.6000000000000001, 0.3343011916392055], [0.7000000000000001, 0.31710231324476373], [0.8, 0.3946483990563729], [0.9, 0.3656984034053725], [1.0, 0.4265832988189283]], "time_train": [[0.1, 0.5228418689999899], [0.2, 0.4972090450000337], [0.30000000000000004, 0.4929844470000262], [0.4, 0.5359715230000006], [0.5, 0.5734737630000382], [0.6000000000000001, 0.5927998369999727], [0.7000000000000001, 0.5026053620000539], [0.8, 0.5242787199999839], [0.9, 0.48253306600003043], [1.0, 0.48638904399996363]], "time_est": [[0.1, 0.0007800050000241754], [0.2, 0.0007864190000077542], [0.30000000000000004, 0.0008154989999979989], [0.4, 0.001064380999991954], [0.5, 0.0011576060000493271], [0.6000000000000001, 0.0010305990000460952], [0.7000000000000001, 0.0010725059999572295], [0.8, 0.0010690849999832608], [0.9, 0.0007966820000433472], [1.0, 0.0010802040000044144]]}, "5": {"kl_train": [[0.1, 0.38572646740335254], [0.2, 0.5392879660986217], [0.30000000000000004, 0.6003737421322557], [0.4, 0.632039118033064], [0.5, 0.6543901264990413], [0.6000000000000001, 0.6352982433633171], [0.7000000000000001, 0.6633676917375635], [0.8, 0.6461508394145911], [0.9, 0.6484546512905599], [1.0, 0.6663791026379725]], "kl_target": [[0.1, 0.37865479676561037], [0.2, 0.411507618488647], [0.30000000000000004, 0.945518800353296], [0.4, 0.5918959385769882], [0.5, 0.3881371207924586], [0.6000000000000001, 0.32665105192887084], [0.7000000000000001, 0.31806177184879925], [0.8, 0.30220447851123583], [0.9, 0.32773332792913074], [1.0, 0.2966751471237939]], "time_train": [[0.1, 0.5284960490000117], [0.2, 0.4872160879999683], [0.30000000000000004, 0.4961279859999763], [0.4, 0.504230371999995], [0.5, 0.511477488999958], [0.6000000000000001, 0.5079820070000096], [0.7000000000000001, 0.5159210360000088], [0.8, 0.5202221819999977], [0.9, 0.5169875559999468], [1.0, 0.5126128580000113]], "time_est": [[0.1, 0.0011058620000312658], [0.2, 0.0011597440000059578], [0.30000000000000004, 0.0010827700000390905], [0.4, 0.0008929009999860682], [0.5, 0.001226455000050919], [0.6000000000000001, 0.0010947430000101122], [0.7000000000000001, 0.0011375070000099186], [0.8, 0.0009955329999797868], [0.9, 0.000883063999992828], [1.0, 0.0011422110000012253]]}, "6": {"kl_train": [[0.1, 0.7284284568516083], [0.2, 0.9285909863915656], [0.30000000000000004, 1.0033602236658576], [0.4, 1.0647830321002263], [0.5, 1.0439551088963082], [0.6000000000000001, 1.0377821437911456], [0.7000000000000001, 1.046024339958108], [0.8, 1.0541576134973365], [0.9, 1.0781621273811661], [1.0, 1.069839604868876]], "kl_target": [[0.1, 0.3037718068636887], [0.2, 0.06169831901791581], [0.30000000000000004, 0.16656483286118026], [0.4, 0.1530910619049448], [0.5, 0.20654408584540004], [0.6000000000000001, 0.21262119533975468], [0.7000000000000001, 0.18180379822225617], [0.8, 0.27806203498319315], [0.9, 0.26749378146574215], [1.0, 0.26194542044341057]], "time_train": [[0.1, 0.5324200210000072], [0.2, 0.5032677680000006], [0.30000000000000004, 0.49434774399998105], [0.4, 0.497646087000021], [0.5, 0.5131974339999488], [0.6000000000000001, 0.5240704619999974], [0.7000000000000001, 0.5121005519999926], [0.8, 0.49862323099995365], [0.9, 0.5062184430000229], [1.0, 0.4979095099999995]],