{"1": {"kl_train": [[0.1, 0.006526487843590338], [0.2, 0.0068448643919896855], [0.30000000000000004, 0.009000346065679546], [0.4, 0.005128542133395331], [0.5, 0.018290763102512896], [0.6000000000000001, 0.015297672962717286], [0.7000000000000001, 0.00937840953621538], [0.8, 0.010581756247136632], [0.9, 0.01126305037597478], [1.0, 0.007419152537724622]], "kl_target": [[0.1, 0.010541621387321447], [0.2, 0.01631047942286726], [0.30000000000000004, 0.0211288959600519], [0.4, 0.017674389779387373], [0.5, 0.020378354813123143], [0.6000000000000001, 0.02224162366294136], [0.7000000000000001, 0.022913545741159443], [0.8, 0.024454695857690813], [0.9, 0.020450248790060573], [1.0, 0.020201366032983597]], "time_train": [[0.1, 0.44887140899999967], [0.2, 0.4503557269999998], [0.30000000000000004, 0.46082678000000143], [0.4, 0.4661495430000002], [0.5, 0.45764817399999913], [0.6000000000000001, 0.45642599500000003], [0.7000000000000001, 0.45904097900000096], [0.8, 0.46211908999999984], [0.9, 0.4537776570000016], [1.0, 0.4660858250000004]], "time_est": [[0.1, 0.0006966159999990396], [0.2, 0.0009211240000013277], [0.30000000000000004, 0.0009275389999992001], [0.4, 0.0009241170000002796], [0.5, 0.0007073070000007675], [0.6000000000000001, 0.000869808999999222], [0.7000000000000001, 0.0008710900000004074], [0.8, 0.0006949059999996621], [0.9, 0.0007043140000000392], [1.0, 0.0009228340000007051]]}, "2": {"kl_train": [[0.1, 0.048973007286222184], [0.2, 0.05159514913436545], [0.30000000000000004, 0.0477165353327288], [0.4, 0.04926592966161161], [0.5, 0.048508340090781775], [0.6000000000000001, 0.04816631068816366], [0.7000000000000001, 0.053819516607638195], [0.8, 0.05175804035586433], [0.9, 0.04784537427120938], [1.0, 0.06017550966764942]], "kl_target": [[0.1, 0.05677724395828948], [0.2, 0.05206611706554634], [0.30000000000000004, 0.08608706504657604], [0.4, 0.05866271909083947], [0.5, 0.05921503155534747], [0.6000000000000001, 0.06237664702658204], [0.7000000000000001, 0.04776281270042742], [0.8, 0.04647775086563381], [0.9, 0.05355356841513223], [1.0, 0.04960122971869232]], "time_train": [[0.1, 0.47236948299999426], [0.2, 0.47729540199999576], [0.30000000000000004, 0.6094540520000038], [0.4, 0.5761169700000011], [0.5, 0.5736302770000066], [0.6000000000000001, 0.48469946100000527], [0.7000000000000001, 0.47920094000001257], [0.8, 0.4734578119999924], [0.9, 0.5146967189999998], [1.0, 0.4710006260000057]], "time_est": [[0.1, 0.0008501370000004727], [0.2, 0.0007475049999925432], [0.30000000000000004, 0.0010087889999965682], [0.4, 0.0014479689999973289], [0.5, 0.0007380969999957188], [0.6000000000000001, 0.0010177690000006123], [0.7000000000000001, 0.0008595449999972971], [0.8, 0.000998099000000252], [0.9, 0.0008159269999907792], [1.0, 0.0011717180000090366]]}, "3": {"kl_train": [[0.1, 0.09502527841426402], [0.2, 0.09829685396256345], [0.30000000000000004, 0.08106320042192547], [0.4, 0.09064521228226159], [0.5, 0.08990039328112923], [0.6000000000000001, 0.1077694121759458], [0.7000000000000001, 0.09988442748067886], [0.8, 0.09612571199232751], [0.9, 0.08731099850833735], [1.0, 0.11052497099458307]], "kl_target": [[0.1, 0.30648608785526404], [0.2, 0.2918841908838954], [0.30000000000000004, 0.36357794109138936], [0.4, 0.3368293561224729], [0.5, 0.2575255269912217], [0.6000000000000001, 0.26031671030716635], [0.7000000000000001, 0.2593373373228405], [0.8, 0.27413628406466745], [0.9, 0.376452141508623], [1.0, 0.3205931627462904]], "time_train": [[0.1, 0.47238573299998166], [0.2, 0.4758358859999987], [0.30000000000000004, 0.46821843700001864], [0.4, 0.4756220689999964], [0.5, 0.4614571130000229], [0.6000000000000001, 0.45953831700001047], [0.7000000000000001, 0.4591170980000072], [0.8, 0.4963747299999852], [0.9, 0.4692896609999764], [1.0, 0.4809191740000074]], "time_est": [[0.1, 0.0007735899999943285], [0.2, 0.0007256949999998596], [0.30000000000000004, 0.0007406629999877623], [0.4, 0.0007282620000239604], [0.5, 0.0009980989999860412], [0.6000000000000001, 0.0009583289999852695], [0.7000000000000001, 0.0008458599999983107], [0.8, 0.0007496419999881709], [0.9, 0.000753492000001188], [1.0, 0.0007748729999832449]]}, "4": {"kl_train": [[0.1, 0.2522161104406701], [0.2, 0.2815473547993455], [0.30000000000000004, 0.28847532129507963], [0.4, 0.2767501808863222], [0.5, 0.28298739305074816], [0.6000000000000001, 0.26602486841560746], [0.7000000000000001, 0.2504993944737934], [0.8, 0.2507379753388723], [0.9, 0.22530002054523848], [1.0, 0.28016711141618283]], "kl_target": [[0.1, 0.37204836042828077], [0.2, 0.293956047664754], [0.30000000000000004, 0.4048330293440576], [0.4, 0.47702937106462573], [0.5, 0.5967007635802658], [0.6000000000000001, 0.698102044728903], [0.7000000000000001, 0.6806527736948726], [0.8, 0.7872145732122311], [0.9, 0.8381327270046858], [1.0, 0.7484377025572652]], "time_train": [[0.1, 0.4865378610000164], [0.2, 0.4964448629999936], [0.30000000000000004, 0.48887872999998194], [0.4, 0.49556692899997756], [0.5, 0.4888355389999788], [0.6000000000000001, 0.48990890100000684], [0.7000000000000001, 0.47963113999998086], [0.8, 0.48642197200001647], [0.9, 0.4844099530000108], [1.0, 0.48145628200001056]], "time_est": [[0.1, 0.0010720789999822955], [0.2, 0.0010994480000192652], [0.30000000000000004, 0.0007958280000082141], [0.4, 0.0011050069999782863], [0.5, 0.0007847079999976359], [0.6000000000000001, 0.0009266840000066168], [0.7000000000000001, 0.0007919790000130433], [0.8, 0.00109303300001784], [0.9, 0.0010673750000194104], [1.0, 0.0007872739999754685]]}, "5": {"kl_train": [[0.1, 0.4215133222696338], [0.2, 0.47201374388721484], [0.30000000000000004, 0.5498881751461241], [0.4, 0.5851596599418627], [0.5, 0.6151126753409557], [0.6000000000000001, 0.6071439523252148], [0.7000000000000001, 0.6453517124005326], [0.8, 0.6197233857366826], [0.9, 0.6317168389282248], [1.0, 0.614608924539951]], "kl_target": [[0.1, 0.18624250471547604], [0.2, 0.6867932387987031], [0.30000000000000004, 0.26847617690916414], [0.4, 0.45312504493378364], [0.5, 0.4060290312170725], [0.6000000000000001, 0.4591543015556078], [0.7000000000000001, 0.46656736494691925], [0.8, 0.5514981827692124], [0.9, 0.44873415224526847], [1.0, 0.5998749500370334]], "time_train": [[0.1, 0.5284755220000079], [0.2, 0.5250343490000091], [0.30000000000000004, 0.5155558360000327], [0.4, 0.48957278000000315], [0.5, 0.4944093240000029], [0.6000000000000001, 0.48756546499998876], [0.7000000000000001, 0.48952103700003136], [0.8, 0.49851888799997823], [0.9, 0.49066624099998535], [1.0, 0.5014340710000056]], "time_est": [[0.1, 0.0010930340000072647], [0.2, 0.0007966819999865038], [0.30000000000000004, 0.0008150709999767969], [0.4, 0.0008231959999989158], [0.5, 0.000791122999999061], [0.6000000000000001, 0.0011041509999927257], [0.7000000000000001, 0.0010968820000130108], [0.8, 0.0008420110000315617], [0.9, 0.000800531000038518], [1.0, 0.0011024410000004536]]}, "6": {"kl_train": [[0.1, 0.8340904009634355], [0.2, 0.9905477238593133], [0.30000000000000004, 1.0754370423577775], [0.4, 1.0874269898739437], [0.5, 1.1023741379663974], [0.6000000000000001, 1.1233321788655364], [0.7000000000000001, 1.1474410427450068], [0.8, 1.1331692248087422], [0.9, 1.1175758910720468], [1.0, 1.1550791770493316]], "kl_target": [[0.1, 0.05466183789024782], [0.2, 0.25984762890160773], [0.30000000000000004, 6.146743946774835e-05], [0.4, 0.014050678175649436], [0.5, 0.06295204801367228], [0.6000000000000001, 0.033712043139260676], [0.7000000000000001, 0.16305610741497575], [0.8, 0.04511568143557493], [0.9, 0.0779112587396034], [1.0, 0.0540323527590876]], "time_train": [[0.1, 0.5405831310000053], [0.2, 0.5132970729999897], [0.30000000000000004, 0.5125641070000029], [0.4, 0.5097045170000456], [0.5, 0.5016761119999842], [0.6000000000000001, 0.5153847830000018], [0.7000000000000001, 0.5232806220000157], [0.8, 0.5112157770000181], [0.9, 0.4946487990000037], [1.0, 0.5136952009999618]],