{"1": {"kl_train": [[0.1, 0.004727850170271548], [0.2, 0.002323229443973338], [0.30000000000000004, 0.004858625987582248], [0.4, 0.004502449142972328], [0.5, 0.005435220212170682], [0.6000000000000001, 0.003016670884550428], [0.7000000000000001, 0.00443760700587892], [0.8, 0.0030703052780585633], [0.9, 0.0037867530997486927], [1.0, 0.0077009610167880944]], "kl_target": [[0.1, 0.0069022907460552715], [0.2, 0.004023852135708918], [0.30000000000000004, 0.007385883661429675], [0.4, 0.006073271681762747], [0.5, 0.0034860634397806656], [0.6000000000000001, 0.004172203537623757], [0.7000000000000001, 0.0018939919945596005], [0.8, -5.3693348957397635e-05], [0.9, 0.000317475868404236], [1.0, 7.76429245850987e-05]], "time_train": [[0.1, 2.302712869000004], [0.2, 2.371314380000001], [0.30000000000000004, 2.502693026000003], [0.4, 2.31524469], [0.5, 2.3185956319999974], [0.6000000000000001, 2.3424956820000062], [0.7000000000000001, 2.361233759000001], [0.8, 2.5112324549999983], [0.9, 2.411837001000009], [1.0, 2.2962350650000047]], "time_est": [[0.1, 0.0008591169999903059], [0.2, 0.0011580329999958394], [0.30000000000000004, 0.0009172750000061569], [0.4, 0.0009112879999975121], [0.5, 0.0008167810000117015], [0.6000000000000001, 0.0010532630000028576], [0.7000000000000001, 0.0010712229999967349], [0.8, 0.0011080000000021073], [0.9, 0.0008424389999959203], [1.0, 0.0010387230000077352]]}, "2": {"kl_train": [[0.1, 0.03441994569726386], [0.2, 0.030799889239218267], [0.30000000000000004, 0.035132292809977345], [0.4, 0.030355853142357375], [0.5, 0.025456487998410195], [0.6000000000000001, 0.025832709231779005], [0.7000000000000001, 0.033974975742024766], [0.8, 0.03739774061996966], [0.9, 0.026118403362653], [1.0, 0.03127719879993339]], "kl_target": [[0.1, 0.018396346295195508], [0.2, 0.02331036236883884], [0.30000000000000004, 0.018928994263841366], [0.4, 0.013864304362282415], [0.5, 0.03284440631302137], [0.6000000000000001, 0.026840931936849784], [0.7000000000000001, 0.013009718540146313], [0.8, 0.024768044281501006], [0.9, 0.025487922203526706], [1.0, 0.013785510718756364]], "time_train": [[0.1, 2.3049322900000107], [0.2, 2.3191468530000066], [0.30000000000000004, 2.306118975000004], [0.4, 2.3193281700000057], [0.5, 2.3348341870000127], [0.6000000000000001, 2.297833561999994], [0.7000000000000001, 2.332453547], [0.8, 2.307368949999983], [0.9, 2.333015458999995], [1.0, 2.4227455230000032]], "time_est": [[0.1, 0.0009095779999768183], [0.2, 0.000987835000017867], [0.30000000000000004, 0.0010057960000153798], [0.4, 0.000895466000002898], [0.5, 0.0011862570000005235], [0.6000000000000001, 0.000897604999977375], [0.7000000000000001, 0.0009168469999849549], [0.8, 0.0008753669999919111], [0.9, 0.0009416510000050948], [1.0, 0.0012076390000004267]]}, "3": {"kl_train": [[0.1, 0.07590044819447689], [0.2, 0.07622916196363003], [0.30000000000000004, 0.07058142976634996], [0.4, 0.05816678668079617], [0.5, 0.0721974295527696], [0.6000000000000001, 0.07688985568878065], [0.7000000000000001, 0.07534290149661763], [0.8, 0.06507541222802937], [0.9, 0.06019262427202008], [1.0, 0.06215248287105485]], "kl_target": [[0.1, 0.11526812164518492], [0.2, 0.15590065988932691], [0.30000000000000004, 0.18208410499921968], [0.4, 0.2177270501785349], [0.5, 0.1876291535938646], [0.6000000000000001, 0.1796957974563618], [0.7000000000000001, 0.18421813084009148], [0.8, 0.2323577252125245], [0.9, 0.22130307731152157], [1.0, 0.22284114115016695]], "time_train": [[0.1, 2.404124190999994], [0.2, 2.426417189999995], [0.30000000000000004, 2.352705449000041], [0.4, 2.5525479089999976], [0.5, 2.485399070000028], [0.6000000000000001, 2.514166452999973], [0.7000000000000001, 2.419028953999998], [0.8, 2.346798110000009], [0.9, 2.3401454039999976], [1.0, 2.322830493999959]], "time_est": [[0.1, 0.0013278040000272995], [0.2, 0.0011913889999846106], [0.30000000000000004, 0.0008976039999879504], [0.4, 0.0013175409999917065], [0.5, 0.001698136000015893], [0.6000000000000001, 0.0012538240000026235], [0.7000000000000001, 0.0012841849999745136], [0.8, 0.0012303029999998216], [0.9, 0.0012653700000555546], [1.0, 0.0011464879999607547]]}, "4": {"kl_train": [[0.1, 0.18634918524591002], [0.2, 0.183569621689114], [0.30000000000000004, 0.1685501688637317], [0.4, 0.1733885445160855], [0.5, 0.18983037533806318], [0.6000000000000001, 0.18494131100893943], [0.7000000000000001, 0.186074723118535], [0.8, 0.19668531101445133], [0.9, 0.17546438726898747], [1.0, 0.17822645206636717]], "kl_target": [[0.1, 0.3156924309032463], [0.2, 0.39526154511722816], [0.30000000000000004, 0.5203941753154228], [0.4, 0.41921453331510283], [0.5, 0.4428580941202267], [0.6000000000000001, 0.4351210792673446], [0.7000000000000001, 0.40193139527866334], [0.8, 0.4255635309713623], [0.9, 0.379020252931508], [1.0, 0.4945461067906585]], "time_train": [[0.1, 2.593310431999953], [0.2, 2.5350726359999953], [0.30000000000000004, 2.62793383799999], [0.4, 2.72556487199995], [0.5, 2.637732222000068], [0.6000000000000001, 2.8319619820000526], [0.7000000000000001, 2.63424657500002], [0.8, 2.490110745000038], [0.9, 2.4791500510000333], [1.0, 2.497346314999959]], "time_est": [[0.1, 0.001338495000027251], [0.2, 0.0014325750000807602], [0.30000000000000004, 0.0013042839999570788], [0.4, 0.0010592500000257132], [0.5, 0.0014432650000344438], [0.6000000000000001, 0.0014483969999901092], [0.7000000000000001, 0.0011610269999664524], [0.8, 0.0011152699999001925], [0.9, 0.0011469150000493755], [1.0, 0.0011653029999934006]]}, "5": {"kl_train": [[0.1, 0.3247498962542242], [0.2, 0.4012237460923994], [0.30000000000000004, 0.4374068971642296], [0.4, 0.435774753413079], [0.5, 0.4251656557582534], [0.6000000000000001, 0.4278855879487269], [0.7000000000000001, 0.4177550514095923], [0.8, 0.445281753520016], [0.9, 0.4307084613558125], [1.0, 0.43154296185064156]], "kl_target": [[0.1, 0.5633661826952795], [0.2, 0.2957728908214375], [0.30000000000000004, 0.3772981027287284], [0.4, 0.51126611367561], [0.5, 0.5552021376036884], [0.6000000000000001, 0.634871306987061], [0.7000000000000001, 0.7472922139521181], [0.8, 0.74513853788871], [0.9, 0.7893236028912578], [1.0, 0.7962951108965942]], "time_train": [[0.1, 2.454954507000025], [0.2, 2.4483351559999846], [0.30000000000000004, 2.450091876999977], [0.4, 2.4564332650001006], [0.5, 2.459099564999974], [0.6000000000000001, 2.4504327009999542], [0.7000000000000001, 2.4558431299999484], [0.8, 2.455808918999992], [0.9, 2.456346028000098], [1.0, 2.456129644999919]], "time_est": [[0.1, 0.001089183999965826], [0.2, 0.0014937270000245917], [0.30000000000000004, 0.001317112999913661], [0.4, 0.0014137590000018463], [0.5, 0.0010622440000815914], [0.6000000000000001, 0.0014454030000479179], [0.7000000000000001, 0.001311554000039905], [0.8, 0.0011576059999924837], [0.9, 0.0011003020000543984], [1.0, 0.0010913230000824115]]}, "6": {"kl_train": [[0.1, 0.6986698302570403], [0.2, 0.8562438722396281], [0.30000000000000004, 0.8806241473828007], [0.4, 0.9023290285605691], [0.5, 0.9086669899275537], [0.6000000000000001, 0.915848606182277], [0.7000000000000001, 0.9035411784391072], [0.8, 0.9219172717375925], [0.9, 0.9195619740635778], [1.0, 0.9119265728926312]], "kl_target": [[0.1, 0.1578664040717377], [0.2, 0.03323222573549978], [0.30000000000000004, 0.12097290469167851], [0.4, 0.10687764544897604], [0.5, 0.2146375008490125], [0.6000000000000001, 0.24239881364755356], [0.7000000000000001, 0.21920546676409775], [0.8, 0.2501570903951539], [0.9, 0.19998963131870962], [1.0, 0.261531430187242]], "time_train": [[0.1, 2.6795090929999787], [0.2, 2.6291252270000314], [0.30000000000000004, 2.7625064840000277], [0.4, 2.4506229990000747], [0.5, 2.5951710679998996], [0.6000000000000001, 2.4226103899999316], [0.7000000000000001, 2.388327808999975], [0.8, 2.3480536440000606], [0.9, 2.576686579000011], [1.0, 2.361459122000042]],