{"1": {"kl_train": [[0.1, 0.006864690937272575], [0.2, 0.005507383477917558], [0.30000000000000004, 0.004935447524299111], [0.4, 0.0038223691991600512], [0.5, 0.002684986855069745], [0.6000000000000001, 0.005788766486552978], [0.7000000000000001, 0.0060087936162776835], [0.8, 0.006636580974181985], [0.9, 0.003177740607734637], [1.0, 0.0055958823363907425]], "kl_target": [[0.1, 0.0055777947456263155], [0.2, 0.005568896773323095], [0.30000000000000004, 0.005202521221683618], [0.4, 0.004439566897633532], [0.5, 0.004691296777881553], [0.6000000000000001, 0.0027099614730328467], [0.7000000000000001, 0.0038078072170265385], [0.8, 0.0019939873138691425], [0.9, 0.00287528644580925], [1.0, 0.003508460475762748]], "time_train": [[0.1, 2.738711632], [0.2, 2.2739069989999994], [0.30000000000000004, 2.2836070260000003], [0.4, 2.290083975], [0.5, 2.3381663130000003], [0.6000000000000001, 2.290745524], [0.7000000000000001, 2.273317291999998], [0.8, 2.264961318000001], [0.9, 2.2963214480000005], [1.0, 2.300661935000001]], "time_est": [[0.1, 0.0012910279999998053], [0.2, 0.0010357299999999015], [0.30000000000000004, 0.0010400060000002043], [0.4, 0.0009005979999994196], [0.5, 0.0009040190000000337], [0.6000000000000001, 0.000879642999997543], [0.7000000000000001, 0.0010802040000008617], [0.8, 0.0008030969999985871], [0.9, 0.0007744460000012054], [1.0, 0.0007676029999998946]]}, "2": {"kl_train": [[0.1, 0.02939165708657232], [0.2, 0.02685062329924885], [0.30000000000000004, 0.032367132644368454], [0.4, 0.030501825650613705], [0.5, 0.031059970088875545], [0.6000000000000001, 0.03070760199981597], [0.7000000000000001, 0.027258009481566724], [0.8, 0.031637330499053165], [0.9, 0.046700449299171554], [1.0, 0.028339068444082627]], "kl_target": [[0.1, 0.004165756629526958], [0.2, 0.011590779515611438], [0.30000000000000004, 0.04056906011003248], [0.4, 0.009844879768534444], [0.5, 0.0032238442735789525], [0.6000000000000001, 0.01346691031524322], [0.7000000000000001, 0.01303399055448876], [0.8, 0.013978165210712445], [0.9, 0.0032007629918468154], [1.0, 0.009535617455497991]], "time_train": [[0.1, 2.2830010679999972], [0.2, 2.288346496999999], [0.30000000000000004, 2.262061531000004], [0.4, 2.2736123589999977], [0.5, 2.5288248999999965], [0.6000000000000001, 2.301799014999993], [0.7000000000000001, 2.2999456470000013], [0.8, 2.3908606860000035], [0.9, 2.399231627000006], [1.0, 2.3885591590000033]], "time_est": [[0.1, 0.0011909609999989357], [0.2, 0.0011866850000004092], [0.30000000000000004, 0.0008527029999996216], [0.4, 0.0010421439999959148], [0.5, 0.0012281650000005584], [0.6000000000000001, 0.0008963219999955641], [0.7000000000000001, 0.001247837000001084], [0.8, 0.0012307319999962374], [0.9, 0.0012050730000012777], [1.0, 0.0013102710000012507]]}, "3": {"kl_train": [[0.1, 0.11291928669096091], [0.2, 0.10144584289849896], [0.30000000000000004, 0.10720949926104378], [0.4, 0.13367422493200165], [0.5, 0.12314303979039226], [0.6000000000000001, 0.11082057758365857], [0.7000000000000001, 0.1172879607836537], [0.8, 0.10981223018575198], [0.9, 0.10805750219952012], [1.0, 0.10994040979252588]], "kl_target": [[0.1, 0.033996580566134145], [0.2, 0.02164628196988164], [0.30000000000000004, 0.00566075209835269], [0.4, 0.02245941472682128], [0.5, 0.0340331938057659], [0.6000000000000001, 0.014711806658076946], [0.7000000000000001, -0.0002300005433955965], [0.8, 0.01873409677021225], [0.9, 0.025939539384919295], [1.0, 0.046139465649538844]], "time_train": [[0.1, 2.426217057999999], [0.2, 2.3685852189999963], [0.30000000000000004, 2.3405871500000046], [0.4, 2.3188252710000015], [0.5, 2.3009548639999977], [0.6000000000000001, 2.3105633780000048], [0.7000000000000001, 2.351393895000001], [0.8, 2.3142491579999955], [0.9, 2.336138898999991], [1.0, 2.3006448289999923]], "time_est": [[0.1, 0.0009844140000012658], [0.2, 0.0013295149999947853], [0.30000000000000004, 0.000898886999998183], [0.4, 0.0008963219999955641], [0.5, 0.0013094159999980093], [0.6000000000000001, 0.0009018800000006877], [0.7000000000000001, 0.0009125720000042747], [0.8, 0.0012290199999966944], [0.9, 0.0008924720000038633], [1.0, 0.0009484919999920294]]}, "4": {"kl_train": [[0.1, 0.22006574296386133], [0.2, 0.23671063971968442], [0.30000000000000004, 0.23629469247075047], [0.4, 0.24340761070107328], [0.5, 0.2340079402692469], [0.6000000000000001, 0.2507177452626959], [0.7000000000000001, 0.2594756266443507], [0.8, 0.2465697043731317], [0.9, 0.23136526333858198], [1.0, 0.24805402749519675]], "kl_target": [[0.1, 0.18172884036267797], [0.2, 0.1732062045833605], [0.30000000000000004, 0.17402180721835778], [0.4, 0.18272693053910155], [0.5, 0.1863272420425086], [0.6000000000000001, 0.18249862959403038], [0.7000000000000001, 0.17249940904599678], [0.8, 0.1945529076137452], [0.9, 0.16037185507744464], [1.0, 0.17029160073906136]], "time_train": [[0.1, 2.4401416839999968], [0.2, 2.390486933999995], [0.30000000000000004, 2.4107610739999927], [0.4, 2.3422018969999954], [0.5, 2.356545177000001], [0.6000000000000001, 2.3148474179999994], [0.7000000000000001, 2.315337059000001], [0.8, 2.311824044000005], [0.9, 2.2970415830000093], [1.0, 2.320177878999999]], "time_est": [[0.1, 0.0014381339999971487], [0.2, 0.0012469809999942072], [0.30000000000000004, 0.0014868840000019645], [0.4, 0.0010866189999916287], [0.5, 0.0015792530000027227], [0.6000000000000001, 0.0010515529999963746], [0.7000000000000001, 0.0014436929999988024], [0.8, 0.0014877389999981006], [0.9, 0.0010613890000001902], [1.0, 0.0014676409999907492]]}, "5": {"kl_train": [[0.1, 0.37567411169723036], [0.2, 0.45729279244633597], [0.30000000000000004, 0.4785199559440514], [0.4, 0.49381202070281793], [0.5, 0.48699847751427866], [0.6000000000000001, 0.48129368418584173], [0.7000000000000001, 0.4776165742469225], [0.8, 0.4792003562163645], [0.9, 0.4747471959244209], [1.0, 0.45830994249902574]], "kl_target": [[0.1, 0.14992465136628516], [0.2, 0.22661021242992116], [0.30000000000000004, 0.2748762585622344], [0.4, 0.36509632146972193], [0.5, 0.42971934949401797], [0.6000000000000001, 0.5119643188381949], [0.7000000000000001, 0.5831632253079333], [0.8, 0.5365290772375241], [0.9, 0.531933984956342], [1.0, 0.6214119262153481]], "time_train": [[0.1, 2.417431739999998], [0.2, 2.4331579889999944], [0.30000000000000004, 2.6740892570000057], [0.4, 2.402004833999996], [0.5, 2.42802039099999], [0.6000000000000001, 2.408430894999995], [0.7000000000000001, 2.417232034999998], [0.8, 2.425182609999993], [0.9, 2.43891009699999], [1.0, 2.409197214999992]], "time_est": [[0.1, 0.001072505999999862], [0.2, 0.001057539000001384], [0.30000000000000004, 0.001186258000004159], [0.4, 0.0010699409999972431], [0.5, 0.0014680679999941049], [0.6000000000000001, 0.0010934610000106204], [0.7000000000000001, 0.0010789219999907118], [0.8, 0.0014552399999985255], [0.9, 0.0014411280000103943], [1.0, 0.0010819139999966865]]}, "6": {"kl_train": [[0.1, 0.5210790705536886], [0.2, 0.6745523354352952], [0.30000000000000004, 0.7726127374635152], [0.4, 0.8220314150682286], [0.5, 0.8411137067740548], [0.6000000000000001, 0.8548123613125677], [0.7000000000000001, 0.8605149021952118], [0.8, 0.8500172334317713], [0.9, 0.8640261445292633], [1.0, 0.8705404178534204]], "kl_target": [[0.1, 0.5607783142173641], [0.2, 0.6352462931972763], [0.30000000000000004, 0.4837428634615487], [0.4, 0.2251746346226268], [0.5, 0.5903390364173097], [0.6000000000000001, 0.32486293504574587], [0.7000000000000001, 0.4146400129445476], [0.8, 0.3449504417754888], [0.9, 0.4166359142432901], [1.0, 0.4806581773580386]], "time_train": [[0.1, 2.4334718719999984], [0.2, 2.450314674999987], [0.30000000000000004, 2.4257103110000173], [0.4, 2.4451946099999873], [0.5, 2.4391106570000147], [0.6000000000000001, 2.4804252570000074], [0.7000000000000001, 2.518544999999989], [0.8, 2.4529929470000127], [0.9, 2.416734695999992], [1.0, 2.513683226000012]],