{"1": {"kl_train": [[0.1, 0.003791170603918642], [0.2, 0.007896043340101022], [0.30000000000000004, 0.0015151954944466477], [0.4, 0.0019932932714161727], [0.5, 0.005080010097670396], [0.6000000000000001, 0.004573832802997673], [0.7000000000000001, 0.003280827754414283], [0.8, 0.007079920395504342], [0.9, 0.005128640107504913], [1.0, 0.004452446713169995]], "kl_target": [[0.1, 0.008564316945370451], [0.2, 0.004220192623218583], [0.30000000000000004, 0.0048088624099824895], [0.4, 0.002810770287418848], [0.5, 0.01048739507385885], [0.6000000000000001, 0.0005102074093647251], [0.7000000000000001, 0.002322875956640101], [0.8, -0.0018333117770669035], [0.9, 0.0033862098171623034], [1.0, 0.004994990753895855]], "time_train": [[0.1, 2.9067107360000004], [0.2, 2.277066788], [0.30000000000000004, 2.2634201240000014], [0.4, 2.272656596000001], [0.5, 2.771413678], [0.6000000000000001, 2.4944632050000006], [0.7000000000000001, 2.3386555270000002], [0.8, 2.343733255], [0.9, 2.3056494329999992], [1.0, 2.2932488950000014]], "time_est": [[0.1, 0.0012683629999994395], [0.2, 0.0010485590000008926], [0.30000000000000004, 0.001065236999998831], [0.4, 0.0008479990000012094], [0.5, 0.001207211000000541], [0.6000000000000001, 0.0008351699999984419], [0.7000000000000001, 0.0010391510000005155], [0.8, 0.0010545459999988793], [0.9, 0.0007770120000003544], [1.0, 0.0008065190000010602]]}, "2": {"kl_train": [[0.1, 0.031864972500583136], [0.2, 0.02266174297364426], [0.30000000000000004, 0.028624595875671895], [0.4, 0.024167153795325406], [0.5, 0.02896033775874959], [0.6000000000000001, 0.0357654505859382], [0.7000000000000001, 0.035988811853222516], [0.8, 0.030793624423591886], [0.9, 0.030633208623626992], [1.0, 0.03554607370419369]], "kl_target": [[0.1, 0.011961793316616247], [0.2, 0.021281235599482706], [0.30000000000000004, 0.020279239639971573], [0.4, 0.017465146025936018], [0.5, 0.017655351551289784], [0.6000000000000001, 0.025146223290307107], [0.7000000000000001, 0.044870287037602326], [0.8, 0.033791284291724406], [0.9, 0.04584557631556536], [1.0, 0.03874737616231072]], "time_train": [[0.1, 2.355323854000005], [0.2, 2.3397549740000017], [0.30000000000000004, 2.320207812999996], [0.4, 2.346157942000005], [0.5, 2.3305770879999983], [0.6000000000000001, 2.3346413240000032], [0.7000000000000001, 2.3294977390000042], [0.8, 2.3433248649999996], [0.9, 2.329907840000004], [1.0, 2.3351313929999975]], "time_est": [[0.1, 0.001412475999998719], [0.2, 0.0008753669999919111], [0.30000000000000004, 0.0010053679999941778], [0.4, 0.0012243169999948122], [0.5, 0.001208066999993207], [0.6000000000000001, 0.0012208950000029972], [0.7000000000000001, 0.0008822100000003275], [0.8, 0.0012649420000059308], [0.9, 0.0012495470000004616], [1.0, 0.0012910279999971408]]}, "3": {"kl_train": [[0.1, 0.07933553150112176], [0.2, 0.097022442863029], [0.30000000000000004, 0.10372765225944451], [0.4, 0.1057036829260274], [0.5, 0.12473134350049901], [0.6000000000000001, 0.11198698443029928], [0.7000000000000001, 0.12010958617069444], [0.8, 0.11026336249780508], [0.9, 0.11970291872607197], [1.0, 0.12110756251435308]], "kl_target": [[0.1, 0.11303192469311071], [0.2, 0.07740234567794411], [0.30000000000000004, 0.06464530924191897], [0.4, 0.08605509686784592], [0.5, 0.07806596078908681], [0.6000000000000001, 0.061985478681020265], [0.7000000000000001, 0.05299922973716477], [0.8, 0.06097076046389794], [0.9, 0.05689100264139392], [1.0, 0.04806285584191747]], "time_train": [[0.1, 2.419586589000005], [0.2, 2.331829201000005], [0.30000000000000004, 2.339140463999996], [0.4, 2.482704119999994], [0.5, 2.6731202379999957], [0.6000000000000001, 2.4767600030000096], [0.7000000000000001, 2.5607199989999856], [0.8, 2.477167967000014], [0.9, 2.4277894689999755], [1.0, 2.410934265999998]], "time_est": [[0.1, 0.0008937560000106259], [0.2, 0.0009395120000021961], [0.30000000000000004, 0.0013936600000192811], [0.4, 0.0013556000000107815], [0.5, 0.0019628409999938867], [0.6000000000000001, 0.001021189999988792], [0.7000000000000001, 0.0014355679999766835], [0.8, 0.0013376400000026933], [0.9, 0.0009993810000139547], [1.0, 0.001012637999991739]]}, "4": {"kl_train": [[0.1, 0.2139749771612245], [0.2, 0.22368768658889188], [0.30000000000000004, 0.2345020253203699], [0.4, 0.24817901787119034], [0.5, 0.23341425872829388], [0.6000000000000001, 0.23624489377628044], [0.7000000000000001, 0.25265652760659946], [0.8, 0.23988079951777985], [0.9, 0.2301438519690735], [1.0, 0.2503177792030566]], "kl_target": [[0.1, 0.15127827618392364], [0.2, 0.20885261460767407], [0.30000000000000004, 0.17222164958563296], [0.4, 0.15176410952149283], [0.5, 0.17840503418916995], [0.6000000000000001, 0.13485412252515686], [0.7000000000000001, 0.17935710087920476], [0.8, 0.16874217365314978], [0.9, 0.2560319819679532], [1.0, 0.24992862353989412]], "time_train": [[0.1, 2.5777522430000204], [0.2, 2.4883501740000042], [0.30000000000000004, 2.500415019000002], [0.4, 2.3993599170000266], [0.5, 2.392613132000008], [0.6000000000000001, 2.3735444940000434], [0.7000000000000001, 2.389462750000007], [0.8, 2.386378652000019], [0.9, 2.364795524999977], [1.0, 2.592759211999976]], "time_est": [[0.1, 0.0014548110000305314], [0.2, 0.0013577389999568368], [0.30000000000000004, 0.0014428380000026664], [0.4, 0.0014291539999931047], [0.5, 0.0014398440000036317], [0.6000000000000001, 0.0014851730000486896], [0.7000000000000001, 0.0014941539999995257], [0.8, 0.0014569500000334301], [0.9, 0.0014364229999728195], [1.0, 0.0015364900000349735]]}, "5": {"kl_train": [[0.1, 0.3913083704042605], [0.2, 0.4694422069766833], [0.30000000000000004, 0.5007896875942346], [0.4, 0.5338681297781904], [0.5, 0.540617901204168], [0.6000000000000001, 0.5360661803181317], [0.7000000000000001, 0.5186324153226233], [0.8, 0.5380320696570107], [0.9, 0.5245489706148159], [1.0, 0.5097892863976392]], "kl_target": [[0.1, 0.2786010687619252], [0.2, 0.24719926490330557], [0.30000000000000004, 0.19578139412237597], [0.4, 0.2335696410437742], [0.5, 0.15374884855797188], [0.6000000000000001, 0.16508824280660947], [0.7000000000000001, 0.21616828145417777], [0.8, 0.17921231999724693], [0.9, 0.20492147493306737], [1.0, 0.25001924066714837]], "time_train": [[0.1, 2.5446255570000176], [0.2, 2.4500247380000246], [0.30000000000000004, 2.3780658700000004], [0.4, 2.400072355999953], [0.5, 2.3984742860000097], [0.6000000000000001, 2.400717228000019], [0.7000000000000001, 2.4233010189999504], [0.8, 2.4459023439999896], [0.9, 2.5258477099999936], [1.0, 2.4826968489999786]], "time_est": [[0.1, 0.0014719170000034865], [0.2, 0.0014945820000207277], [0.30000000000000004, 0.001542476999986775], [0.4, 0.001534779999985858], [0.5, 0.0014813249999861], [0.6000000000000001, 0.0010960269999600314], [0.7000000000000001, 0.001491161000046759], [0.8, 0.0014907329999687136], [0.9, 0.0015514570000050298], [1.0, 0.0016185960000143496]]}, "6": {"kl_train": [[0.1, 0.6464753767283775], [0.2, 0.7842432476896338], [0.30000000000000004, 0.8514296355760042], [0.4, 0.8672408309311682], [0.5, 0.8986296626940486], [0.6000000000000001, 0.9182372979703309], [0.7000000000000001, 0.9083081174940018], [0.8, 0.9045044764024976], [0.9, 0.8873504071528375], [1.0, 0.8883274341460401]], "kl_target": [[0.1, 0.28947101768965283], [0.2, 0.2020251736652035], [0.30000000000000004, 0.21375759499472952], [0.4, 0.16084055226130733], [0.5, 0.1630086565529117], [0.6000000000000001, 0.13862665973821936], [0.7000000000000001, 0.21112163568675366], [0.8, 0.27212662773935425], [0.9, 0.24233879100351197], [1.0, 0.3098706680205747]], "time_train": [[0.1, 2.5537662390000264], [0.2, 2.525693762000003], [0.30000000000000004, 2.4919705259999887], [0.4, 2.4520709680000436], [0.5, 2.426442848000022], [0.6000000000000001, 2.6213435669999967], [0.7000000000000001, 2.4139456650000284], [0.8, 2.407239505000007], [0.9, 2.5069526910000377], [1.0, 2.375680526999986]],