{"1": {"kl_train": [[0.1, 0.0008846861062712574], [0.2, 0.0006273989562996428], [0.30000000000000004, 0.0015166103694771874], [0.4, 0.0007008358761877928], [0.5, 0.000720113144502289], [0.6000000000000001, 0.001117806531075572], [0.7000000000000001, 0.0007976703372140415], [0.8, 0.001104862686344531], [0.9, 0.000717943884718484], [1.0, 0.001217972236815787]], "kl_target": [[0.1, 0.0011731335032750256], [0.2, 0.0009490867730171764], [0.30000000000000004, 0.0007188628421111405], [0.4, 0.00033877727878627067], [0.5, 9.435865651078976e-05], [0.6000000000000001, 0.00045521926086079453], [0.7000000000000001, 0.0008759780270074273], [0.8, 0.0013351735905645732], [0.9, 0.0007286334164560746], [1.0, 0.00043000035429172626]], "time_train": [[0.1, 114.97427694699945], [0.2, 115.52201799899922], [0.30000000000000004, 114.42917669500093], [0.4, 112.45559452499947], [0.5, 113.40460973799782], [0.6000000000000001, 115.57518633799918], [0.7000000000000001, 112.68275532299958], [0.8, 117.86989955000172], [0.9, 114.30477578099817], [1.0, 113.87898478499847]], "time_est": [[0.1, 0.0038500650007335935], [0.2, 0.009140066998952534], [0.30000000000000004, 0.003429165000852663], [0.4, 0.001856997001596028], [0.5, 0.002749770999798784], [0.6000000000000001, 0.003373652001755545], [0.7000000000000001, 0.015488385997741716], [0.8, 0.009437079999770503], [0.9, 0.0044525900011649355], [1.0, 0.0035039979993598536]]}, "2": {"kl_train": [[0.1, 0.011360937693473546], [0.2, 0.009491123924113935], [0.30000000000000004, 0.009617903762856256], [0.4, 0.009171892370588366], [0.5, 0.009614633046453271], [0.6000000000000001, 0.009337552517026941], [0.7000000000000001, 0.008169453421187614], [0.8, 0.009321172394977047], [0.9, 0.007959345246764397], [1.0, 0.00941250072492291]], "kl_target": [[0.1, -0.0016715476436124175], [0.2, -0.0001877586499177079], [0.30000000000000004, 0.0005116499562475395], [0.4, 0.0002661636241291582], [0.5, 0.0012618331972109034], [0.6000000000000001, 0.0031470879072574816], [0.7000000000000001, 0.004078509390550851], [0.8, 0.004093033366144614], [0.9, 0.004193690444775985], [1.0, 0.003273265694243164]], "time_train": [[0.1, 121.87281939999957], [0.2, 120.83051603400236], [0.30000000000000004, 118.80341811900144], [0.4, 118.44919783099613], [0.5, 117.69987328199932], [0.6000000000000001, 121.77086065299954], [0.7000000000000001, 119.00387790999957], [0.8, 119.82512220399803], [0.9, 120.78248400900338], [1.0, 117.5876746349968]], "time_est": [[0.1, 0.005565222003497183], [0.2, 0.008943886001361534], [0.30000000000000004, 0.012395671001286246], [0.4, 0.007089473001542501], [0.5, 0.01347861799877137], [0.6000000000000001, 0.0028097670001443475], [0.7000000000000001, 0.00588464400061639], [0.8, 0.005443645997729618], [0.9, 0.0038482230011140928], [1.0, 0.008554892003303394]]}, "3": {"kl_train": [[0.1, 0.04334797803815304], [0.2, 0.037693849574521106], [0.30000000000000004, 0.034160475429781234], [0.4, 0.03153002572741756], [0.5, 0.030523030102643078], [0.6000000000000001, 0.03212511423604398], [0.7000000000000001, 0.03195693880953569], [0.8, 0.03041445749109366], [0.9, 0.03289162376594752], [1.0, 0.03182424550785274]], "kl_target": [[0.1, -0.005801457880968401], [0.2, 0.014664838815537514], [0.30000000000000004, 0.022517994602529852], [0.4, 0.029303565701846], [0.5, 0.02750531095919598], [0.6000000000000001, 0.02904337714558604], [0.7000000000000001, 0.02544715099255375], [0.8, 0.030246452211044238], [0.9, 0.030339087553767637], [1.0, 0.03661091426339415]], "time_train": [[0.1, 119.38242711999919], [0.2, 119.49547289300244], [0.30000000000000004, 111.7740106689962], [0.4, 113.34737164000398], [0.5, 115.2029494160015], [0.6000000000000001, 112.84420961300202], [0.7000000000000001, 112.08963080199464], [0.8, 114.774035663002], [0.9, 112.2904077649946], [1.0, 113.41478840800119]], "time_est": [[0.1, 0.006484024001110811], [0.2, 0.009179068998491857], [0.30000000000000004, 0.00553810899873497], [0.4, 0.004707954001787584], [0.5, 0.004914452001685277], [0.6000000000000001, 0.009236710997356568], [0.7000000000000001, 0.00813617100357078], [0.8, 0.009161841997411102], [0.9, 0.006290851997619029], [1.0, 0.01651635899906978]]}, "4": {"kl_train": [[0.1, 0.1308385858121702], [0.2, 0.13334657936428435], [0.30000000000000004, 0.13109089339324295], [0.4, 0.12934248271995802], [0.5, 0.123399437646862], [0.6000000000000001, 0.13312284024697252], [0.7000000000000001, 0.1328037644701307], [0.8, 0.13457504689733427], [0.9, 0.12803849537747028], [1.0, 0.13376450328631473]], "kl_target": [[0.1, 0.0187325188609227], [0.2, 0.008186721936148564], [0.30000000000000004, 0.004611682141113325], [0.4, 0.0029579692361758605], [0.5, 0.006068844301557036], [0.6000000000000001, 0.001112034205017447], [0.7000000000000001, 0.0017789552165264524], [0.8, 0.0019244125949357948], [0.9, 0.013478547450553827], [1.0, 0.014546070934713521]], "time_train": [[0.1, 46.02644108601089], [0.2, 46.0854458160029], [0.30000000000000004, 46.11236156200175], [0.4, 46.06343792499683], [0.5, 46.13710348599125], [0.6000000000000001, 46.156296293003834], [0.7000000000000001, 46.074310319003416], [0.8, 46.08129398500023], [0.9, 46.154604298993945], [1.0, 46.07912688900251]], "time_est": [[0.1, 0.002093641000101343], [0.2, 0.0023696709977230057], [0.30000000000000004, 0.0023956730001373217], [0.4, 0.0023772679996909574], [0.5, 0.002376907999860123], [0.6000000000000001, 0.0020926150027662516], [0.7000000000000001, 0.002390169000136666], [0.8, 0.0024140559980878606], [0.9, 0.002402794998488389], [1.0, 0.0023493979970226064]]}, "5": {"kl_train": [[0.1, 0.24789274700785158], [0.2, 0.2745312592149409], [0.30000000000000004, 0.2912510359836959], [0.4, 0.29559613289305336], [0.5, 0.2912371041418008], [0.6000000000000001, 0.29318187696385806], [0.7000000000000001, 0.2908349276059867], [0.8, 0.2923053295184782], [0.9, 0.2904496153852586], [1.0, 0.28879154990395833]], "kl_target": [[0.1, 0.15850148797719646], [0.2, 0.12766283624011185], [0.30000000000000004, 0.10822424163323803], [0.4, 0.08655677115626081], [0.5, 0.05812532625710417], [0.6000000000000001, 0.07159796965641271], [0.7000000000000001, 0.08347624015867942], [0.8, 0.08220357938614394], [0.9, 0.08303151864805662], [1.0, 0.09026851456541479]], "time_train": [[0.1, 46.22185265600274], [0.2, 46.14561937999679], [0.30000000000000004, 46.157290597999236], [0.4, 46.091116427996894], [0.5, 46.176485285992385], [0.6000000000000001, 46.11961154799792], [0.7000000000000001, 46.15826180600561], [0.8, 46.203717388998484], [0.9, 46.14638941400335], [1.0, 46.143669754994335]], "time_est": [[0.1, 0.0024261840007966384], [0.2, 0.002415716997347772], [0.30000000000000004, 0.0024276699987240136], [0.4, 0.002408042986644432], [0.5, 0.0024329859879799187], [0.6000000000000001, 0.0024168210075004026], [0.7000000000000001, 0.0024407599994447082], [0.8, 0.0021006629976909608], [0.9, 0.002454674002365209], [1.0, 0.0024103820032905787]]}, "6": {"kl_train": [[0.1, 0.39751793606072794], [0.2, 0.4676266908413673], [0.30000000000000004, 0.4923181671112794], [0.4, 0.5027350495322477], [0.5, 0.5122017344291586], [0.6000000000000001, 0.5135029106797774], [0.7000000000000001, 0.515726169172596], [0.8, 0.517366677974142], [0.9, 0.5122646083847335], [1.0, 0.5120513006382478]], "kl_target": [[0.1, 0.30461498786579505], [0.2, 0.35888900141267205], [0.30000000000000004, 0.37266504083472357], [0.4, 0.3693898854889555], [0.5, 0.35364288411739314], [0.6000000000000001, 0.3511573764838509], [0.7000000000000001, 0.36728734664789625], [0.8, 0.3471010964137325], [0.9, 0.32737083767060937], [1.0, 0.3462467149217137]], "time_train": [[0.1, 46.17344235199562], [0.2, 46.26966641299077], [0.30000000000000004, 46.32789756600687], [0.4, 46.29469115800748], [0.5, 46.266234012000496], [0.6000000000000001, 46.244828831011546], [0.7000000000000001, 46.28393161500571], [0.8, 46.28697038299288], [0.9, 46.270979491004255], [1.0, 46.28974296200613]],