{"1": {"kl_train": [[0.1, 0.0030756474008931303], [0.2, 0.0036785073604369612], [0.30000000000000004, 0.004513630585052883], [0.4, 0.001215390891300443], [0.5, 0.004706600983530543], [0.6000000000000001, 0.002699824134851619], [0.7000000000000001, 0.0012823970464166925], [0.8, 0.0019924933420611647], [0.9, 0.002016270291197487], [1.0, 0.0014038274382853877]], "kl_target": [[0.1, 0.004034174059692149], [0.2, 0.0046775707337691555], [0.30000000000000004, 0.004620985647616628], [0.4, 0.0014364965931127239], [0.5, 0.0028007764997358678], [0.6000000000000001, 0.0005740482729794783], [0.7000000000000001, 0.0024914185523625043], [0.8, 0.006510264007311847], [0.9, 0.00563730073229583], [1.0, 0.005595016886421709]], "time_train": [[0.1, 2.216478714999994], [0.2, 2.2245840939999937], [0.30000000000000004, 2.2267128570000096], [0.4, 2.2415962390000033], [0.5, 2.2466666979999985], [0.6000000000000001, 2.24378145], [0.7000000000000001, 2.246419953], [0.8, 2.2399678069999993], [0.9, 2.2553036270000035], [1.0, 2.233169278999995]], "time_est": [[0.1, 0.0008090840000107846], [0.2, 0.000790268000002925], [0.30000000000000004, 0.0008073739999900909], [0.4, 0.0007889849999997978], [0.5, 0.0010451379999949495], [0.6000000000000001, 0.0008415839999997843], [0.7000000000000001, 0.0007941160000086711], [0.8, 0.0007744459999941], [0.9, 0.0007877019999966706], [1.0, 0.0010772099999911688]]}, "2": {"kl_train": [[0.1, 0.03405554893280214], [0.2, 0.03183805436187613], [0.30000000000000004, 0.023346341015698137], [0.4, 0.030037876749275688], [0.5, 0.03708097383209083], [0.6000000000000001, 0.03075174581881489], [0.7000000000000001, 0.033910060217428525], [0.8, 0.047060625754412354], [0.9, 0.043140992337352864], [1.0, 0.03247851989176328]], "kl_target": [[0.1, 0.006467611997998092], [0.2, 0.010027957090259502], [0.30000000000000004, 0.014408696010049208], [0.4, 0.008952892562694915], [0.5, 0.0025927081140437696], [0.6000000000000001, 0.008208426959072363], [0.7000000000000001, 0.013729458318957891], [0.8, 0.018221719467874934], [0.9, 0.01884393952345518], [1.0, 0.020571235179621106]], "time_train": [[0.1, 2.442948247000004], [0.2, 2.3609673429999987], [0.30000000000000004, 2.3087339589999942], [0.4, 2.4072271040000146], [0.5, 2.505209655000016], [0.6000000000000001, 2.4103586690000043], [0.7000000000000001, 2.3393743800000095], [0.8, 2.767174539000024], [0.9, 2.5812229229999843], [1.0, 2.675922952999997]], "time_est": [[0.1, 0.0013829689999909078], [0.2, 0.001300007999986974], [0.30000000000000004, 0.0012931660000106149], [0.4, 0.0008929000000250653], [0.5, 0.0010113550000028226], [0.6000000000000001, 0.000948492999981454], [0.7000000000000001, 0.0013106989999869256], [0.8, 0.0012025069999879179], [0.9, 0.001323100000007571], [1.0, 0.001210205000006681]]}, "3": {"kl_train": [[0.1, 0.08562140285921345], [0.2, 0.07897762522493182], [0.30000000000000004, 0.08486043599391795], [0.4, 0.10209627101596977], [0.5, 0.07680828138053009], [0.6000000000000001, 0.08302955609391569], [0.7000000000000001, 0.07922351414513382], [0.8, 0.07892717055074286], [0.9, 0.09392928504221772], [1.0, 0.07569941327574273]], "kl_target": [[0.1, 0.08216067018452057], [0.2, 0.1269813896511241], [0.30000000000000004, 0.10150702115694338], [0.4, 0.10067255471712838], [0.5, 0.11584626143909177], [0.6000000000000001, 0.1060937025983316], [0.7000000000000001, 0.14272905914120218], [0.8, 0.11493740490713256], [0.9, 0.10581984337899988], [1.0, 0.12866395782722492]], "time_train": [[0.1, 2.4084202029999915], [0.2, 2.3467536360000167], [0.30000000000000004, 2.320130411999969], [0.4, 2.4639925550000044], [0.5, 2.5729832659999943], [0.6000000000000001, 2.3653364809999857], [0.7000000000000001, 2.3864427980000187], [0.8, 2.3773055360000512], [0.9, 2.2990347869999823], [1.0, 2.5970240080000053]], "time_est": [[0.1, 0.0013915219999489636], [0.2, 0.0010981649999735055], [0.30000000000000004, 0.0010117820000346], [0.4, 0.0010554019999631237], [0.5, 0.0010562570000161031], [0.6000000000000001, 0.0013615879999520075], [0.7000000000000001, 0.0013226730000042153], [0.8, 0.001309416000026431], [0.9, 0.0012354350000123304], [1.0, 0.0011144149999608999]]}, "4": {"kl_train": [[0.1, 0.20584059863342477], [0.2, 0.23911155434972078], [0.30000000000000004, 0.23098518319905967], [0.4, 0.24093744396833922], [0.5, 0.246698353454938], [0.6000000000000001, 0.23027138910765033], [0.7000000000000001, 0.2514129087564394], [0.8, 0.2500281348891796], [0.9, 0.24069780877812433], [1.0, 0.25222162140091037]], "kl_target": [[0.1, 0.2133132304676402], [0.2, 0.26046456107723437], [0.30000000000000004, 0.2664791814093443], [0.4, 0.21166742455630988], [0.5, 0.22572924209885656], [0.6000000000000001, 0.2488322782005536], [0.7000000000000001, 0.20217734520049613], [0.8, 0.19871675664764615], [0.9, 0.215886279413208], [1.0, 0.20547161261050023]], "time_train": [[0.1, 2.4041459990000362], [0.2, 2.3172721049999723], [0.30000000000000004, 2.2916341489999468], [0.4, 2.294775121999976], [0.5, 2.2946853189999956], [0.6000000000000001, 2.3009129560000474], [0.7000000000000001, 2.3052042659999756], [0.8, 2.3032906029999936], [0.9, 2.280995037000025], [1.0, 2.30030186700003]], "time_est": [[0.1, 0.0010438549999776114], [0.2, 0.001209776999985479], [0.30000000000000004, 0.0010464210000122875], [0.4, 0.0013252390000388914], [0.5, 0.0012876060000053258], [0.6000000000000001, 0.0010451379999949495], [0.7000000000000001, 0.0010579670000083752], [0.8, 0.0014753389999668798], [0.9, 0.0011105660000225726], [1.0, 0.0010374409999940326]]}, "5": {"kl_train": [[0.1, 0.3905173434530445], [0.2, 0.45863554315542854], [0.30000000000000004, 0.4913529730842605], [0.4, 0.4951136776606164], [0.5, 0.49381533770488023], [0.6000000000000001, 0.48622794412350623], [0.7000000000000001, 0.49746777662744823], [0.8, 0.5086366154538939], [0.9, 0.49226991358658406], [1.0, 0.4991685057253575]], "kl_target": [[0.1, 0.1514265500552049], [0.2, 0.2890930271650998], [0.30000000000000004, 0.2954242643604531], [0.4, 0.32247015581910193], [0.5, 0.30783657061353753], [0.6000000000000001, 0.40000733873228606], [0.7000000000000001, 0.31092070433360597], [0.8, 0.3429060405770139], [0.9, 0.3722855493340037], [1.0, 0.3687988729082043]], "time_train": [[0.1, 2.5166360409999697], [0.2, 2.4519097510000165], [0.30000000000000004, 2.4048139650000167], [0.4, 2.343900459999986], [0.5, 2.3479292029999783], [0.6000000000000001, 2.352616501], [0.7000000000000001, 2.3462870870000074], [0.8, 2.342185220000033], [0.9, 2.332390256999986], [1.0, 2.360553392999975]], "time_est": [[0.1, 0.0015292199999521472], [0.2, 0.001480898000011166], [0.30000000000000004, 0.0014513899999997193], [0.4, 0.0015061269999705473], [0.5, 0.0014402719999679903], [0.6000000000000001, 0.0015450429999646076], [0.7000000000000001, 0.00160662199999706], [0.8, 0.00153648999997813], [0.9, 0.0010840529999995852], [1.0, 0.0012042179999980362]]}, "6": {"kl_train": [[0.1, 0.5266915114902825], [0.2, 0.6478756511570632], [0.30000000000000004, 0.7295909741605863], [0.4, 0.7863684332569892], [0.5, 0.8310697435745497], [0.6000000000000001, 0.8175089428965024], [0.7000000000000001, 0.8563746680456537], [0.8, 0.8586557525877457], [0.9, 0.8718306422969689], [1.0, 0.8590501608962673]], "kl_target": [[0.1, 0.33317283724523233], [0.2, 0.5136310022526408], [0.30000000000000004, 0.7730903364236956], [0.4, 0.2330224825899951], [0.5, 0.27654539635342157], [0.6000000000000001, 0.42252790487218445], [0.7000000000000001, 0.566049261201817], [0.8, 0.534705400412801], [0.9, 0.571901723410271], [1.0, 0.5433892668802311]], "time_train": [[0.1, 2.4983863219999876], [0.2, 2.6398909189999813], [0.30000000000000004, 2.4992535650000036], [0.4, 2.5508634579999807], [0.5, 2.4442136169999458], [0.6000000000000001, 2.442187057999945], [0.7000000000000001, 2.4477018290000387], [0.8, 2.5334365069999194], [0.9, 2.470516971000052], [1.0, 2.491563418000055]],