{"1": {"kl_train": [[0.1, 0.0062647715531849914], [0.2, 0.002204365266904166], [0.30000000000000004, 0.007395198292824966], [0.4, 0.010432400072243104], [0.5, 0.006981030391629812], [0.6000000000000001, 0.0048783074008111466], [0.7000000000000001, 0.003601948826110154], [0.8, 0.006413495649014802], [0.9, 0.00960094083253807], [1.0, 0.004606802436598575]], "kl_target": [[0.1, 0.01093696407422243], [0.2, 0.0070782971035676144], [0.30000000000000004, 0.008883388572308975], [0.4, 0.0059047385099834804], [0.5, 0.00976515412561415], [0.6000000000000001, 0.0024642549535521573], [0.7000000000000001, 0.008454402311265973], [0.8, 0.005269191552361457], [0.9, 0.008117352107392008], [1.0, 0.006148062485093853]], "time_train": [[0.1, 0.45231215400000124], [0.2, 0.4583730139999993], [0.30000000000000004, 0.46643520199999955], [0.4, 0.4512982330000028], [0.5, 0.4656795729999992], [0.6000000000000001, 0.4631590970000019], [0.7000000000000001, 0.4651253589999982], [0.8, 0.4591166700000002], [0.9, 0.4606694099999977], [1.0, 0.4513196150000027]], "time_est": [[0.1, 0.0009206959999978892], [0.2, 0.000935236000000117], [0.30000000000000004, 0.0009283939999988888], [0.4, 0.0009553350000004457], [0.5, 0.0006906290000010529], [0.6000000000000001, 0.0009322420000010823], [0.7000000000000001, 0.0009224069999973494], [0.8, 0.0009241180000003624], [0.9, 0.0009360919999998885], [1.0, 0.0007064519999993024]]}, "2": {"kl_train": [[0.1, 0.03239704688687307], [0.2, 0.049105741623172564], [0.30000000000000004, 0.04727800526029039], [0.4, 0.0401355884529122], [0.5, 0.05965610146830629], [0.6000000000000001, 0.06303607453666088], [0.7000000000000001, 0.044210949187431944], [0.8, 0.043581611012267575], [0.9, 0.04312874029544513], [1.0, 0.04138227238190848]], "kl_target": [[0.1, 0.050138523967393274], [0.2, 0.011220202588402457], [0.30000000000000004, 0.044936281027391695], [0.4, 0.04422237218566782], [0.5, 0.04309681422946836], [0.6000000000000001, 0.0393631580969572], [0.7000000000000001, 0.05060258031522014], [0.8, 0.04304160717412389], [0.9, 0.04241142231255226], [1.0, 0.03154142102252726]], "time_train": [[0.1, 0.4813951309999993], [0.2, 0.4899585060000078], [0.30000000000000004, 0.47270175499998857], [0.4, 0.4786715280000067], [0.5, 0.46904163300000334], [0.6000000000000001, 0.503995173000007], [0.7000000000000001, 0.47245543799999723], [0.8, 0.4766146070000019], [0.9, 0.4740334079999968], [1.0, 0.4770405310000001]], "time_est": [[0.1, 0.000741089999991118], [0.2, 0.000720135999998206], [0.30000000000000004, 0.0008565509999982623], [0.4, 0.0007265509999996311], [0.5, 0.0007197089999948503], [0.6000000000000001, 0.0010002359999958799], [0.7000000000000001, 0.0007261220000032154], [0.8, 0.001021617999995783], [0.9, 0.0007269790000066223], [1.0, 0.0007338200000077677]]}, "3": {"kl_train": [[0.1, 0.10408635576952965], [0.2, 0.08235692801688155], [0.30000000000000004, 0.11598968417719185], [0.4, 0.08727572533797481], [0.5, 0.0869019607783434], [0.6000000000000001, 0.0987909888194653], [0.7000000000000001, 0.11151582372913654], [0.8, 0.12146101812970668], [0.9, 0.11812220589672844], [1.0, 0.10730500686699386]], "kl_target": [[0.1, 0.27646553027266696], [0.2, 0.2837455396234748], [0.30000000000000004, 0.30342761611492286], [0.4, 0.3972380448850146], [0.5, 0.33081625608765736], [0.6000000000000001, 0.3089480289282358], [0.7000000000000001, 0.28104426030964114], [0.8, 0.2237801558239935], [0.9, 0.2585045757541622], [1.0, 0.27896500729313833]], "time_train": [[0.1, 0.4843941290000089], [0.2, 0.4711225009999964], [0.30000000000000004, 0.4679537309999944], [0.4, 0.46739481399998795], [0.5, 0.46776642800000445], [0.6000000000000001, 0.4651133849999951], [0.7000000000000001, 0.46190869399998746], [0.8, 0.46742089900001815], [0.9, 0.46869097299997975], [1.0, 0.4718811240000207]], "time_est": [[0.1, 0.0010763559999986683], [0.2, 0.0009177029999989372], [0.30000000000000004, 0.0008856310000169287], [0.4, 0.0007539190000045437], [0.5, 0.0008129320000023199], [0.6000000000000001, 0.000999809000006735], [0.7000000000000001, 0.0007654650000006313], [0.8, 0.0009955319999903622], [0.9, 0.001002373999995143], [1.0, 0.0007342480000147589]]}, "4": {"kl_train": [[0.1, 0.25105634522404213], [0.2, 0.310277463473419], [0.30000000000000004, 0.2750218759435717], [0.4, 0.2855441207013482], [0.5, 0.324532786856642], [0.6000000000000001, 0.3165644517905535], [0.7000000000000001, 0.3080826565991815], [0.8, 0.3000804637425443], [0.9, 0.2995113217256085], [1.0, 0.3066270718937696]], "kl_target": [[0.1, 1.2589008084843274], [0.2, 0.3102198333700986], [0.30000000000000004, 0.362479823269618], [0.4, 0.36051243596118027], [0.5, 0.43707656235877584], [0.6000000000000001, 0.3605488132854871], [0.7000000000000001, 0.4575517506383732], [0.8, 0.41057874054370885], [0.9, 0.4221610617226396], [1.0, 0.43652858339134654]], "time_train": [[0.1, 0.5148198790000151], [0.2, 0.5179150950000064], [0.30000000000000004, 0.5232468380000057], [0.4, 0.4955010740000034], [0.5, 0.49672197000001006], [0.6000000000000001, 0.49078768999999056], [0.7000000000000001, 0.48686243500000614], [0.8, 0.49322392199999854], [0.9, 0.49118752800001175], [1.0, 0.48501847599999337]], "time_est": [[0.1, 0.001229875999996466], [0.2, 0.0012906000000043605], [0.30000000000000004, 0.001190106000024116], [0.4, 0.0007928340000091794], [0.5, 0.0008197749999965254], [0.6000000000000001, 0.0010601050000218493], [0.7000000000000001, 0.0008646759999919595], [0.8, 0.0007791489999817713], [0.9, 0.0010699409999972431], [1.0, 0.0009125710000148501]]}, "5": {"kl_train": [[0.1, 0.4853735890521159], [0.2, 0.5434791016943059], [0.30000000000000004, 0.6115153692678013], [0.4, 0.6334260130890271], [0.5, 0.6166002284663259], [0.6000000000000001, 0.6379368583066889], [0.7000000000000001, 0.6092162396677214], [0.8, 0.6112889943953572], [0.9, 0.643979128938926], [1.0, 0.657284915255608]], "kl_target": [[0.1, 0.0652126968990513], [0.2, 4.362566573779024], [0.30000000000000004, 1.5461298213522576], [0.4, 0.22493602606346774], [0.5, 0.3075671085960747], [0.6000000000000001, 0.20094539327552788], [0.7000000000000001, 0.2823380876564081], [0.8, 0.4200293034448246], [0.9, 0.4226129419312171], [1.0, 0.419580892706974]], "time_train": [[0.1, 0.5171864070000538], [0.2, 0.49385040599997865], [0.30000000000000004, 0.4947860689999857], [0.4, 0.5109964009999999], [0.5, 0.5001062669999783], [0.6000000000000001, 0.5050334689999545], [0.7000000000000001, 0.4946966940000266], [0.8, 0.4763866790000293], [0.9, 0.4801815049999618], [1.0, 0.48859264300000405]], "time_est": [[0.1, 0.001090895000004366], [0.2, 0.0008321759999603273], [0.30000000000000004, 0.0011075730000129624], [0.4, 0.001208066999993207], [0.5, 0.0010913229999687246], [0.6000000000000001, 0.0009057290000100693], [0.7000000000000001, 0.0008082290000288594], [0.8, 0.000856123000005482], [0.9, 0.0007877020000250923], [1.0, 0.0008548409999775686]]}, "6": {"kl_train": [[0.1, 0.5641057585659465], [0.2, 0.6981124272467184], [0.30000000000000004, 0.9246106338454954], [0.4, 0.9848687178755], [0.5, 1.0177837906695972], [0.6000000000000001, 1.0482555316542508], [0.7000000000000001, 1.0596666974963254], [0.8, 1.098802651773041], [0.9, 1.0776300474624236], [1.0, 1.1109866425833088]], "kl_target": [[0.1, 1.152873257258714], [0.2, 1.5780625382454867], [0.30000000000000004, 0.1930054750563272], [0.4, 0.25068390338212354], [0.5, 0.24141187004954767], [0.6000000000000001, 0.27000433676075725], [0.7000000000000001, 0.2114682162590081], [0.8, 0.2292174011487506], [0.9, 0.19169325672674298], [1.0, 0.19986171305505007]], "time_train": [[0.1, 0.5428457429999867], [0.2, 0.5162280780000401], [0.30000000000000004, 0.5160463340000092], [0.4, 0.5157435689999943], [0.5, 0.5437651569999957], [0.6000000000000001, 0.5572604380000143], [0.7000000000000001, 0.5086401359999968], [0.8, 0.5146300090000295], [0.9, 0.5056112030000008], [1.0, 0.511360317000026]],