{"1": {"kl_train": [[0.1, 0.0006199493496488989], [0.2, 0.0009789378966282131], [0.30000000000000004, 0.0014290326445586905], [0.4, 0.0006423215221637243], [0.5, 0.00096699536233082], [0.6000000000000001, 0.0012353817282484204], [0.7000000000000001, 0.0013081457537014078], [0.8, 0.0012912997097681588], [0.9, 0.0011677744256461458], [1.0, 0.000881552617261414]], "kl_target": [[0.1, 0.0008498557221982178], [0.2, -8.159475999871104e-05], [0.30000000000000004, 0.00021166425670620726], [0.4, 0.0010698790687579988], [0.5, 0.0019420725154814889], [0.6000000000000001, 0.0009782023831588053], [0.7000000000000001, 0.0005980461074586966], [0.8, 0.0006374495864439633], [0.9, 0.000722626050180995], [1.0, 0.0010466909419441321]], "time_train": [[0.1, 59.784627921999345], [0.2, 70.6873618009995], [0.30000000000000004, 111.54547365599865], [0.4, 115.51447060599821], [0.5, 112.90537146199858], [0.6000000000000001, 114.920702342999], [0.7000000000000001, 113.04427422799927], [0.8, 113.5779528819985], [0.9, 112.08827693300191], [1.0, 113.91062832199896]], "time_est": [[0.1, 0.00172564400054398], [0.2, 0.003431503999308916], [0.30000000000000004, 0.003672665003250586], [0.4, 0.0018719250001595356], [0.5, 0.003186482997989515], [0.6000000000000001, 0.0018769989983411506], [0.7000000000000001, 0.003934887001378229], [0.8, 0.0033360009983880445], [0.9, 0.010030576002463931], [1.0, 0.003395042000192916]]}, "2": {"kl_train": [[0.1, 0.0075697098016405204], [0.2, 0.009041331192780812], [0.30000000000000004, 0.009796667748499797], [0.4, 0.008881619032692328], [0.5, 0.007642573548739803], [0.6000000000000001, 0.006975287558267751], [0.7000000000000001, 0.007420779640250276], [0.8, 0.0075798014077219636], [0.9, 0.008752667029339656], [1.0, 0.006447115412542138]], "kl_target": [[0.1, 0.0009327943861858895], [0.2, 0.00047840101887630844], [0.30000000000000004, 0.002129728711288877], [0.4, 0.0027604544732594085], [0.5, 0.0031723815740410132], [0.6000000000000001, 0.0047725816109990115], [0.7000000000000001, 0.006837086403424098], [0.8, 0.005910234069623718], [0.9, 0.00342759435203745], [1.0, 0.005387453871197365]], "time_train": [[0.1, 117.89805586599687], [0.2, 119.25128792900068], [0.30000000000000004, 119.49718267100252], [0.4, 113.1853358849985], [0.5, 113.50492725799995], [0.6000000000000001, 114.59322279499611], [0.7000000000000001, 114.17694540700177], [0.8, 115.31395507900015], [0.9, 118.63417497300543], [1.0, 119.72377703899838]], "time_est": [[0.1, 0.008749535998504143], [0.2, 0.004728571999294218], [0.30000000000000004, 0.009640203003073111], [0.4, 0.008101215003989637], [0.5, 0.010899237997364253], [0.6000000000000001, 0.011237472004722804], [0.7000000000000001, 0.00397304799844278], [0.8, 0.008669322000059765], [0.9, 0.005776013000286184], [1.0, 0.010248043996398337]]}, "3": {"kl_train": [[0.1, 0.04499328961840953], [0.2, 0.04330583896711], [0.30000000000000004, 0.04517872229757973], [0.4, 0.040654076275847564], [0.5, 0.04233235938836989], [0.6000000000000001, 0.04204196299860212], [0.7000000000000001, 0.04258331943496779], [0.8, 0.04125121944098342], [0.9, 0.04109085362768808], [1.0, 0.0396249856677312]], "kl_target": [[0.1, -0.006353746653961596], [0.2, -0.0024449824166892582], [0.30000000000000004, -0.0032558278313114487], [0.4, 0.002084214499537811], [0.5, 0.0005942777723963678], [0.6000000000000001, 0.004866082936738631], [0.7000000000000001, 0.005670548743291877], [0.8, 0.0034837811625888933], [0.9, 0.004475757468030407], [1.0, 0.006494591482603596]], "time_train": [[0.1, 46.20538358200429], [0.2, 46.1728166239991], [0.30000000000000004, 46.241115803000866], [0.4, 46.189565881002636], [0.5, 46.212212619997445], [0.6000000000000001, 46.28040924599918], [0.7000000000000001, 46.26985985299689], [0.8, 46.25402044499788], [0.9, 46.22124915000313], [1.0, 46.215483651001705]], "time_est": [[0.1, 0.002765874996839557], [0.2, 0.0027497189948917367], [0.30000000000000004, 0.0027320060034980997], [0.4, 0.0027246710014878772], [0.5, 0.002739408999332227], [0.6000000000000001, 0.0027435650044935755], [0.7000000000000001, 0.0027751609959523194], [0.8, 0.002708177999011241], [0.9, 0.0028471409968915395], [1.0, 0.0027597090011113323]]}, "4": {"kl_train": [[0.1, 0.10918514995717421], [0.2, 0.10847113949145866], [0.30000000000000004, 0.11165576448028189], [0.4, 0.11094950534495893], [0.5, 0.11099536883660839], [0.6000000000000001, 0.11141994298586208], [0.7000000000000001, 0.11101228960563592], [0.8, 0.11151314861794974], [0.9, 0.1117167041431343], [1.0, 0.11195052812227163]], "kl_target": [[0.1, 0.07972645466565849], [0.2, 0.08905207121437786], [0.30000000000000004, 0.09118793139633277], [0.4, 0.08999772701849335], [0.5, 0.09154564731657433], [0.6000000000000001, 0.08604064739263442], [0.7000000000000001, 0.08499187344649074], [0.8, 0.08102257719638445], [0.9, 0.08832946851630064], [1.0, 0.09369762953644994]], "time_train": [[0.1, 45.953583636000985], [0.2, 45.998729843995534], [0.30000000000000004, 46.00654528599989], [0.4, 45.99214216899418], [0.5, 46.0753551920061], [0.6000000000000001, 46.04565284799901], [0.7000000000000001, 46.09307956500561], [0.8, 46.111775096011115], [0.9, 46.06966443899728], [1.0, 46.117425887001446]], "time_est": [[0.1, 0.002337967001949437], [0.2, 0.002350540002225898], [0.30000000000000004, 0.0023354549921350554], [0.4, 0.0024712339945835993], [0.5, 0.002082302002236247], [0.6000000000000001, 0.0023043649998726323], [0.7000000000000001, 0.002341076993616298], [0.8, 0.0023389660054817796], [0.9, 0.002339246988412924], [1.0, 0.0020832619920838624]]}, "5": {"kl_train": [[0.1, 0.24806203577114672], [0.2, 0.28303898173833625], [0.30000000000000004, 0.29724579193563594], [0.4, 0.3016965430902378], [0.5, 0.2987763553299071], [0.6000000000000001, 0.3066884998172816], [0.7000000000000001, 0.3084197274643197], [0.8, 0.3050852891298772], [0.9, 0.2995381340022494], [1.0, 0.3049952711750394]], "kl_target": [[0.1, 0.13992119010959225], [0.2, 0.08195094594078542], [0.30000000000000004, 0.0400300691369176], [0.4, 0.010593223708843675], [0.5, 0.013322623643877393], [0.6000000000000001, 0.01046937728745093], [0.7000000000000001, 0.0029025243417264727], [0.8, 0.00804020352990037], [0.9, 0.0292903660848599], [1.0, 0.0350334741142114]], "time_train": [[0.1, 46.06089046099805], [0.2, 46.10356624600536], [0.30000000000000004, 46.13440831199114], [0.4, 46.107157005986664], [0.5, 46.267959407996386], [0.6000000000000001, 46.22324928799935], [0.7000000000000001, 46.30262311900151], [0.8, 46.23875982000027], [0.9, 46.24896383199666], [1.0, 46.22655068599852]], "time_est": [[0.1, 0.0021192819986026734], [0.2, 0.002445366990286857], [0.30000000000000004, 0.0024479319981765], [0.4, 0.0024257920013042167], [0.5, 0.0024080319999484345], [0.6000000000000001, 0.0024272740120068192], [0.7000000000000001, 0.00246584000706207], [0.8, 0.0024096230044960976], [0.9, 0.002118224001605995], [1.0, 0.0024358310038223863]]}, "6": {"kl_train": [[0.1, 0.3744688007024056], [0.2, 0.4287389913311422], [0.30000000000000004, 0.44577809627645293], [0.4, 0.45707232232709794], [0.5, 0.4633084546863789], [0.6000000000000001, 0.46116151460252786], [0.7000000000000001, 0.46263100332307905], [0.8, 0.4667128429529288], [0.9, 0.4690359278751117], [1.0, 0.4640655204107471]], "kl_target": [[0.1, 0.37240832347142416], [0.2, 0.4628813004070531], [0.30000000000000004, 0.5477137824307967], [0.4, 0.5450351187972449], [0.5, 0.5616703854841392], [0.6000000000000001, 0.60212859020092], [0.7000000000000001, 0.6201442935818373], [0.8, 0.641595638565537], [0.9, 0.626873410853934], [1.0, 0.6122639769341319]], "time_train": [[0.1, 46.09759993899206], [0.2, 46.06085065100342], [0.30000000000000004, 46.03719031800574], [0.4, 46.06020519899903], [0.5, 46.05787556299765], [0.6000000000000001, 46.20332821800548], [0.7000000000000001, 46.11458809301257], [0.8, 46.11565167599474], [0.9, 46.08666037899093], [1.0, 46.12369174300693]],