{"1": {"kl_train": [[0.1, 0.01532869602160111], [0.2, 0.012921418605302139], [0.30000000000000004, 0.015935968552875348], [0.4, 0.019064329417679004], [0.5, 0.013987297549733078], [0.6000000000000001, 0.013160551754083673], [0.7000000000000001, 0.01027841538828645], [0.8, 0.008663776315706256], [0.9, 0.006619840606535699], [1.0, 0.010361407002183265]], "kl_target": [[0.1, 0.00020541520840053785], [0.2, 0.006836406596932814], [0.30000000000000004, 0.0019547279012433797], [0.4, 0.023470193003109648], [0.5, 0.00989444867082228], [0.6000000000000001, 0.004857122571392061], [0.7000000000000001, 0.011867724007934425], [0.8, 0.004372276855728272], [0.9, 0.00641822461702306], [1.0, 0.009769566380219292]], "time_train": [[0.1, 0.4922767119999918], [0.2, 0.46729987900000935], [0.30000000000000004, 0.47204063200000235], [0.4, 0.4697818679999983], [0.5, 0.4681457399999971], [0.6000000000000001, 0.4648696339999958], [0.7000000000000001, 0.4604624349999966], [0.8, 0.4517280059999962], [0.9, 0.45726031000000944], [1.0, 0.4660824040000051]], "time_est": [[0.1, 0.0009168480000028012], [0.2, 0.0009527700000120376], [0.30000000000000004, 0.0008432949999956918], [0.4, 0.0010370129999870414], [0.5, 0.0007073069999989912], [0.6000000000000001, 0.0008385909999901742], [0.7000000000000001, 0.0007372419999995827], [0.8, 0.00091641999999581], [0.9, 0.0009309599999909324], [1.0, 0.0009168480000028012]]}, "2": {"kl_train": [[0.1, 0.0480023233717641], [0.2, 0.03767578694792618], [0.30000000000000004, 0.03660941510166991], [0.4, 0.03535613867796486], [0.5, 0.04143564740846093], [0.6000000000000001, 0.03251826699868001], [0.7000000000000001, 0.03687828330548129], [0.8, 0.030983727940039948], [0.9, 0.024838615380721046], [1.0, 0.024422316104789524]], "kl_target": [[0.1, 0.0407307351233092], [0.2, 0.03886681255060711], [0.30000000000000004, 0.04312516310586772], [0.4, 0.07887778176366857], [0.5, 0.0913279040847349], [0.6000000000000001, 0.11337721838668607], [0.7000000000000001, 0.10153491648734204], [0.8, 0.10540681880214885], [0.9, 0.1169495797666897], [1.0, 0.11133509879252174]], "time_train": [[0.1, 0.4990731020000112], [0.2, 0.4953295930000081], [0.30000000000000004, 0.48964505099999656], [0.4, 0.4754916400000013], [0.5, 0.4730344539999862], [0.6000000000000001, 0.4640815029999885], [0.7000000000000001, 0.47678437800001916], [0.8, 0.4685288999999955], [0.9, 0.4815229939999881], [1.0, 0.48076950200001534]], "time_est": [[0.1, 0.0007291160000022501], [0.2, 0.0007988210000178242], [0.30000000000000004, 0.0007256949999998596], [0.4, 0.000841156000007004], [0.5, 0.0007286889999988944], [0.6000000000000001, 0.0009899730000029194], [0.7000000000000001, 0.0009788549999996121], [0.8, 0.001111849000011489], [0.9, 0.0007355310000036752], [1.0, 0.0007936890000053154]]}, "3": {"kl_train": [[0.1, 0.08882626431060446], [0.2, 0.0866861796752288], [0.30000000000000004, 0.10358223133500712], [0.4, 0.10508051331418777], [0.5, 0.06476236840556625], [0.6000000000000001, 0.07947095116732049], [0.7000000000000001, 0.06588766261637508], [0.8, 0.05575485603976726], [0.9, 0.07003695941190832], [1.0, 0.08698395401559533]], "kl_target": [[0.1, 0.34927183804480144], [0.2, 0.32391786649453364], [0.30000000000000004, 0.3374859923883434], [0.4, 0.31703814388778306], [0.5, 0.3277205524461746], [0.6000000000000001, 0.2815505795785436], [0.7000000000000001, 0.35257298837484136], [0.8, 0.3823022384446925], [0.9, 0.33356027170023395], [1.0, 0.3007265213782466]], "time_train": [[0.1, 0.4887641250000172], [0.2, 0.499603368999999], [0.30000000000000004, 0.489045080000011], [0.4, 0.47417538199999854], [0.5, 0.4916921360000117], [0.6000000000000001, 0.47294892700000446], [0.7000000000000001, 0.4835397170000135], [0.8, 0.4855059790000098], [0.9, 0.48276612600000135], [1.0, 0.4752461779999919]], "time_est": [[0.1, 0.0010280319999935728], [0.2, 0.0011165530000027957], [0.30000000000000004, 0.0010006649999922956], [0.4, 0.0009839859999942746], [0.5, 0.0007466499999964071], [0.6000000000000001, 0.0011092830000052345], [0.7000000000000001, 0.0012551070000199616], [0.8, 0.0011674410000068747], [0.9, 0.0007539190000045437], [1.0, 0.0009980979999966166]]}, "4": {"kl_train": [[0.1, 0.226956417629399], [0.2, 0.2688010807962966], [0.30000000000000004, 0.26699261205713265], [0.4, 0.23977385736254958], [0.5, 0.26727278684773104], [0.6000000000000001, 0.26245279259598264], [0.7000000000000001, 0.24637075336123382], [0.8, 0.2525457334321727], [0.9, 0.25510909220537153], [1.0, 0.24834949025000205]], "kl_target": [[0.1, 0.3536035058777802], [0.2, 0.5002859589727635], [0.30000000000000004, 0.5096017082947919], [0.4, 0.6841542280152229], [0.5, 0.6310903659831392], [0.6000000000000001, 0.7081623291459309], [0.7000000000000001, 0.727847826792086], [0.8, 0.8015419732817131], [0.9, 0.7552951566832278], [1.0, 0.7826592788772921]], "time_train": [[0.1, 0.4938320170000452], [0.2, 0.5766566440000247], [0.30000000000000004, 0.49381106300000965], [0.4, 0.5228115069999717], [0.5, 0.48876412399999936], [0.6000000000000001, 0.49015222499997435], [0.7000000000000001, 0.489851170999998], [0.8, 0.506255646999989], [0.9, 0.4832168529999876], [1.0, 0.49126364599999306]], "time_est": [[0.1, 0.0010725059999572295], [0.2, 0.0007829979999769421], [0.30000000000000004, 0.001045565000026727], [0.4, 0.0007825700000125835], [0.5, 0.0008997420000014245], [0.6000000000000001, 0.0007847090000154822], [0.7000000000000001, 0.0010896120000438714], [0.8, 0.0010729349999678561], [0.9, 0.0010720789999822955], [1.0, 0.0007962550000115698]]}, "5": {"kl_train": [[0.1, 0.4895660436184092], [0.2, 0.5200994993910539], [0.30000000000000004, 0.5945009307921958], [0.4, 0.5665029788462503], [0.5, 0.631306070548013], [0.6000000000000001, 0.6606992121859911], [0.7000000000000001, 0.6376714092161628], [0.8, 0.6621466681830541], [0.9, 0.6849915549953716], [1.0, 0.6617927899674036]], "kl_target": [[0.1, -0.04357152838001124], [0.2, 0.49023515267746764], [0.30000000000000004, 0.27380967860508043], [0.4, 0.5535135305286749], [0.5, 0.3929862360552259], [0.6000000000000001, 0.4227225983000602], [0.7000000000000001, 0.4277140234702367], [0.8, 0.31675144987523657], [0.9, 0.33116764293810647], [1.0, 0.48336525626302623]], "time_train": [[0.1, 0.5350781949999828], [0.2, 0.5323943629999803], [0.30000000000000004, 0.5030680609999649], [0.4, 0.5123306190000108], [0.5, 0.512948123000001], [0.6000000000000001, 0.5196209279999948], [0.7000000000000001, 0.48865892700001723], [0.8, 0.49481472100001156], [0.9, 0.49060124100003577], [1.0, 0.48249457899999015]], "time_est": [[0.1, 0.0011678690000280767], [0.2, 0.001136224000049424], [0.30000000000000004, 0.0012675079999553418], [0.4, 0.0008608269999967888], [0.5, 0.0009655979999934061], [0.6000000000000001, 0.0008390180000219516], [0.7000000000000001, 0.001001092000024073], [0.8, 0.0011088549999840325], [0.9, 0.0008005309999816745], [1.0, 0.0008167810000259124]]}, "6": {"kl_train": [[0.1, 0.581407840975963], [0.2, 0.7410216560380332], [0.30000000000000004, 0.8802361826948755], [0.4, 0.9409305046983656], [0.5, 0.9888706881375197], [0.6000000000000001, 0.9825949784968746], [0.7000000000000001, 1.0343779764279448], [0.8, 1.0169794114825659], [0.9, 1.0643270732339203], [1.0, 1.0925629784888726]], "kl_target": [[0.1, 1.8068275711330726], [0.2, 3.3210306176434887], [0.30000000000000004, 0.5908796701658565], [0.4, 0.24199726548100878], [0.5, 0.18480752586147717], [0.6000000000000001, 0.09142291556196096], [0.7000000000000001, 0.2780169606822793], [0.8, 0.21911977813859887], [0.9, 0.09573499995022913], [1.0, 0.12983273720685273]], "time_train": [[0.1, 0.5295304959999498], [0.2, 0.5357440220000171], [0.30000000000000004, 0.5172916039999791], [0.4, 0.49856507300000885], [0.5, 0.4962306180000269], [0.6000000000000001, 0.5009260420000032], [0.7000000000000001, 0.49294938100001673], [0.8, 0.4985907319999683], [0.9, 0.4933286919999773], [1.0, 0.49673094999997147]],