{"1": {"kl_train": [[0.1, 0.013985897657193073], [0.2, 0.008316224917373256], [0.30000000000000004, 0.01228806288143259], [0.4, 0.010224715144232835], [0.5, 0.005303265760229041], [0.6000000000000001, 0.0074761552047800635], [0.7000000000000001, 0.0076774503280238856], [0.8, 0.008936106331268881], [0.9, 0.003887904632019264], [1.0, 0.008086615003241782]], "kl_target": [[0.1, 0.004354185223162466], [0.2, 0.009240569512988421], [0.30000000000000004, 0.0069677163290227185], [0.4, 0.005013116236565145], [0.5, 0.005440905016208673], [0.6000000000000001, 0.0015728675620937712], [0.7000000000000001, 0.003909642611540249], [0.8, 0.016615950230704783], [0.9, 0.012694153341147428], [1.0, 0.010468862742759545]], "time_train": [[0.1, 0.46193221400000084], [0.2, 0.45440499600000095], [0.30000000000000004, 0.4630983719999975], [0.4, 0.45533296199999995], [0.5, 0.4514966560000033], [0.6000000000000001, 0.4597948979999984], [0.7000000000000001, 0.44428503200000335], [0.8, 0.4520731069999968], [0.9, 0.45965377899999993], [1.0, 0.4604282240000046]], "time_est": [[0.1, 0.0006914839999971889], [0.2, 0.0008561230000019293], [0.30000000000000004, 0.0009305320000052575], [0.4, 0.0009254010000034896], [0.5, 0.0006906300000011356], [0.6000000000000001, 0.0007017470000008075], [0.7000000000000001, 0.0007038860000037062], [0.8, 0.0009164200000029155], [0.9, 0.0009224069999973494], [1.0, 0.0009288219999987746]]}, "2": {"kl_train": [[0.1, 0.04980453756104453], [0.2, 0.04828608669471409], [0.30000000000000004, 0.04297677961876583], [0.4, 0.046496304278706796], [0.5, 0.03809755546084872], [0.6000000000000001, 0.05400847715359307], [0.7000000000000001, 0.031105790557505477], [0.8, 0.03078669724198131], [0.9, 0.029821163021453875], [1.0, 0.03471655172659609]], "kl_target": [[0.1, 0.03354687787300275], [0.2, 0.045328369822372726], [0.30000000000000004, 0.038258328664395026], [0.4, 0.040938925072688585], [0.5, 0.03476100488160396], [0.6000000000000001, 0.05605697983689393], [0.7000000000000001, 0.0799356329710866], [0.8, 0.07258034720258635], [0.9, 0.09778038486797459], [1.0, 0.08769101228249024]], "time_train": [[0.1, 0.47821053900000265], [0.2, 0.471784907], [0.30000000000000004, 0.5100042890000083], [0.4, 0.4749831839999956], [0.5, 0.4851146939999893], [0.6000000000000001, 0.4809756209999989], [0.7000000000000001, 0.4712131600000049], [0.8, 0.465756546999998], [0.9, 0.4818009560000007], [1.0, 0.4971863809999917]], "time_est": [[0.1, 0.0007445110000077193], [0.2, 0.0007667489999931831], [0.30000000000000004, 0.0010254669999909538], [0.4, 0.0010062230000045247], [0.5, 0.000986552000000529], [0.6000000000000001, 0.0007423729999942452], [0.7000000000000001, 0.0009938219999980902], [0.8, 0.000791122999999061], [0.9, 0.0007197080000054257], [1.0, 0.0010943159999925456]]}, "3": {"kl_train": [[0.1, 0.13848860854270004], [0.2, 0.16475797391780841], [0.30000000000000004, 0.15083399682313348], [0.4, 0.15664993301954044], [0.5, 0.15721849465253981], [0.6000000000000001, 0.13957425236845875], [0.7000000000000001, 0.12046041400405613], [0.8, 0.13842542145470105], [0.9, 0.12800706387961244], [1.0, 0.12790096437533385]], "kl_target": [[0.1, 0.12419714179946623], [0.2, 0.08656634817293536], [0.30000000000000004, 0.09637498824344692], [0.4, 0.11360475859062692], [0.5, 0.08046914345751849], [0.6000000000000001, 0.09210546734660235], [0.7000000000000001, 0.1796005857962693], [0.8, 0.14833538398124077], [0.9, 0.19539293943046748], [1.0, 0.15161584823568477]], "time_train": [[0.1, 0.4870219420000126], [0.2, 0.4703206870000258], [0.30000000000000004, 0.4655363159999979], [0.4, 0.4673199769999883], [0.5, 0.4635114680000072], [0.6000000000000001, 0.4620818860000213], [0.7000000000000001, 0.4790675180000221], [0.8, 0.471077600000001], [0.9, 0.4794575210000005], [1.0, 0.4639083110000115]], "time_est": [[0.1, 0.0007744459999798892], [0.2, 0.0010143490000018573], [0.30000000000000004, 0.0007419460000051004], [0.4, 0.0007718799999736348], [0.5, 0.0007316829999979291], [0.6000000000000001, 0.000831320999992613], [0.7000000000000001, 0.0007248400000037236], [0.8, 0.0010134930000162967], [0.9, 0.0007303989999911664], [1.0, 0.00099638700001492]]}, "4": {"kl_train": [[0.1, 0.2920759011063155], [0.2, 0.2854885835945486], [0.30000000000000004, 0.3055502379449502], [0.4, 0.3107184145484869], [0.5, 0.31063791021867077], [0.6000000000000001, 0.3253400756586384], [0.7000000000000001, 0.32558041905558754], [0.8, 0.30035247675148086], [0.9, 0.2953019651038822], [1.0, 0.3344091430890813]], "kl_target": [[0.1, 0.0962683838096364], [0.2, 0.659767120098027], [0.30000000000000004, 0.25015854658998926], [0.4, 0.3323573353619513], [0.5, 0.3232074688941226], [0.6000000000000001, 0.3564690154895771], [0.7000000000000001, 0.33768523761853814], [0.8, 0.46025779737371453], [0.9, 0.44056598054542434], [1.0, 0.45367347246865164]], "time_train": [[0.1, 0.4951435720000177], [0.2, 0.48521048400002087], [0.30000000000000004, 0.48243599299999573], [0.4, 0.4822397080000087], [0.5, 0.4877502040000081], [0.6000000000000001, 0.48135536099999854], [0.7000000000000001, 0.4802234130000045], [0.8, 0.4903630480000061], [0.9, 0.48730161599999633], [1.0, 0.49560327800000437]], "time_est": [[0.1, 0.0008578339999871787], [0.2, 0.0011426390000224274], [0.30000000000000004, 0.0007877020000250923], [0.4, 0.0008176359999936267], [0.5, 0.000782142999980806], [0.6000000000000001, 0.0010652369999775146], [0.7000000000000001, 0.0008099399999821344], [0.8, 0.0009711569999808489], [0.9, 0.0010601050000218493], [1.0, 0.0007859910000149739]]}, "5": {"kl_train": [[0.1, 0.40777560540185326], [0.2, 0.5363292042313406], [0.30000000000000004, 0.6015657801122676], [0.4, 0.5812091425994139], [0.5, 0.5837122303260394], [0.6000000000000001, 0.6114578205935396], [0.7000000000000001, 0.6205827621836719], [0.8, 0.6124249975172339], [0.9, 0.6236894562114174], [1.0, 0.6389560978211177]], "kl_target": [[0.1, 0.880582334169161], [0.2, 0.1793815403604215], [0.30000000000000004, 0.3077543990269731], [0.4, 0.3590238996572443], [0.5, 0.34037252905804644], [0.6000000000000001, 0.31230158190947377], [0.7000000000000001, 0.359662911760592], [0.8, 0.3578771547744659], [0.9, 0.48547248825365], [1.0, 0.36105761802106423]], "time_train": [[0.1, 0.5260136320000015], [0.2, 0.5130828279999946], [0.30000000000000004, 0.4989726079999741], [0.4, 0.5019425290000186], [0.5, 0.5159663659999865], [0.6000000000000001, 0.5045711959999721], [0.7000000000000001, 0.5012446289999843], [0.8, 0.5078071039999941], [0.9, 0.5030740480000304], [1.0, 0.505435445000046]], "time_est": [[0.1, 0.0008916169999793055], [0.2, 0.0011024410000004536], [0.30000000000000004, 0.0008321760000171707], [0.4, 0.0008839199999783887], [0.5, 0.0010340190000306393], [0.6000000000000001, 0.0010139200000480741], [0.7000000000000001, 0.0008197739999786791], [0.8, 0.0011383629999954792], [0.9, 0.0008843479999995907], [1.0, 0.0011413560000050893]]}, "6": {"kl_train": [[0.1, 0.5911638380442947], [0.2, 0.573482567636589], [0.30000000000000004, 0.7029519981161825], [0.4, 0.8040811650153313], [0.5, 0.8570578662199924], [0.6000000000000001, 0.9048675066782544], [0.7000000000000001, 0.9690443568432999], [0.8, 0.947807034188391], [0.9, 0.973963679438003], [1.0, 1.0100310794534852]], "kl_target": [[0.1, 0.7214285211669796], [0.2, 3.9920895715997426], [0.30000000000000004, 1.0825982979389588], [0.4, 2.296109816301897], [0.5, 0.7087056116016766], [0.6000000000000001, 0.5618075325063556], [0.7000000000000001, 0.7068437808516955], [0.8, 1.4913436931806445], [0.9, 1.0984089546519378], [1.0, 0.5608252282557774]], "time_train": [[0.1, 0.5385142360000259], [0.2, 0.522007981999991], [0.30000000000000004, 0.4999493249999887], [0.4, 0.49472577299997056], [0.5, 0.5412981350000337], [0.6000000000000001, 0.5496566740000048], [0.7000000000000001, 0.5179287789999876], [0.8, 0.5258716570000388], [0.9, 0.5232647990000032], [1.0, 0.5470267229999877]],