{"1": {"kl_train": [[0.1, 0.0034454725777375173], [0.2, 0.006301812464244081], [0.30000000000000004, 0.006965054151583098], [0.4, 0.004546165609604449], [0.5, 0.005766249920042814], [0.6000000000000001, 0.014657505999691298], [0.7000000000000001, 0.008381645399515684], [0.8, 0.014603406724196293], [0.9, 0.009175915389257272], [1.0, 0.01127389210068381]], "kl_target": [[0.1, 0.012795541273662692], [0.2, 0.013574358942286358], [0.30000000000000004, 0.011258204122412867], [0.4, 0.012724081753268867], [0.5, 0.019541416418985377], [0.6000000000000001, 0.018259140309882335], [0.7000000000000001, 0.014792008267742273], [0.8, 0.01581922612583509], [0.9, 0.01476550165979539], [1.0, 0.01564731907104004]], "time_train": [[0.1, 0.46439068300000486], [0.2, 0.46017249900000223], [0.30000000000000004, 0.4677527439999949], [0.4, 0.46491111400000307], [0.5, 0.459061933000001], [0.6000000000000001, 0.4553804300000053], [0.7000000000000001, 0.4586847590000005], [0.8, 0.4903378180000004], [0.9, 0.46068608800000277], [1.0, 0.5877588839999959]], "time_est": [[0.1, 0.0008475710000013237], [0.2, 0.0009177029999989372], [0.30000000000000004, 0.0008950390000066477], [0.4, 0.0006936220000000048], [0.5, 0.0009425060000012309], [0.6000000000000001, 0.0007038860000037062], [0.7000000000000001, 0.0007128660000006448], [0.8, 0.0009335259999971868], [0.9, 0.0006919120000006274], [1.0, 0.0008424389999959203]]}, "2": {"kl_train": [[0.1, 0.04164483846781021], [0.2, 0.043423291508973866], [0.30000000000000004, 0.033650165596196976], [0.4, 0.03629453197418167], [0.5, 0.031770815711208156], [0.6000000000000001, 0.035810947895614564], [0.7000000000000001, 0.03756854379114447], [0.8, 0.038711310177562], [0.9, 0.05007787084795567], [1.0, 0.03368395549495252]], "kl_target": [[0.1, 0.09676088029236621], [0.2, 0.06292906601177098], [0.30000000000000004, 0.07303794159700058], [0.4, 0.06660526510776989], [0.5, 0.06188370920417983], [0.6000000000000001, 0.06426942249895086], [0.7000000000000001, 0.056905558417316184], [0.8, 0.06106144526422543], [0.9, 0.0422002295430613], [1.0, 0.07727690472294506]], "time_train": [[0.1, 0.48092473300000904], [0.2, 0.4800955500000015], [0.30000000000000004, 0.4654524990000084], [0.4, 0.4788220559999985], [0.5, 0.49681946999999127], [0.6000000000000001, 0.49344286999999554], [0.7000000000000001, 0.4940052089999938], [0.8, 0.47798175500000184], [0.9, 0.48643137899999545], [1.0, 0.49191707099998894]], "time_est": [[0.1, 0.0010635269999994534], [0.2, 0.0007372409999959473], [0.30000000000000004, 0.0009228340000078106], [0.4, 0.0007316819999942936], [0.5, 0.0010725070000034975], [0.6000000000000001, 0.0010070790000042962], [0.7000000000000001, 0.0010288879999933442], [0.8, 0.0010015200000026425], [0.9, 0.0009998089999925242], [1.0, 0.000978000000003476]]}, "3": {"kl_train": [[0.1, 0.12428134789103508], [0.2, 0.09178679496718925], [0.30000000000000004, 0.08538608041334023], [0.4, 0.065371085387464], [0.5, 0.07843982968164456], [0.6000000000000001, 0.09735591346307633], [0.7000000000000001, 0.08300223022831074], [0.8, 0.071672264633021], [0.9, 0.0674403377096162], [1.0, 0.058164316693141094]], "kl_target": [[0.1, 0.1816985851047258], [0.2, 0.28137491603344394], [0.30000000000000004, 0.3227654085463918], [0.4, 0.37126550815646153], [0.5, 0.3459835432496506], [0.6000000000000001, 0.3486302371811664], [0.7000000000000001, 0.3895203680452838], [0.8, 0.40014708666492693], [0.9, 0.4035746538471639], [1.0, 0.4225785427329005]], "time_train": [[0.1, 0.47981801600002427], [0.2, 0.47409840800000325], [0.30000000000000004, 0.4718481970000141], [0.4, 0.47290359800001625], [0.5, 0.4736459709999963], [0.6000000000000001, 0.4700833500000101], [0.7000000000000001, 0.4671023120000086], [0.8, 0.46926742400000876], [0.9, 0.47098138199999084], [1.0, 0.4687585389999924]], "time_est": [[0.1, 0.0010271769999974367], [0.2, 0.0007385239999848636], [0.30000000000000004, 0.0008539849999920079], [0.4, 0.000994249000001446], [0.5, 0.0007663210000146137], [0.6000000000000001, 0.0008202019999998811], [0.7000000000000001, 0.0008142160000090826], [0.8, 0.00099082899998848], [0.9, 0.0008561239999949066], [1.0, 0.0010010919999956513]]}, "4": {"kl_train": [[0.1, 0.266700716621729], [0.2, 0.30013329880847556], [0.30000000000000004, 0.28560133935227483], [0.4, 0.2734457398107628], [0.5, 0.25930689899949344], [0.6000000000000001, 0.2866874838818998], [0.7000000000000001, 0.2715785412066236], [0.8, 0.2643743740670773], [0.9, 0.2695387906869925], [1.0, 0.2507251726130896]], "kl_target": [[0.1, 0.12026727077988757], [0.2, 0.3251644308139598], [0.30000000000000004, 0.3976832803228558], [0.4, 0.4761071044126692], [0.5, 0.7451367847917865], [0.6000000000000001, 0.6142906981540736], [0.7000000000000001, 0.7074347172190533], [0.8, 0.620403291693272], [0.9, 0.7689430927571244], [1.0, 0.7018988062613875]], "time_train": [[0.1, 0.49073423600003707], [0.2, 0.48769076299998915], [0.30000000000000004, 0.4860802919999969], [0.4, 0.49834612400002243], [0.5, 0.49660052100000485], [0.6000000000000001, 0.4867076310000016], [0.7000000000000001, 0.48924093699997684], [0.8, 0.48656309100005046], [0.9, 0.48960100499999726], [1.0, 0.48671960499996203]], "time_est": [[0.1, 0.001066092000030494], [0.2, 0.0008013869999672352], [0.30000000000000004, 0.0010725059999572295], [0.4, 0.0010712239999861595], [0.5, 0.0010160590000509728], [0.6000000000000001, 0.0010793480000188538], [0.7000000000000001, 0.0010720800000285635], [0.8, 0.0007996760000423819], [0.9, 0.00078128799998467], [1.0, 0.0010720789999822955]]}, "5": {"kl_train": [[0.1, 0.3829675778273778], [0.2, 0.4376250478135131], [0.30000000000000004, 0.5079291392350105], [0.4, 0.5725162307943532], [0.5, 0.5807007489994533], [0.6000000000000001, 0.5885884345050452], [0.7000000000000001, 0.606533930288094], [0.8, 0.5984752169216206], [0.9, 0.6100055017870715], [1.0, 0.5980704321702166]], "kl_target": [[0.1, 0.29750750224009415], [0.2, 1.969853511463578], [0.30000000000000004, 0.3445268400428995], [0.4, 0.3364396029496334], [0.5, 0.402613782245855], [0.6000000000000001, 0.3714980492967929], [0.7000000000000001, 0.4335754817663958], [0.8, 0.46555829971158624], [0.9, 0.45592434723937386], [1.0, 0.43779160225952474]], "time_train": [[0.1, 0.5097318859999973], [0.2, 0.519163787000025], [0.30000000000000004, 0.5031527339999684], [0.4, 0.5150020499999641], [0.5, 0.5148506680000082], [0.6000000000000001, 0.5109314009999935], [0.7000000000000001, 0.5177200929999799], [0.8, 0.5188242450000189], [0.9, 0.5076146690000201], [1.0, 0.5107650510000212]], "time_est": [[0.1, 0.0010921770000322795], [0.2, 0.0008159259999729329], [0.30000000000000004, 0.0011174089999599346], [0.4, 0.0008202019999998811], [0.5, 0.0008899069999870335], [0.6000000000000001, 0.0011657310000146026], [0.7000000000000001, 0.001116980999995576], [0.8, 0.0012529690000064875], [0.9, 0.00109004000000823], [1.0, 0.0011079999999878964]]}, "6": {"kl_train": [[0.1, 0.8162914280793759], [0.2, 0.9612744032128284], [0.30000000000000004, 1.0196163475847384], [0.4, 1.1021183553624212], [0.5, 1.1070659951431014], [0.6000000000000001, 1.0739616495996163], [0.7000000000000001, 1.098203699304895], [0.8, 1.0919402889204741], [0.9, 1.0687583960644453], [1.0, 1.0882668453342412]], "kl_target": [[0.1, 0.42234876741970495], [0.2, 0.042635964487105944], [0.30000000000000004, 0.10038841616943675], [0.4, 0.2042322934208899], [0.5, 0.1646181467495648], [0.6000000000000001, 0.24082376645398235], [0.7000000000000001, 0.18478661495108673], [0.8, 0.2566205011943585], [0.9, 0.10462013104800887], [1.0, 0.20776094181379068]], "time_train": [[0.1, 0.5276719980000166], [0.2, 0.4959261419999734], [0.30000000000000004, 0.4973527299999887], [0.4, 0.5042316550000123], [0.5, 0.5096916879999753], [0.6000000000000001, 0.508202238000024], [0.7000000000000001, 0.5192912219999926], [0.8, 0.5154395200000295], [0.9, 0.5274697259999925], [1.0, 0.49604545199997574]],