{"1": {"kl_train": [[0.1, 0.0009621742075739448], [0.2, 0.0006043159684997436], [0.30000000000000004, 0.0009284251377073252], [0.4, 0.0009306214685544713], [0.5, 0.001301340395912093], [0.6000000000000001, 0.0013002492332390369], [0.7000000000000001, 0.0014812315650584334], [0.8, 0.0010510493797805508], [0.9, 0.0005033097373591987], [1.0, 0.0014894194164458406]], "kl_target": [[0.1, 0.0009693620552970739], [0.2, 0.0012678426541173702], [0.30000000000000004, 0.00033674451526697187], [0.4, 0.0008477048623808202], [0.5, 0.0005228474494138577], [0.6000000000000001, 0.000483692663876508], [0.7000000000000001, -2.7912951895512212e-05], [0.8, -7.787530521521415e-05], [0.9, 0.0003611469151253894], [1.0, -0.000837172723658571]], "time_train": [[0.1, 114.24052821000078], [0.2, 116.39007510300144], [0.30000000000000004, 118.2174816259976], [0.4, 115.25515601799998], [0.5, 114.25555454200003], [0.6000000000000001, 117.66006017499967], [0.7000000000000001, 116.47625359000085], [0.8, 115.34291573399969], [0.9, 117.07470159500008], [1.0, 111.00831759899665]], "time_est": [[0.1, 0.00809111499984283], [0.2, 0.0025210910025634803], [0.30000000000000004, 0.0033368720032740384], [0.4, 0.0030742829985683784], [0.5, 0.002793886000290513], [0.6000000000000001, 0.004603560999385081], [0.7000000000000001, 0.007161599998653401], [0.8, 0.0036734029999934137], [0.9, 0.00341204900178127], [1.0, 0.009630406002543168]]}, "2": {"kl_train": [[0.1, 0.008970783142911422], [0.2, 0.007790245164430236], [0.30000000000000004, 0.004817445861461471], [0.4, 0.0036736709954079886], [0.5, 0.0021200271897213307], [0.6000000000000001, 0.002506364934284516], [0.7000000000000001, 0.002478039847376834], [0.8, 0.0028231115202242206], [0.9, 0.002472441324367987], [1.0, 0.0029435863610452074]], "kl_target": [[0.1, -8.858767514538157e-05], [0.2, 0.007467447082346058], [0.30000000000000004, 0.01378268396231774], [0.4, 0.017305817329637693], [0.5, 0.02108110086625378], [0.6000000000000001, 0.01679055341009797], [0.7000000000000001, 0.01885041428191495], [0.8, 0.01948443138041062], [0.9, 0.0206368525465402], [1.0, 0.021181044028571853]], "time_train": [[0.1, 119.04443580700172], [0.2, 117.80522149700118], [0.30000000000000004, 114.27788827900076], [0.4, 115.53693872499571], [0.5, 51.18690616799722], [0.6000000000000001, 92.43711975000042], [0.7000000000000001, 113.98510979899584], [0.8, 113.53542125799868], [0.9, 116.8274488850002], [1.0, 113.67125008999574]], "time_est": [[0.1, 0.008604242997535039], [0.2, 0.004691309004556388], [0.30000000000000004, 0.005902195000089705], [0.4, 0.00557380400277907], [0.5, 0.0026665960031095892], [0.6000000000000001, 0.006628563998674508], [0.7000000000000001, 0.01069267799903173], [0.8, 0.008988187997601926], [0.9, 0.002754877998086158], [1.0, 0.005623073004244361]]}, "3": {"kl_train": [[0.1, 0.04422205558384946], [0.2, 0.04470643216507221], [0.30000000000000004, 0.045015375253167934], [0.4, 0.045200087324163356], [0.5, 0.04502909483414621], [0.6000000000000001, 0.0417514018619582], [0.7000000000000001, 0.042935107131849455], [0.8, 0.04171763208734594], [0.9, 0.04322182259157059], [1.0, 0.046840993520862004]], "kl_target": [[0.1, 0.0031308783042854806], [0.2, -0.0021106286025982628], [0.30000000000000004, -0.003060955468642615], [0.4, -0.0005796613979473153], [0.5, 0.0002273133594112601], [0.6000000000000001, 0.0025325908894781473], [0.7000000000000001, 0.002118277792291661], [0.8, -5.4753849059517636e-05], [0.9, 0.003247283358310692], [1.0, 0.0022599685257289645]], "time_train": [[0.1, 120.41984356899775], [0.2, 117.9065990359959], [0.30000000000000004, 118.52705453899398], [0.4, 118.80970395699842], [0.5, 118.38633086399932], [0.6000000000000001, 118.03369277900492], [0.7000000000000001, 118.58029280600022], [0.8, 117.88407290299801], [0.9, 119.8876750940035], [1.0, 118.5892572179946]], "time_est": [[0.1, 0.006109420006396249], [0.2, 0.0029015929976594634], [0.30000000000000004, 0.006003586000588257], [0.4, 0.01183785999455722], [0.5, 0.008968883004854433], [0.6000000000000001, 0.006003941998642404], [0.7000000000000001, 0.005647450998367276], [0.8, 0.005887918996450026], [0.9, 0.008839825000904966], [1.0, 0.006016979001287837]]}, "4": {"kl_train": [[0.1, 0.12388787810426218], [0.2, 0.1350152845922055], [0.30000000000000004, 0.13005039780081332], [0.4, 0.13154466952572735], [0.5, 0.1361910830443538], [0.6000000000000001, 0.13419052570823245], [0.7000000000000001, 0.13464261177704565], [0.8, 0.13349485435193284], [0.9, 0.13071725776347565], [1.0, 0.13203775393935308]], "kl_target": [[0.1, 0.02781068151848229], [0.2, 0.0020338494483405655], [0.30000000000000004, 0.0005788175547092391], [0.4, 0.0029317311133509653], [0.5, -0.0019100234490561708], [0.6000000000000001, -0.00356651614856244], [0.7000000000000001, -0.007672662234285367], [0.8, -0.003519984890451702], [0.9, -0.0034755532099329635], [1.0, 0.008603008008728536]], "time_train": [[0.1, 46.001999742002226], [0.2, 45.925465706008254], [0.30000000000000004, 45.992197810002835], [0.4, 45.956146544005605], [0.5, 45.953278911998495], [0.6000000000000001, 45.944756124998094], [0.7000000000000001, 45.95383497599687], [0.8, 46.115386755001964], [0.9, 46.09100973999011], [1.0, 46.091537813990726]], "time_est": [[0.1, 0.0023665320040890947], [0.2, 0.002402925005299039], [0.30000000000000004, 0.002085718995658681], [0.4, 0.002327281006728299], [0.5, 0.0024152440018951893], [0.6000000000000001, 0.0024117590073728934], [0.7000000000000001, 0.0023837229964556172], [0.8, 0.002389507004409097], [0.9, 0.002090151989250444], [1.0, 0.002099712990457192]]}, "5": {"kl_train": [[0.1, 0.2392860070698073], [0.2, 0.2617530674005681], [0.30000000000000004, 0.2768295595375309], [0.4, 0.2863661198460667], [0.5, 0.28790021721832454], [0.6000000000000001, 0.288579382450462], [0.7000000000000001, 0.28907404561473765], [0.8, 0.28634907873262255], [0.9, 0.2830313032830445], [1.0, 0.287346789473328]], "kl_target": [[0.1, 0.20577758417311087], [0.2, 0.17351179376854525], [0.30000000000000004, 0.11673881739897427], [0.4, 0.09011999271251692], [0.5, 0.08602332936858911], [0.6000000000000001, 0.08460757820472464], [0.7000000000000001, 0.07699475383677903], [0.8, 0.08073758230370706], [0.9, 0.08135574003559272], [1.0, 0.08673264492767693]], "time_train": [[0.1, 46.07545295599266], [0.2, 46.04207373999816], [0.30000000000000004, 46.172047498010215], [0.4, 46.17732243100181], [0.5, 46.16398091400333], [0.6000000000000001, 46.11521689800429], [0.7000000000000001, 46.095561460999306], [0.8, 46.121378985990304], [0.9, 46.121894154988695], [1.0, 46.14457770899753]], "time_est": [[0.1, 0.002422457007924095], [0.2, 0.002405845996690914], [0.30000000000000004, 0.0024337970098713413], [0.4, 0.002444458004902117], [0.5, 0.0021106860076542944], [0.6000000000000001, 0.002425145998131484], [0.7000000000000001, 0.0024622030032332987], [0.8, 0.0024500440049450845], [0.9, 0.0020968589960830286], [1.0, 0.0024593179987277836]]}, "6": {"kl_train": [[0.1, 0.413637202519108], [0.2, 0.49632519891392823], [0.30000000000000004, 0.5243124692242711], [0.4, 0.5554165089166636], [0.5, 0.55857826452598], [0.6000000000000001, 0.5604573863218122], [0.7000000000000001, 0.5610141924025832], [0.8, 0.5566430209989024], [0.9, 0.5613243853354174], [1.0, 0.5529601956413309]], "kl_target": [[0.1, 0.2242548236858766], [0.2, 0.27861047834001673], [0.30000000000000004, 0.23065246390981156], [0.4, 0.1512863096362612], [0.5, 0.12639930313588807], [0.6000000000000001, 0.11641975102131644], [0.7000000000000001, 0.11592739561566068], [0.8, 0.13205719199456417], [0.9, 0.1293396199436889], [1.0, 0.1242512882288327]], "time_train": [[0.1, 46.13186694501201], [0.2, 46.109474092998425], [0.30000000000000004, 46.213671392994], [0.4, 46.120412466989364], [0.5, 46.10778841099818], [0.6000000000000001, 46.110797979999916], [0.7000000000000001, 46.124432587996125], [0.8, 46.10946472600335], [0.9, 46.17508769099368], [1.0, 46.15289025900711]],