{"1": {"kl_train": [[0.1, 0.0007154229063861114], [0.2, 0.0007879879475427666], [0.30000000000000004, 0.0010905607886636905], [0.4, 0.0011703207837170217], [0.5, 0.0011167205932634764], [0.6000000000000001, 0.0007204384091462059], [0.7000000000000001, 0.0008784733747642216], [0.8, 0.0010772234091107709], [0.9, 0.0014019951907611901], [1.0, 0.0006673769712470014]], "kl_target": [[0.1, 0.0011432565202103395], [0.2, 0.0010592509716040438], [0.30000000000000004, 0.0004031807205468904], [0.4, 0.00021338786939554318], [0.5, 4.05529978276763e-06], [0.6000000000000001, 0.0003178634211797225], [0.7000000000000001, 7.919102950563506e-06], [0.8, 0.0007487106075098489], [0.9, 0.0004717356130559256], [1.0, 0.0003882285070407194]], "time_train": [[0.1, 110.79748875800215], [0.2, 110.48931335100133], [0.30000000000000004, 111.07431558600001], [0.4, 109.61609390599915], [0.5, 112.60059970500151], [0.6000000000000001, 110.52166035900154], [0.7000000000000001, 112.06128653599808], [0.8, 112.91597739600184], [0.9, 109.07630143699862], [1.0, 112.09090168200055]], "time_est": [[0.1, 0.0035077760003332514], [0.2, 0.009719498000777094], [0.30000000000000004, 0.0019013370001630392], [0.4, 0.0036460270021052565], [0.5, 0.0033895220003614668], [0.6000000000000001, 0.0040751859996817075], [0.7000000000000001, 0.0024140480018104427], [0.8, 0.0018650409983820282], [0.9, 0.008420333000685787], [1.0, 0.001819785000407137]]}, "2": {"kl_train": [[0.1, 0.009867100951284674], [0.2, 0.00972067692485594], [0.30000000000000004, 0.007740986688701532], [0.4, 0.0066786570941222805], [0.5, 0.005322966573596911], [0.6000000000000001, 0.004743438569147043], [0.7000000000000001, 0.006595028066920651], [0.8, 0.006817021613354668], [0.9, 0.006166108681805559], [1.0, 0.005611439984333905]], "kl_target": [[0.1, 0.0007810616630152813], [0.2, 0.0026122322024495267], [0.30000000000000004, 0.006975352414214734], [0.4, 0.00647771959896772], [0.5, 0.007735449680798453], [0.6000000000000001, 0.008610571241269975], [0.7000000000000001, 0.011937396396568755], [0.8, 0.014466125633974456], [0.9, 0.012601752729929458], [1.0, 0.014039251335118916]], "time_train": [[0.1, 121.18561691899959], [0.2, 119.95082661199558], [0.30000000000000004, 119.45828709399939], [0.4, 115.16067198699602], [0.5, 113.81050126000628], [0.6000000000000001, 112.69050639100169], [0.7000000000000001, 113.50283389499964], [0.8, 80.57700009499968], [0.9, 70.32486750100361], [1.0, 110.61385565000091]], "time_est": [[0.1, 0.00973982700088527], [0.2, 0.007430028003000189], [0.30000000000000004, 0.006040077001671307], [0.4, 0.005814359996293206], [0.5, 0.00941063099890016], [0.6000000000000001, 0.005392546001530718], [0.7000000000000001, 0.002801615002681501], [0.8, 0.0026412020015413873], [0.9, 0.0027802490003523417], [1.0, 0.004993063004803844]]}, "3": {"kl_train": [[0.1, 0.045630733103232075], [0.2, 0.04130846827178918], [0.30000000000000004, 0.043371724160982464], [0.4, 0.04128616222402221], [0.5, 0.03819023199231434], [0.6000000000000001, 0.03897819500180519], [0.7000000000000001, 0.039299719159927284], [0.8, 0.03923101647877697], [0.9, 0.04334917638020259], [1.0, 0.038947165741411764]], "kl_target": [[0.1, -0.0030414578352184543], [0.2, -0.00017516807075623964], [0.30000000000000004, 0.0024092485428566634], [0.4, 0.004036671815317036], [0.5, 0.005963182218020686], [0.6000000000000001, 0.0082114873904738], [0.7000000000000001, 0.009920074600705734], [0.8, 0.00844187138398698], [0.9, 0.01118525725372173], [1.0, 0.01284724117105058]], "time_train": [[0.1, 118.85557463399891], [0.2, 118.0560875739975], [0.30000000000000004, 120.03343460400356], [0.4, 117.4136277639991], [0.5, 118.9249483379972], [0.6000000000000001, 119.8093940530016], [0.7000000000000001, 120.99035021899908], [0.8, 121.63583857000049], [0.9, 120.71331972699409], [1.0, 121.97035389699886]], "time_est": [[0.1, 0.005358994996640831], [0.2, 0.006324792004306801], [0.30000000000000004, 0.00888689600105863], [0.4, 0.006604933994822204], [0.5, 0.013849253999069333], [0.6000000000000001, 0.008916685997974128], [0.7000000000000001, 0.008512141001119744], [0.8, 0.002927038003690541], [0.9, 0.011531675998412538], [1.0, 0.008743535996472929]]}, "4": {"kl_train": [[0.1, 0.12867826235775778], [0.2, 0.13505471240523578], [0.30000000000000004, 0.13620375949224928], [0.4, 0.12970611583632427], [0.5, 0.13194869921107863], [0.6000000000000001, 0.13142958028234655], [0.7000000000000001, 0.13293516311649237], [0.8, 0.13042429573729097], [0.9, 0.1306974514516338], [1.0, 0.13154051959372093]], "kl_target": [[0.1, 0.014724802421981929], [0.2, -0.004547330682860983], [0.30000000000000004, -0.0064696126151599235], [0.4, -0.009488885978292526], [0.5, -0.012561429730159019], [0.6000000000000001, -0.01474418563759781], [0.7000000000000001, -0.011632136472358631], [0.8, -0.01406220571346569], [0.9, -0.009292635004283126], [1.0, -0.010672524528538601]], "time_train": [[0.1, 46.1510355079954], [0.2, 46.11232189400471], [0.30000000000000004, 46.103184848005185], [0.4, 46.095545860996936], [0.5, 46.10131760999502], [0.6000000000000001, 46.1443800249981], [0.7000000000000001, 46.097829331993125], [0.8, 46.02526272099931], [0.9, 46.034313124997425], [1.0, 46.050106636001146]], "time_est": [[0.1, 0.0022646020079264417], [0.2, 0.0023750349937472492], [0.30000000000000004, 0.0023642960004508495], [0.4, 0.002403215999947861], [0.5, 0.002107945008901879], [0.6000000000000001, 0.002097871998557821], [0.7000000000000001, 0.0023581970017403364], [0.8, 0.0023472300090361387], [0.9, 0.002376855001784861], [1.0, 0.002081294995150529]]}, "5": {"kl_train": [[0.1, 0.2089764949535183], [0.2, 0.21517644221897445], [0.30000000000000004, 0.22032768270667016], [0.4, 0.22361356210522704], [0.5, 0.2358391564296135], [0.6000000000000001, 0.23940172469794346], [0.7000000000000001, 0.24129586718864526], [0.8, 0.2358196607890187], [0.9, 0.23278360709777307], [1.0, 0.22902754993686514]], "kl_target": [[0.1, 0.23678648932064733], [0.2, 0.32674573239753785], [0.30000000000000004, 0.33789499070110746], [0.4, 0.3342739320177925], [0.5, 0.28924995608739823], [0.6000000000000001, 0.27936158967077385], [0.7000000000000001, 0.2609464393666805], [0.8, 0.27211004270525607], [0.9, 0.29125069936430353], [1.0, 0.31043901413841624]], "time_train": [[0.1, 46.179065820004325], [0.2, 46.278092743988964], [0.30000000000000004, 46.264455743992585], [0.4, 46.25360998099495], [0.5, 46.1386941170058], [0.6000000000000001, 46.15868996499921], [0.7000000000000001, 46.19350503801252], [0.8, 46.20065906200034], [0.9, 46.12375246900774], [1.0, 46.09986282499449]], "time_est": [[0.1, 0.0024702000082470477], [0.2, 0.002436022987239994], [0.30000000000000004, 0.0024510439980076626], [0.4, 0.0024529619986424223], [0.5, 0.002484349999576807], [0.6000000000000001, 0.002160625997930765], [0.7000000000000001, 0.0024715879990253597], [0.8, 0.002472512991516851], [0.9, 0.0024558589939260855], [1.0, 0.0021432000066852197]]}, "6": {"kl_train": [[0.1, 0.37342551624247344], [0.2, 0.4329262418955341], [0.30000000000000004, 0.45240996928164456], [0.4, 0.4540364427854344], [0.5, 0.45844532584392345], [0.6000000000000001, 0.45974526875519806], [0.7000000000000001, 0.46231914409255004], [0.8, 0.46042758152974655], [0.9, 0.45763886105925655], [1.0, 0.4530959913641256]], "kl_target": [[0.1, 0.36890606604207293], [0.2, 0.43707326956331916], [0.30000000000000004, 0.7335391491539505], [0.4, 0.7945474736942838], [0.5, 0.6151665652073901], [0.6000000000000001, 0.6365644025018932], [0.7000000000000001, 0.6389828741476898], [0.8, 0.61329886479417], [0.9, 0.6441572449699958], [1.0, 0.6607981755537343]], "time_train": [[0.1, 46.140813807011], [0.2, 46.20162294000329], [0.30000000000000004, 46.15358786399884], [0.4, 46.12930528099241], [0.5, 46.15799867200258], [0.6000000000000001, 46.17705101199681], [0.7000000000000001, 46.13351930699719], [0.8, 46.1879989040026], [0.9, 46.01295766599651], [1.0, 46.05464510200545]],