{"1": {"kl_train": [[0.1, 0.0035309540269102702], [0.2, 0.005434247747120272], [0.30000000000000004, 0.007112778498635353], [0.4, 0.003932722832286303], [0.5, 0.0060452062912428675], [0.6000000000000001, 0.006565801334293547], [0.7000000000000001, 0.003576598402316938], [0.8, 0.007867431680866652], [0.9, 0.007481276686900511], [1.0, 0.0071418979183147146]], "kl_target": [[0.1, 0.00491066116300191], [0.2, 0.0034749104619327276], [0.30000000000000004, 0.006862569902475995], [0.4, 0.009157955922049257], [0.5, 0.006868078591840708], [0.6000000000000001, 0.008431633997611045], [0.7000000000000001, 0.005234442293469685], [0.8, 0.005912093171465903], [0.9, 0.009249891088072679], [1.0, 0.007846950258077376]], "time_train": [[0.1, 2.311965590999989], [0.2, 2.382169447999999], [0.30000000000000004, 2.387466126000021], [0.4, 2.2872496139999896], [0.5, 2.3633308779999993], [0.6000000000000001, 2.5786874789999956], [0.7000000000000001, 2.3741294979999736], [0.8, 2.3262725220000107], [0.9, 2.3255934390000164], [1.0, 2.3050644299999874]], "time_est": [[0.1, 0.0008804980000007845], [0.2, 0.0010002360000100907], [0.30000000000000004, 0.0009797099999957481], [0.4, 0.0008984589999840864], [0.5, 0.0010780650000015157], [0.6000000000000001, 0.0008779329999981655], [0.7000000000000001, 0.0011794149999957426], [0.8, 0.0011152699999854576], [0.9, 0.0010489860000006956], [1.0, 0.0008278999999902226]]}, "2": {"kl_train": [[0.1, 0.0438194291118853], [0.2, 0.030283970379489905], [0.30000000000000004, 0.018738771733695474], [0.4, 0.02300465837976364], [0.5, 0.019889193326567065], [0.6000000000000001, 0.02443780680459145], [0.7000000000000001, 0.017589414645351964], [0.8, 0.027151155831612307], [0.9, 0.019623781394488296], [1.0, 0.02948147234497696]], "kl_target": [[0.1, 0.014492329482247391], [0.2, 0.02325894404674133], [0.30000000000000004, 0.033828783435739994], [0.4, 0.03823000559524975], [0.5, 0.029530472454729208], [0.6000000000000001, 0.04226499324929037], [0.7000000000000001, 0.029004156280588382], [0.8, 0.01822275331214092], [0.9, 0.041056730509711925], [1.0, 0.029089038681489557]], "time_train": [[0.1, 2.3416895909999766], [0.2, 2.3182578010000157], [0.30000000000000004, 2.313328033999994], [0.4, 2.321102424000003], [0.5, 2.3134704349999993], [0.6000000000000001, 2.35102185300002], [0.7000000000000001, 2.3260467310000195], [0.8, 2.337516308999966], [0.9, 2.3699215759999674], [1.0, 2.3553324060000023]], "time_est": [[0.1, 0.0012183299999719566], [0.2, 0.0012277379999545701], [0.30000000000000004, 0.0012204679999854307], [0.4, 0.0012131980000162912], [0.5, 0.0012414219999641318], [0.6000000000000001, 0.0008676699999909943], [0.7000000000000001, 0.001001518999999007], [0.8, 0.0012409939999997732], [0.9, 0.0013265210000099614], [1.0, 0.0009514860000194858]]}, "3": {"kl_train": [[0.1, 0.08721330192192425], [0.2, 0.07034258888100421], [0.30000000000000004, 0.08035321855984083], [0.4, 0.06742589350120375], [0.5, 0.05580790270793406], [0.6000000000000001, 0.06265407967083701], [0.7000000000000001, 0.05806034441373904], [0.8, 0.06349230986075911], [0.9, 0.06214569375747055], [1.0, 0.05529237372436089]], "kl_target": [[0.1, 0.13720052775308256], [0.2, 0.17843578568115914], [0.30000000000000004, 0.17858753771844754], [0.4, 0.1877373195455716], [0.5, 0.20254556923176067], [0.6000000000000001, 0.21428984029395187], [0.7000000000000001, 0.1982974140306637], [0.8, 0.2317716048568196], [0.9, 0.22111092372325486], [1.0, 0.2595388481950995]], "time_train": [[0.1, 2.497391217000029], [0.2, 2.363418969999998], [0.30000000000000004, 2.437416798000015], [0.4, 2.37728500999998], [0.5, 2.4185085229999572], [0.6000000000000001, 2.3551925700000425], [0.7000000000000001, 2.3022283590000256], [0.8, 2.284293806999983], [0.9, 2.380429403999983], [1.0, 2.3587569009999925]], "time_est": [[0.1, 0.0009082959999773266], [0.2, 0.001125961000013831], [0.30000000000000004, 0.0009065840000062053], [0.4, 0.0012867519999986143], [0.5, 0.001023756999984471], [0.6000000000000001, 0.0009335249999935513], [0.7000000000000001, 0.0009189859999878536], [0.8, 0.0009519139999838444], [0.9, 0.001297442999998566], [1.0, 0.001424876999976732]]}, "4": {"kl_train": [[0.1, 0.1713329995707543], [0.2, 0.18136788225504147], [0.30000000000000004, 0.20225464453314845], [0.4, 0.20576427389293786], [0.5, 0.186406543524568], [0.6000000000000001, 0.1887624320629878], [0.7000000000000001, 0.19520016367707266], [0.8, 0.18818370436460397], [0.9, 0.16416261950066663], [1.0, 0.18237903391661703]], "kl_target": [[0.1, 0.2541762923111869], [0.2, 0.33765433120261096], [0.30000000000000004, 0.35536763253440773], [0.4, 0.3812278453838865], [0.5, 0.3944352081572818], [0.6000000000000001, 0.4608250830212959], [0.7000000000000001, 0.5519561719669867], [0.8, 0.5336613718470805], [0.9, 0.5909117972592259], [1.0, 0.5280037365243335]], "time_train": [[0.1, 2.6416134300000067], [0.2, 2.482779810000011], [0.30000000000000004, 2.4600801299999375], [0.4, 2.757152503000043], [0.5, 2.5007502839999916], [0.6000000000000001, 2.479371993999962], [0.7000000000000001, 2.653792453000051], [0.8, 2.867538585000034], [0.9, 2.5344786520000753], [1.0, 2.512655622000011]], "time_est": [[0.1, 0.0013851070000328036], [0.2, 0.001373989000057918], [0.30000000000000004, 0.001516390999995565], [0.4, 0.0011798430000453664], [0.5, 0.00148004300001503], [0.6000000000000001, 0.001034019999906377], [0.7000000000000001, 0.0015617200000406228], [0.8, 0.0015347790000532768], [0.9, 0.0014603710000073988], [1.0, 0.0010545460000912499]]}, "5": {"kl_train": [[0.1, 0.3464227871812192], [0.2, 0.40759709081316087], [0.30000000000000004, 0.43445093263790796], [0.4, 0.44280554245320924], [0.5, 0.43626879987913314], [0.6000000000000001, 0.45409462341691403], [0.7000000000000001, 0.4328873178238331], [0.8, 0.44558303617630907], [0.9, 0.43420641052802217], [1.0, 0.4592987582117566]], "kl_target": [[0.1, 1.6898752982523015], [0.2, 0.4280379161457354], [0.30000000000000004, 0.4616559407676458], [0.4, 0.3782734103663574], [0.5, 0.49022833164497953], [0.6000000000000001, 0.4897595619016902], [0.7000000000000001, 0.5428206834997981], [0.8, 0.6291574038544882], [0.9, 0.6502454700244362], [1.0, 0.5662896950922696]], "time_train": [[0.1, 2.449639867999963], [0.2, 2.452174027999945], [0.30000000000000004, 2.434603392999975], [0.4, 2.787574403000008], [0.5, 2.861607297999967], [0.6000000000000001, 2.615455042999997], [0.7000000000000001, 2.553843639999968], [0.8, 2.743763276000095], [0.9, 2.473636135999982], [1.0, 2.6073445330000595]], "time_est": [[0.1, 0.0014800420000256054], [0.2, 0.001072934000035275], [0.30000000000000004, 0.001500140999951327], [0.4, 0.0015446149999434056], [0.5, 0.0010857629999918572], [0.6000000000000001, 0.0011315199999444303], [0.7000000000000001, 0.0010973100000910563], [0.8, 0.0011067180000736698], [0.9, 0.0012769149999485307], [1.0, 0.0014573770000652075]]}, "6": {"kl_train": [[0.1, 0.49538420015787454], [0.2, 0.7086524198448985], [0.30000000000000004, 0.8154948674248751], [0.4, 0.8523812269014285], [0.5, 0.8647970345970832], [0.6000000000000001, 0.8820133415037132], [0.7000000000000001, 0.8907165326049845], [0.8, 0.8771611461583945], [0.9, 0.8816488390214643], [1.0, 0.8961106992633695]], "kl_target": [[0.1, 1.4452489458320539], [0.2, 0.6964551545064867], [0.30000000000000004, 0.2984610064808814], [0.4, 0.2716775396653246], [0.5, 0.3450021343782263], [0.6000000000000001, 0.24908081421829117], [0.7000000000000001, 0.28846787390694145], [0.8, 0.2835723957963533], [0.9, 0.2955533081925931], [1.0, 0.3457950000651359]], "time_train": [[0.1, 2.4880653699999584], [0.2, 2.4208506759999864], [0.30000000000000004, 2.427476439999964], [0.4, 2.4774399419999327], [0.5, 2.4237491809999483], [0.6000000000000001, 2.439756813000031], [0.7000000000000001, 2.372611396000025], [0.8, 2.3878056669999523], [0.9, 2.688422700999922], [1.0, 2.797716605000005]],