{"1": {"kl_train": [[0.1, 0.01743674623374246], [0.2, 0.015254787681373677], [0.30000000000000004, 0.01470029571703702], [0.4, 0.016919187167589188], [0.5, 0.019989325463626365], [0.6000000000000001, 0.013403554382053023], [0.7000000000000001, 0.011077646416336337], [0.8, 0.00892801735172059], [0.9, 0.010142079055511762], [1.0, 0.018703653519394937]], "kl_target": [[0.1, -0.0009353754533673925], [0.2, 0.004781650091930658], [0.30000000000000004, 0.004307669999305235], [0.4, 0.013360390215004852], [0.5, 0.011483341899293538], [0.6000000000000001, 0.005451129932110681], [0.7000000000000001, 0.006629252262247028], [0.8, 0.020444317705477118], [0.9, 0.00951895399588198], [1.0, 0.0011348402622920024]], "time_train": [[0.1, 0.4632920909999996], [0.2, 0.46407508900000494], [0.30000000000000004, 0.45911153800000193], [0.4, 0.46420081399999447], [0.5, 0.4713619770000008], [0.6000000000000001, 0.4625043890000029], [0.7000000000000001, 0.47385123600000156], [0.8, 0.4578966300000076], [0.9, 0.4829307659999955], [1.0, 0.4875423730000108]], "time_est": [[0.1, 0.0007774390000037101], [0.2, 0.0009206959999943365], [0.30000000000000004, 0.0006919120000077328], [0.4, 0.0007188529999950788], [0.5, 0.0009091499999982489], [0.6000000000000001, 0.000697471999998811], [0.7000000000000001, 0.0009249729999964984], [0.8, 0.0009074399999917659], [0.9, 0.0012405670000106284], [1.0, 0.0007090170000054741]]}, "2": {"kl_train": [[0.1, 0.0435862604821285], [0.2, 0.06339641965682205], [0.30000000000000004, 0.042639350651266124], [0.4, 0.04355429409944683], [0.5, 0.051124425222729336], [0.6000000000000001, 0.05423646595737217], [0.7000000000000001, 0.05226255719879535], [0.8, 0.05728734524112182], [0.9, 0.038034268937345135], [1.0, 0.04937578425777118]], "kl_target": [[0.1, 0.04285953187736924], [0.2, 0.08394325818381546], [0.30000000000000004, 0.06698714837234024], [0.4, 0.03739318333327807], [0.5, 0.026789388678630902], [0.6000000000000001, 0.021291603212833302], [0.7000000000000001, 0.0313528330221706], [0.8, 0.047488107067451775], [0.9, 0.04320214603049605], [1.0, 0.050541976282053785]], "time_train": [[0.1, 0.4813814460000003], [0.2, 0.4792278800000247], [0.30000000000000004, 0.4731370869999978], [0.4, 0.46875511799999003], [0.5, 0.47075388099997895], [0.6000000000000001, 0.4975605600000108], [0.7000000000000001, 0.48585706700001197], [0.8, 0.4651659840000093], [0.9, 0.4542065740000112], [1.0, 0.48590880999998376]], "time_est": [[0.1, 0.0007740180000155306], [0.2, 0.000821485999978222], [0.30000000000000004, 0.0007718800000020565], [0.4, 0.0007513529999982893], [0.5, 0.0007188530000235005], [0.6000000000000001, 0.000739379999998846], [0.7000000000000001, 0.0008928999999966436], [0.8, 0.000997670999993261], [0.9, 0.0007351040000003195], [1.0, 0.0007534910000117634]]}, "3": {"kl_train": [[0.1, 0.14753592298773655], [0.2, 0.13383506139698814], [0.30000000000000004, 0.16058925391798382], [0.4, 0.11902696243572804], [0.5, 0.13822005749304261], [0.6000000000000001, 0.14979486913428355], [0.7000000000000001, 0.15315704441642042], [0.8, 0.15531478758905265], [0.9, 0.1398514086170085], [1.0, 0.11445146047747484]], "kl_target": [[0.1, 0.07422403615684628], [0.2, 0.08870527395624034], [0.30000000000000004, 0.09846435644904887], [0.4, 0.18284386036468392], [0.5, 0.1946152881322388], [0.6000000000000001, 0.1647627837480151], [0.7000000000000001, 0.2251726775499195], [0.8, 0.17832117732821598], [0.9, 0.15685249592392111], [1.0, 0.12288400715506509]], "time_train": [[0.1, 0.49011587700002224], [0.2, 0.4840977789999954], [0.30000000000000004, 0.478944786999989], [0.4, 0.49087963100001275], [0.5, 0.4818116470000007], [0.6000000000000001, 0.4915954909999982], [0.7000000000000001, 0.487990534000005], [0.8, 0.48393014699999526], [0.9, 0.5018048299999975], [1.0, 0.4797252189999881]], "time_est": [[0.1, 0.0011242509999931372], [0.2, 0.001000235999981669], [0.30000000000000004, 0.0010519799999997304], [0.4, 0.0010216179999815722], [0.5, 0.0009878349999894454], [0.6000000000000001, 0.0009980979999966166], [0.7000000000000001, 0.0009023080000076789], [0.8, 0.001000664000002871], [0.9, 0.001131947999994054], [1.0, 0.0010160589999941294]]}, "4": {"kl_train": [[0.1, 0.30593808265998507], [0.2, 0.32239525061707736], [0.30000000000000004, 0.36992190459018764], [0.4, 0.3807503108669302], [0.5, 0.3523949020813974], [0.6000000000000001, 0.3488763624358869], [0.7000000000000001, 0.3448779753910422], [0.8, 0.34515480608464855], [0.9, 0.3398682498902454], [1.0, 0.3224910749673252]], "kl_target": [[0.1, 0.11421998020058449], [0.2, 0.0901327041179919], [0.30000000000000004, 0.05697016282334319], [0.4, 0.1442871678505509], [0.5, 0.12816554239079928], [0.6000000000000001, 0.2246661119882908], [0.7000000000000001, 0.09175377178693851], [0.8, 0.10951362658872474], [0.9, 0.15780723409350664], [1.0, 0.22363678087793587]], "time_train": [[0.1, 0.5141044469999656], [0.2, 0.49714447299999165], [0.30000000000000004, 0.5133471060000261], [0.4, 0.49119223100001363], [0.5, 0.5143028680000157], [0.6000000000000001, 0.490309595000042], [0.7000000000000001, 0.515403598999967], [0.8, 0.4902642650000075], [0.9, 0.48857981400004746], [1.0, 0.5143909610000037]], "time_est": [[0.1, 0.001064382000038222], [0.2, 0.0008890519999908975], [0.30000000000000004, 0.0011071449999917604], [0.4, 0.001072079000039139], [0.5, 0.0010964549999812334], [0.6000000000000001, 0.0008266169999728845], [0.7000000000000001, 0.0010840529999995852], [0.8, 0.0009018810000043231], [0.9, 0.0010250390000123843], [1.0, 0.0010968820000130108]]}, "5": {"kl_train": [[0.1, 0.351223578644325], [0.2, 0.4144438447633624], [0.30000000000000004, 0.5067947698601233], [0.4, 0.5508171608814442], [0.5, 0.5388178325377627], [0.6000000000000001, 0.5867619402489863], [0.7000000000000001, 0.5922157192451921], [0.8, 0.5956521050944034], [0.9, 0.5810988614315675], [1.0, 0.6026261466037819]], "kl_target": [[0.1, 0.26159971333614124], [0.2, 0.4218862566554109], [0.30000000000000004, 0.3703307923634297], [0.4, 0.343800465848867], [0.5, 0.41546880694290517], [0.6000000000000001, 0.3175088232760946], [0.7000000000000001, 0.4774779932582841], [0.8, 0.48287714574062746], [0.9, 0.5278020856106878], [1.0, 0.636551001781758]], "time_train": [[0.1, 0.5272580469999752], [0.2, 0.5063467330000435], [0.30000000000000004, 0.5081064489999676], [0.4, 0.5123284809999973], [0.5, 0.5118820309999705], [0.6000000000000001, 0.5073264430000108], [0.7000000000000001, 0.5169221290000223], [0.8, 0.5108993279999936], [0.9, 0.5137948390000133], [1.0, 0.5096138590000123]], "time_est": [[0.1, 0.0011302369999839357], [0.2, 0.0011661589999789612], [0.30000000000000004, 0.0011614550000444979], [0.4, 0.0008877689999735594], [0.5, 0.0008698080000044683], [0.6000000000000001, 0.0008492819999901258], [0.7000000000000001, 0.0008603999999650114], [0.8, 0.0011730010000405855], [0.9, 0.0008475710000084291], [1.0, 0.0008373069999834115]]}, "6": {"kl_train": [[0.1, 0.5346784783199144], [0.2, 0.655845689620142], [0.30000000000000004, 0.8447702415153566], [0.4, 0.9163822270942137], [0.5, 0.9795597025256387], [0.6000000000000001, 1.0114672055467762], [0.7000000000000001, 1.038288502371133], [0.8, 1.0729445677152036], [0.9, 1.0894709782188512], [1.0, 1.0967436996340332]], "kl_target": [[0.1, 0.6964702213402668], [0.2, 0.5042218102355538], [0.30000000000000004, 2.3554471639377], [0.4, 0.4959449192550873], [0.5, 0.4008095869309066], [0.6000000000000001, 0.2575047624354422], [0.7000000000000001, 1.037346149421185], [0.8, 0.2880712035241475], [0.9, 0.207305327891578], [1.0, 0.2411106533184936]], "time_train": [[0.1, 0.5360745830000155], [0.2, 0.5433097269999507], [0.30000000000000004, 0.49523679599997195], [0.4, 0.4844458740000164], [0.5, 0.4916523659999825], [0.6000000000000001, 0.49577219399998285], [0.7000000000000001, 0.5032023390000404], [0.8, 0.5022033860000192], [0.9, 0.5106889319999937], [1.0, 0.5184671709999975]],