{"1": {"kl_train": [[0.1, 0.0013121074134395836], [0.2, 0.0012626049573686456], [0.30000000000000004, 0.0008221123658873755], [0.4, 0.0006334383681542719], [0.5, 0.0006558523039953372], [0.6000000000000001, 0.0007800678486891924], [0.7000000000000001, 0.0011618240270318558], [0.8, 0.0006959525264493382], [0.9, 0.0007877568818801275], [1.0, 0.0006575992442022471]], "kl_target": [[0.1, 0.001592118160181957], [0.2, 0.0007320539534501602], [0.30000000000000004, 0.0015952803491437444], [0.4, 0.00042953930533066125], [0.5, 0.0006192300179060545], [0.6000000000000001, 0.0007697007359103082], [0.7000000000000001, 0.0004207627150185223], [0.8, 0.00043642580519072805], [0.9, 0.0009684603863751082], [1.0, 0.0004461471523194928]], "time_train": [[0.1, 116.37381174999973], [0.2, 115.17470825800046], [0.30000000000000004, 110.52967118900051], [0.4, 115.02162200100065], [0.5, 111.92285445200105], [0.6000000000000001, 113.71695279699998], [0.7000000000000001, 113.48188509700049], [0.8, 112.44378950900136], [0.9, 114.36406950600212], [1.0, 112.5805690140005]], "time_est": [[0.1, 0.003997466999862809], [0.2, 0.0034528309988672845], [0.30000000000000004, 0.00426221300222096], [0.4, 0.009349105002911529], [0.5, 0.029674458997760667], [0.6000000000000001, 0.01122834700072417], [0.7000000000000001, 0.003383793002285529], [0.8, 0.021067809000669513], [0.9, 0.0033138440012407955], [1.0, 0.02043149800010724]]}, "2": {"kl_train": [[0.1, 0.00985336376767641], [0.2, 0.008699869057853853], [0.30000000000000004, 0.010057836699258828], [0.4, 0.009348255685539104], [0.5, 0.01039445353479487], [0.6000000000000001, 0.00896596528816593], [0.7000000000000001, 0.008587674286736706], [0.8, 0.00926633904499316], [0.9, 0.00931824158588517], [1.0, 0.010822300140571294]], "kl_target": [[0.1, 0.0005584332994836259], [0.2, 0.0004645300876640093], [0.30000000000000004, 0.0022628984500434003], [0.4, 0.003126454023177716], [0.5, 0.002715233605313132], [0.6000000000000001, 0.0024911099519400685], [0.7000000000000001, 0.00121898460217155], [0.8, 0.001889990887750815], [0.9, 0.0005198085810807071], [1.0, 0.001099806120476817]], "time_train": [[0.1, 71.93201394600328], [0.2, 85.07360904500092], [0.30000000000000004, 117.95079296200129], [0.4, 119.7661292949997], [0.5, 120.39587534600287], [0.6000000000000001, 118.84408280700154], [0.7000000000000001, 122.16987233799591], [0.8, 120.99168970500614], [0.9, 118.38054321900563], [1.0, 122.74713820100442]], "time_est": [[0.1, 0.0037848870051675476], [0.2, 0.005603069002972916], [0.30000000000000004, 0.005744884998421185], [0.4, 0.009035194998432416], [0.5, 0.0027618390013230965], [0.6000000000000001, 0.004403868995723315], [0.7000000000000001, 0.008427638000284787], [0.8, 0.005719943997974042], [0.9, 0.004345045999798458], [1.0, 0.003951703001803253]]}, "3": {"kl_train": [[0.1, 0.042912217169210135], [0.2, 0.042627153967504584], [0.30000000000000004, 0.041265028770659615], [0.4, 0.04358210633747823], [0.5, 0.04520774322205702], [0.6000000000000001, 0.04558005476092282], [0.7000000000000001, 0.04324790309123505], [0.8, 0.04276895229636713], [0.9, 0.04198803960868405], [1.0, 0.04222023523081898]], "kl_target": [[0.1, 0.0074585982942216075], [0.2, 0.010496383590427712], [0.30000000000000004, 0.010411824332132587], [0.4, 0.01005318180817485], [0.5, 0.012670776542815374], [0.6000000000000001, 0.010013022468765535], [0.7000000000000001, 0.009425434966457754], [0.8, 0.011839849158244821], [0.9, 0.01212982459288956], [1.0, 0.013984998991694397]], "time_train": [[0.1, 46.251976127998205], [0.2, 46.240336954993836], [0.30000000000000004, 46.227072862006025], [0.4, 46.21272599999793], [0.5, 46.24718248400313], [0.6000000000000001, 46.21208965499682], [0.7000000000000001, 46.34690246300306], [0.8, 46.26867727500212], [0.9, 46.2533677820029], [1.0, 46.228758313998696]], "time_est": [[0.1, 0.0027487029947224073], [0.2, 0.002771352999843657], [0.30000000000000004, 0.0027043099980801344], [0.4, 0.00274013099988224], [0.5, 0.00275522699666908], [0.6000000000000001, 0.0027463540027383715], [0.7000000000000001, 0.0027563460025703534], [0.8, 0.0026973269996233284], [0.9, 0.002727856997807976], [1.0, 0.0027450220004539005]]}, "4": {"kl_train": [[0.1, 0.11257937885068413], [0.2, 0.11990898167041923], [0.30000000000000004, 0.12295545737395847], [0.4, 0.1244106798381516], [0.5, 0.1259180923326491], [0.6000000000000001, 0.12622629708259753], [0.7000000000000001, 0.12362844955010435], [0.8, 0.12208228154676486], [0.9, 0.12087048979894462], [1.0, 0.11991664545034521]], "kl_target": [[0.1, 0.0678692419120188], [0.2, 0.056566331034326185], [0.30000000000000004, 0.050152568217334166], [0.4, 0.04657625300005266], [0.5, 0.040830664033517865], [0.6000000000000001, 0.04129006376061343], [0.7000000000000001, 0.04459720050833171], [0.8, 0.04648777025597462], [0.9, 0.05126069696876414], [1.0, 0.056176100062613296]], "time_train": [[0.1, 46.00348085700534], [0.2, 46.04102552898985], [0.30000000000000004, 45.97207674999663], [0.4, 46.001960286012036], [0.5, 45.95951662000152], [0.6000000000000001, 45.99695588600298], [0.7000000000000001, 45.9662945989985], [0.8, 46.00954611800262], [0.9, 45.99209359700035], [1.0, 46.02692866900179]], "time_est": [[0.1, 0.0023742129997117445], [0.2, 0.002327064998098649], [0.30000000000000004, 0.0020274280104786158], [0.4, 0.0020401359943207353], [0.5, 0.002315247998922132], [0.6000000000000001, 0.0023266529897227883], [0.7000000000000001, 0.0023410559952026233], [0.8, 0.0023591229983139783], [0.9, 0.0023340700136031955], [1.0, 0.002024486006121151]]}, "5": {"kl_train": [[0.1, 0.20792445266887502], [0.2, 0.2040019473056126], [0.30000000000000004, 0.20524162203610066], [0.4, 0.21076396266560665], [0.5, 0.2141348484156243], [0.6000000000000001, 0.214758628906255], [0.7000000000000001, 0.21454745627832494], [0.8, 0.20917022148246286], [0.9, 0.21203239992258485], [1.0, 0.21097082789773958]], "kl_target": [[0.1, 0.25971779337021883], [0.2, 0.3720050307462914], [0.30000000000000004, 0.42055566034311587], [0.4, 0.4093452523228457], [0.5, 0.4166182673219903], [0.6000000000000001, 0.4026608745435766], [0.7000000000000001, 0.4056056011846635], [0.8, 0.42750147756771023], [0.9, 0.4223277727343203], [1.0, 0.41246040184582045]], "time_train": [[0.1, 46.09588591998909], [0.2, 46.16008563700598], [0.30000000000000004, 46.188432930997806], [0.4, 46.11635647600633], [0.5, 46.151418132008985], [0.6000000000000001, 46.1452981629991], [0.7000000000000001, 46.115720870991936], [0.8, 46.124997598002665], [0.9, 46.15078455299954], [1.0, 46.08270087600977]], "time_est": [[0.1, 0.002431786007946357], [0.2, 0.002091697999276221], [0.30000000000000004, 0.002448727987939492], [0.4, 0.002444111989461817], [0.5, 0.0024156440049409866], [0.6000000000000001, 0.002397633987129666], [0.7000000000000001, 0.0023876869963714853], [0.8, 0.002463455995894037], [0.9, 0.002427744009764865], [1.0, 0.002431882996461354]]}, "6": {"kl_train": [[0.1, 0.522152035538346], [0.2, 0.551342426528776], [0.30000000000000004, 0.5593256265484341], [0.4, 0.5641631844206048], [0.5, 0.5623622321277748], [0.6000000000000001, 0.5546726158145726], [0.7000000000000001, 0.5498378383661843], [0.8, 0.5609973062582618], [0.9, 0.5576397450565904], [1.0, 0.5636719269240836]], "kl_target": [[0.1, 0.07375429082057873], [0.2, 0.09096635548663327], [0.30000000000000004, 0.02104846381455017], [0.4, 0.014262404256395933], [0.5, 0.004296075370344732], [0.6000000000000001, 0.004956164014088864], [0.7000000000000001, 0.003345611828327236], [0.8, 0.0012587867870690094], [0.9, 0.012111298666220313], [1.0, 0.008951552797211085]], "time_train": [[0.1, 46.10378410099656], [0.2, 46.112389845991856], [0.30000000000000004, 46.13082009799837], [0.4, 46.06126173899975], [0.5, 46.048827954000444], [0.6000000000000001, 46.09640164099983], [0.7000000000000001, 46.08814106701175], [0.8, 46.0682526689925], [0.9, 46.10540578799555], [1.0, 46.07897054198838]],