{"1": {"kl_train": [[0.1, 0.003680909801557854], [0.2, 0.008525790833739855], [0.30000000000000004, 0.005529303723503414], [0.4, 0.006504091008022632], [0.5, 0.0038981680568149703], [0.6000000000000001, 0.003421114204480982], [0.7000000000000001, 0.007398047802209371], [0.8, 0.004423786375693925], [0.9, 0.006013509847148388], [1.0, 0.0069942048884748306]], "kl_target": [[0.1, 0.0017034874741773587], [0.2, 0.0007474399448080646], [0.30000000000000004, 0.0011798538152228743], [0.4, -0.0009406636485267325], [0.5, -0.00023032291337915517], [0.6000000000000001, 0.0012233252356327778], [0.7000000000000001, -0.0019522011907147417], [0.8, 0.0024481587097014285], [0.9, -0.0020288894445335197], [1.0, 0.0012930974088679519]], "time_train": [[0.1, 2.308982413999999], [0.2, 2.306339207999997], [0.30000000000000004, 2.3629395920000036], [0.4, 2.336113667999996], [0.5, 2.294253407999989], [0.6000000000000001, 2.2947682799999995], [0.7000000000000001, 2.297322539999996], [0.8, 2.284214266999996], [0.9, 2.301674145000007], [1.0, 2.29391686000001]], "time_est": [[0.1, 0.000926255000010201], [0.2, 0.0010630980000030377], [0.30000000000000004, 0.0011225399999972296], [0.4, 0.0010938890000034007], [0.5, 0.001044281999995178], [0.6000000000000001, 0.0010429999999956863], [0.7000000000000001, 0.0007834259999981441], [0.8, 0.00104171700000677], [0.9, 0.0011071450000059713], [1.0, 0.001047704000001204]]}, "2": {"kl_train": [[0.1, 0.03359472708058736], [0.2, 0.03320538408947036], [0.30000000000000004, 0.032500750260848886], [0.4, 0.033297356267888344], [0.5, 0.0306750266706994], [0.6000000000000001, 0.037407134813647484], [0.7000000000000001, 0.03315174041218665], [0.8, 0.03712030254339641], [0.9, 0.028710942967360792], [1.0, 0.028851704822470917]], "kl_target": [[0.1, 0.030919911352601553], [0.2, 0.0066602081788127735], [0.30000000000000004, 0.010860431015432716], [0.4, 0.016258116299902696], [0.5, 0.027867233736575035], [0.6000000000000001, 0.01593086611046004], [0.7000000000000001, 0.018230411147905683], [0.8, 0.020330427499403263], [0.9, 0.02214970805717281], [1.0, 0.038537398684159396]], "time_train": [[0.1, 2.719827731999999], [0.2, 2.9019695549999938], [0.30000000000000004, 2.4860114429999953], [0.4, 2.380642793999982], [0.5, 2.3254698519999977], [0.6000000000000001, 2.347817589999977], [0.7000000000000001, 2.2894818659999885], [0.8, 2.2963518089999866], [0.9, 2.308105764000004], [1.0, 2.3345198760000017]], "time_est": [[0.1, 0.0011439220000113437], [0.2, 0.0010601060000112739], [0.30000000000000004, 0.0008616829999823494], [0.4, 0.0009245450000037181], [0.5, 0.0008890509999730511], [0.6000000000000001, 0.0012020800000129839], [0.7000000000000001, 0.001236290999997891], [0.8, 0.0008852020000063021], [0.9, 0.000909149999984038], [1.0, 0.0010143480000124327]]}, "3": {"kl_train": [[0.1, 0.09310605327255601], [0.2, 0.08117570072995108], [0.30000000000000004, 0.07332781753840187], [0.4, 0.07251407369890818], [0.5, 0.07523797368932036], [0.6000000000000001, 0.08090068900553567], [0.7000000000000001, 0.05776306738179369], [0.8, 0.07706302644735714], [0.9, 0.07410087262813604], [1.0, 0.05865469940677428]], "kl_target": [[0.1, 0.1194902809147809], [0.2, 0.15980923398168395], [0.30000000000000004, 0.17488764213583016], [0.4, 0.17501692672263094], [0.5, 0.17737789299270298], [0.6000000000000001, 0.15320715624765222], [0.7000000000000001, 0.18450550255686232], [0.8, 0.17649183805297977], [0.9, 0.1515098139271295], [1.0, 0.16243815918708615]], "time_train": [[0.1, 2.361528399000008], [0.2, 2.5453409889999534], [0.30000000000000004, 2.3911886820000063], [0.4, 2.3333699679999995], [0.5, 2.326937920999967], [0.6000000000000001, 2.3306532070000117], [0.7000000000000001, 2.352379591999977], [0.8, 2.4365012330000013], [0.9, 2.4187659590000408], [1.0, 2.358697032000009]], "time_est": [[0.1, 0.0008980320000091524], [0.2, 0.000973723000015525], [0.30000000000000004, 0.0012679349999871192], [0.4, 0.0010100719999854846], [0.5, 0.0009664539999789667], [0.6000000000000001, 0.0012303039999892462], [0.7000000000000001, 0.001324383999985912], [0.8, 0.001024611999980607], [0.9, 0.0012367180000296685], [1.0, 0.001246126000012282]]}, "4": {"kl_train": [[0.1, 0.18259567394216322], [0.2, 0.154622383752438], [0.30000000000000004, 0.13705427189080532], [0.4, 0.149784658729928], [0.5, 0.13097409846756933], [0.6000000000000001, 0.1340686909837094], [0.7000000000000001, 0.1397050394619923], [0.8, 0.13545238564053852], [0.9, 0.14522052989204456], [1.0, 0.15687997842955098]], "kl_target": [[0.1, 0.3286023661272587], [0.2, 0.42744734940243984], [0.30000000000000004, 0.5102143661553805], [0.4, 0.6760675492591031], [0.5, 0.7363126841776279], [0.6000000000000001, 0.7601377620174821], [0.7000000000000001, 0.7235840026266953], [0.8, 0.712180047305661], [0.9, 0.6670392471722355], [1.0, 0.6734211188606587]], "time_train": [[0.1, 2.4853186749999736], [0.2, 2.491927334999957], [0.30000000000000004, 2.4503907939999863], [0.4, 2.5446567749999645], [0.5, 2.4903224239999986], [0.6000000000000001, 2.5052840629999764], [0.7000000000000001, 2.55243971699997], [0.8, 2.5719505289999915], [0.9, 2.6697654470000316], [1.0, 2.584472515000016]], "time_est": [[0.1, 0.0011610270000232958], [0.2, 0.0010293150000393325], [0.30000000000000004, 0.001499713000043812], [0.4, 0.0015608649999876434], [0.5, 0.0010374409999940326], [0.6000000000000001, 0.0014368509999940215], [0.7000000000000001, 0.0014411270000209697], [0.8, 0.0014937259999783237], [0.9, 0.0010224730000345517], [1.0, 0.0015099769999551427]]}, "5": {"kl_train": [[0.1, 0.3870275418154359], [0.2, 0.4262537640319432], [0.30000000000000004, 0.452026799547782], [0.4, 0.47014087509354435], [0.5, 0.4822449756094304], [0.6000000000000001, 0.4633580164230115], [0.7000000000000001, 0.4806930179325834], [0.8, 0.48431314813993886], [0.9, 0.4858686121877478], [1.0, 0.47202706857959514]], "kl_target": [[0.1, 0.34908654314133564], [0.2, 0.3221364648409655], [0.30000000000000004, 0.4715700777637177], [0.4, 0.31888447231109507], [0.5, 0.3260150827423886], [0.6000000000000001, 0.39407481762052954], [0.7000000000000001, 0.3510442630741639], [0.8, 0.3296833211347511], [0.9, 0.2642581194948708], [1.0, 0.35002654466884814]], "time_train": [[0.1, 2.5032750369999803], [0.2, 2.4857954869999617], [0.30000000000000004, 2.580985157999976], [0.4, 2.6940383940000174], [0.5, 2.433569800999976], [0.6000000000000001, 2.375354240999968], [0.7000000000000001, 2.3487729249999916], [0.8, 2.4801147940000305], [0.9, 2.5811690400000202], [1.0, 2.5240238500000487]], "time_est": [[0.1, 0.0014808970000217414], [0.2, 0.0013431990000185579], [0.30000000000000004, 0.0014676399999871137], [0.4, 0.0013752719999615692], [0.5, 0.00116957999995293], [0.6000000000000001, 0.0010772100000053797], [0.7000000000000001, 0.0012067829999864443], [0.8, 0.0014744829999813192], [0.9, 0.0010699410000256648], [1.0, 0.0014693520000150784]]}, "6": {"kl_train": [[0.1, 0.5243656300629614], [0.2, 0.6993860843751575], [0.30000000000000004, 0.8049818628795811], [0.4, 0.8286480608579623], [0.5, 0.859063511628272], [0.6000000000000001, 0.8600894389944401], [0.7000000000000001, 0.8775340756396889], [0.8, 0.8679387252123065], [0.9, 0.8712124933672787], [1.0, 0.8713972365077953]], "kl_target": [[0.1, 0.7566239588977618], [0.2, 0.33730833533214755], [0.30000000000000004, 0.6792908038327872], [0.4, 0.2177066063501511], [0.5, 0.3323837565796567], [0.6000000000000001, 0.3562646450021649], [0.7000000000000001, 0.39005311463487163], [0.8, 0.3974294560715293], [0.9, 0.3573642658076607], [1.0, 0.3578171954510601]], "time_train": [[0.1, 2.5128253920000816], [0.2, 2.600459193000006], [0.30000000000000004, 2.4915698329999714], [0.4, 2.6878778949999287], [0.5, 2.6185472670000536], [0.6000000000000001, 2.5817557550000174], [0.7000000000000001, 2.4703694379999206], [0.8, 2.4562438230000225], [0.9, 2.482932903999995], [1.0, 2.7263654040000347]],