{"1": {"kl_train": [[0.1, 0.0070072803130796215], [0.2, 0.00871354532455096], [0.30000000000000004, 0.008340400559126233], [0.4, 0.006592060361145853], [0.5, 0.0036569223528970527], [0.6000000000000001, 0.003531641481402116], [0.7000000000000001, 0.003255950550877012], [0.8, 0.004923098478271127], [0.9, 0.002228911143067319], [1.0, 0.0024917091419412313]], "kl_target": [[0.1, 0.0014350348142050872], [0.2, -0.0018118129151743544], [0.30000000000000004, 0.004140613398619076], [0.4, 0.004849713367041425], [0.5, 0.004918076667272278], [0.6000000000000001, 0.009822813713302911], [0.7000000000000001, 0.004652706305830103], [0.8, 0.005128607380397891], [0.9, 0.0028739710559572878], [1.0, 0.0015776940278462042]], "time_train": [[0.1, 2.5190658590000012], [0.2, 2.344378126999999], [0.30000000000000004, 2.61343832], [0.4, 2.3126395419999994], [0.5, 2.4055152840000034], [0.6000000000000001, 2.2516101500000048], [0.7000000000000001, 2.2322772340000014], [0.8, 2.231843612000006], [0.9, 2.231690518999997], [1.0, 2.235772715000003]], "time_est": [[0.1, 0.0011601709999986554], [0.2, 0.0010536899999991078], [0.30000000000000004, 0.0008488539999973455], [0.4, 0.0010528350000029718], [0.5, 0.0007834260000052495], [0.6000000000000001, 0.0010532630000028576], [0.7000000000000001, 0.0010669469999982084], [0.8, 0.0008065179999974248], [0.9, 0.001091750000000502], [1.0, 0.0007812879999988809]]}, "2": {"kl_train": [[0.1, 0.02711518648135074], [0.2, 0.02996802339403805], [0.30000000000000004, 0.034271912857279235], [0.4, 0.026119374259583723], [0.5, 0.021480782877776505], [0.6000000000000001, 0.02407775547582351], [0.7000000000000001, 0.02592876287676073], [0.8, 0.03122491077489674], [0.9, 0.02782050430578759], [1.0, 0.029257609791110275]], "kl_target": [[0.1, 0.02429054106890097], [0.2, 0.018182840479810097], [0.30000000000000004, 0.02261045450356268], [0.4, 0.025166754467999656], [0.5, 0.033816677658811474], [0.6000000000000001, 0.04500460155892611], [0.7000000000000001, 0.03162167788774805], [0.8, 0.03858319789164439], [0.9, 0.03898976719780329], [1.0, 0.043983861239534384]], "time_train": [[0.1, 2.299219524999998], [0.2, 2.280168418999992], [0.30000000000000004, 2.2605207649999954], [0.4, 2.2786019950000025], [0.5, 2.289206897000014], [0.6000000000000001, 2.3093356400000005], [0.7000000000000001, 2.2816617180000094], [0.8, 2.2848471659999916], [0.9, 2.2899603879999972], [1.0, 2.284922856999998]], "time_est": [[0.1, 0.0008971769999988055], [0.2, 0.001204645000001392], [0.30000000000000004, 0.0008732289999926479], [0.4, 0.0008719460000037316], [0.5, 0.0009378020000099241], [0.6000000000000001, 0.0009100059999980203], [0.7000000000000001, 0.0012397120000002815], [0.8, 0.0008830649999822526], [0.9, 0.0009395130000200425], [1.0, 0.0008595440000078725]]}, "3": {"kl_train": [[0.1, 0.06948722000561079], [0.2, 0.05994638754395687], [0.30000000000000004, 0.07804436836103402], [0.4, 0.08467530774455347], [0.5, 0.0631841814035524], [0.6000000000000001, 0.06209133831130837], [0.7000000000000001, 0.0558815994626849], [0.8, 0.06181895872200317], [0.9, 0.05191434894139599], [1.0, 0.05122218303400418]], "kl_target": [[0.1, 0.2721683586367901], [0.2, 0.17989145785309513], [0.30000000000000004, 0.14904108576218006], [0.4, 0.18409552511832963], [0.5, 0.23438993335823527], [0.6000000000000001, 0.24502303696782815], [0.7000000000000001, 0.2812085266703557], [0.8, 0.2616227257635725], [0.9, 0.25855540052138837], [1.0, 0.28612903887540525]], "time_train": [[0.1, 2.3890402479999864], [0.2, 2.336194918999979], [0.30000000000000004, 2.2806465140000114], [0.4, 2.2895738069999823], [0.5, 2.483610704], [0.6000000000000001, 2.330786202000013], [0.7000000000000001, 2.3457072150000045], [0.8, 2.4376464380000016], [0.9, 2.3841121909999856], [1.0, 2.407430658999999]], "time_est": [[0.1, 0.0009587559999886253], [0.2, 0.0009151369999926828], [0.30000000000000004, 0.0009112890000153584], [0.4, 0.0011751379999793699], [0.5, 0.001222178999995549], [0.6000000000000001, 0.0012628040000208784], [0.7000000000000001, 0.0009065840000062053], [0.8, 0.0012277369999935672], [0.9, 0.0009228339999935997], [1.0, 0.0012345799999877727]]}, "4": {"kl_train": [[0.1, 0.1867841218203571], [0.2, 0.1886891578807695], [0.30000000000000004, 0.15949150800100395], [0.4, 0.16933962945063594], [0.5, 0.17734584523055102], [0.6000000000000001, 0.1607410649122235], [0.7000000000000001, 0.1577095845162707], [0.8, 0.15755748771054198], [0.9, 0.17959753650299495], [1.0, 0.1718841460819437]], "kl_target": [[0.1, 0.2752128678581203], [0.2, 0.40279563784083383], [0.30000000000000004, 0.4910580150744168], [0.4, 0.4972466601967859], [0.5, 0.5579048881048319], [0.6000000000000001, 0.5911785472304811], [0.7000000000000001, 0.6337388146941071], [0.8, 0.661649725662394], [0.9, 0.6213096137345909], [1.0, 0.5886919893260151]], "time_train": [[0.1, 2.4965586129999906], [0.2, 2.425030800000002], [0.30000000000000004, 2.402647568999953], [0.4, 2.396995527999991], [0.5, 2.5906672250000042], [0.6000000000000001, 2.417536938000012], [0.7000000000000001, 2.4918743080000354], [0.8, 2.3978187230000003], [0.9, 2.4250500439999882], [1.0, 2.4440652279999995]], "time_est": [[0.1, 0.0011156969999888133], [0.2, 0.0010571120000122392], [0.30000000000000004, 0.001117835999991712], [0.4, 0.0010601050000218493], [0.5, 0.0016626420000420694], [0.6000000000000001, 0.0010596770000006472], [0.7000000000000001, 0.0011195460000408275], [0.8, 0.001080631999968773], [0.9, 0.0014847460000169121], [1.0, 0.001456522000012228]]}, "5": {"kl_train": [[0.1, 0.3974919282350351], [0.2, 0.43561942266181153], [0.30000000000000004, 0.48441516397613715], [0.4, 0.5064564043861641], [0.5, 0.5263007134512143], [0.6000000000000001, 0.5013358153998015], [0.7000000000000001, 0.5044422870523035], [0.8, 0.49527115729699095], [0.9, 0.5000127234270726], [1.0, 0.506581795700503]], "kl_target": [[0.1, 0.29086904259650354], [0.2, 0.313050394154453], [0.30000000000000004, 0.3761411250191441], [0.4, 0.3050640659596422], [0.5, 0.34214677634189256], [0.6000000000000001, 0.3682620581018306], [0.7000000000000001, 0.21750661409035457], [0.8, 0.22421276841393614], [0.9, 0.2691805272111967], [1.0, 0.20051921990693142]], "time_train": [[0.1, 2.468584064999959], [0.2, 2.447742882], [0.30000000000000004, 2.3490799660000334], [0.4, 2.366986723000025], [0.5, 2.433466313999986], [0.6000000000000001, 2.37660977500002], [0.7000000000000001, 2.325500214999977], [0.8, 2.3437683209999705], [0.9, 2.463232221999988], [1.0, 2.3763604650000048]], "time_est": [[0.1, 0.0015283650000128546], [0.2, 0.0011392170000021906], [0.30000000000000004, 0.0011156980000350813], [0.4, 0.0011101389999907951], [0.5, 0.0012050739999835969], [0.6000000000000001, 0.0015848130000222227], [0.7000000000000001, 0.0010793490000082784], [0.8, 0.001091750000000502], [0.9, 0.001272640000024694], [1.0, 0.001516817999970499]]}, "6": {"kl_train": [[0.1, 0.447465196202343], [0.2, 0.5984563830843403], [0.30000000000000004, 0.7181540137841925], [0.4, 0.776628345815721], [0.5, 0.8276862607779172], [0.6000000000000001, 0.8355773918659554], [0.7000000000000001, 0.8371693829628112], [0.8, 0.8520126874887285], [0.9, 0.8512062704812354], [1.0, 0.8679207649067944]], "kl_target": [[0.1, 0.49720842224534284], [0.2, 0.7237205507265877], [0.30000000000000004, 2.9777223153845216], [0.4, 1.1347579847261384], [0.5, 0.38790426384879756], [0.6000000000000001, 0.4529859192368543], [0.7000000000000001, 0.45736249380051985], [0.8, 0.4552858537232836], [0.9, 0.8956878463963227], [1.0, 0.4761155650378884]], "time_train": [[0.1, 2.4607305619999806], [0.2, 2.468855183999949], [0.30000000000000004, 2.4565453049999633], [0.4, 2.4543045019999], [0.5, 2.4505904989999863], [0.6000000000000001, 2.425082972000041], [0.7000000000000001, 2.50816161299997], [0.8, 2.461662803999957], [0.9, 2.469606966000015], [1.0, 2.424986753999974]],