{"1": {"kl_train": [[0.1, 0.0011844579597570081], [0.2, 0.001084192093633734], [0.30000000000000004, 0.0006876897846303091], [0.4, 0.0009679765589978947], [0.5, 0.0007918238068589782], [0.6000000000000001, 0.0006581457923685159], [0.7000000000000001, 0.0012010257437245566], [0.8, 0.0009419105249869648], [0.9, 0.0007271939941468332], [1.0, 0.0014353171937230207]], "kl_target": [[0.1, 0.0003146103221372975], [0.2, 0.00016437489523364707], [0.30000000000000004, 0.0006482804585317669], [0.4, 0.0005334673374464748], [0.5, 0.000739160345259633], [0.6000000000000001, 0.0005753489760350415], [0.7000000000000001, 0.00040176266666905536], [0.8, 0.0004311996946889423], [0.9, 0.00040251765510266387], [1.0, -7.623663326162076e-05]], "time_train": [[0.1, 113.65959099399333], [0.2, 112.91626059100236], [0.30000000000000004, 114.98991189600201], [0.4, 112.2971116080007], [0.5, 116.05482487699919], [0.6000000000000001, 112.54924610099988], [0.7000000000000001, 114.78529666599934], [0.8, 103.80380153900478], [0.9, 47.53856239299785], [1.0, 99.7537436700004]], "time_est": [[0.1, 0.011306227999739349], [0.2, 0.0037411710000014864], [0.30000000000000004, 0.003417079002247192], [0.4, 0.0036243779977667145], [0.5, 0.004644381995603908], [0.6000000000000001, 0.013366586994379759], [0.7000000000000001, 0.009505427995463833], [0.8, 0.0017021079984260723], [0.9, 0.0016880089970072731], [1.0, 0.009168626005703118]]}, "2": {"kl_train": [[0.1, 0.008515011474694972], [0.2, 0.00860544026128132], [0.30000000000000004, 0.010213912102661768], [0.4, 0.008324809371082565], [0.5, 0.009219955374865673], [0.6000000000000001, 0.008685818439189872], [0.7000000000000001, 0.00894381995820929], [0.8, 0.009624066942464054], [0.9, 0.008460311281587769], [1.0, 0.007656519428785451]], "kl_target": [[0.1, 4.014518244137895e-05], [0.2, 0.0015413745089708606], [0.30000000000000004, 0.0032801680302111456], [0.4, 0.0038368328916613395], [0.5, 0.0014485629697532198], [0.6000000000000001, 0.0009573936611242804], [0.7000000000000001, 0.0046461400857053066], [0.8, 0.0029027800387844615], [0.9, 0.002399686623869933], [1.0, 0.002964120405577824]], "time_train": [[0.1, 119.88594631500018], [0.2, 120.02614223300043], [0.30000000000000004, 120.62245436000376], [0.4, 118.94815013500192], [0.5, 118.95586262900179], [0.6000000000000001, 120.02100197700202], [0.7000000000000001, 120.25392792600178], [0.8, 121.08640666000429], [0.9, 120.96750242599956], [1.0, 121.30975147699792]], "time_est": [[0.1, 0.00576106300286483], [0.2, 0.005460690998006612], [0.30000000000000004, 0.008150188004947267], [0.4, 0.008661066000058781], [0.5, 0.0053858629980823025], [0.6000000000000001, 0.009270167000067886], [0.7000000000000001, 0.004283680995285977], [0.8, 0.005208656999457162], [0.9, 0.0040347670001210645], [1.0, 0.005507682006282266]]}, "3": {"kl_train": [[0.1, 0.04601393545227606], [0.2, 0.04582262174297833], [0.30000000000000004, 0.045221528639156953], [0.4, 0.04335090599882875], [0.5, 0.0408868841871291], [0.6000000000000001, 0.04210303301321934], [0.7000000000000001, 0.04059206438297385], [0.8, 0.03916139521268682], [0.9, 0.044584110255813596], [1.0, 0.04055984078092855]], "kl_target": [[0.1, -0.0019268339244428688], [0.2, -0.0030574706002852382], [0.30000000000000004, -0.002792027315689732], [0.4, -0.0018317021027209066], [0.5, -0.0020509779304027378], [0.6000000000000001, 0.0024358852961540952], [0.7000000000000001, 0.0019826461967188853], [0.8, 0.003343869455492031], [0.9, 0.0013652441664986866], [1.0, 0.0071265600681234016]], "time_train": [[0.1, 46.21211514300376], [0.2, 46.07659170799889], [0.30000000000000004, 46.07168577700213], [0.4, 46.10734777199832], [0.5, 46.11511481599882], [0.6000000000000001, 46.1271442119978], [0.7000000000000001, 46.18879650600138], [0.8, 46.09710076999909], [0.9, 46.0961718940016], [1.0, 46.13071545300045]], "time_est": [[0.1, 0.0027613139973254874], [0.2, 0.0027528400023584254], [0.30000000000000004, 0.0027258199988864362], [0.4, 0.002754729997832328], [0.5, 0.0027799930030596443], [0.6000000000000001, 0.0027610769975581206], [0.7000000000000001, 0.0027813689957838506], [0.8, 0.002766969999356661], [0.9, 0.002746453996223863], [1.0, 0.002766107994830236]]}, "4": {"kl_train": [[0.1, 0.11294425964858443], [0.2, 0.1055625948750951], [0.30000000000000004, 0.10198994306487523], [0.4, 0.10632329736357711], [0.5, 0.11115127733242652], [0.6000000000000001, 0.10588693602609994], [0.7000000000000001, 0.10464432401385165], [0.8, 0.10341688430997746], [0.9, 0.10827150958900501], [1.0, 0.10205199931682257]], "kl_target": [[0.1, 0.020718725991054752], [0.2, 0.03809074649502399], [0.30000000000000004, 0.039171753238490155], [0.4, 0.043529967437328725], [0.5, 0.04093646680987994], [0.6000000000000001, 0.04149164571983262], [0.7000000000000001, 0.047712776323053825], [0.8, 0.04418255287658614], [0.9, 0.042082130433408076], [1.0, 0.047157166495791374]], "time_train": [[0.1, 46.10497799600125], [0.2, 46.153325709005], [0.30000000000000004, 46.03601013500884], [0.4, 46.02927112299949], [0.5, 46.09928392499569], [0.6000000000000001, 46.08963032400061], [0.7000000000000001, 46.14076894399477], [0.8, 46.165028123999946], [0.9, 46.156447382003535], [1.0, 46.0602569939947]], "time_est": [[0.1, 0.0023249410005519167], [0.2, 0.002327055000932887], [0.30000000000000004, 0.00203288700140547], [0.4, 0.0020876029884675518], [0.5, 0.002338257007068023], [0.6000000000000001, 0.0023347499954979867], [0.7000000000000001, 0.002327378999325447], [0.8, 0.0023063499975251034], [0.9, 0.002030556002864614], [1.0, 0.002338467995286919]]}, "5": {"kl_train": [[0.1, 0.21670303042851202], [0.2, 0.22758719084862924], [0.30000000000000004, 0.22914903339953507], [0.4, 0.2358849378927328], [0.5, 0.23488896741440257], [0.6000000000000001, 0.23310091911994751], [0.7000000000000001, 0.2360793311338134], [0.8, 0.23644213378854875], [0.9, 0.23381867200173673], [1.0, 0.2331151098608209]], "kl_target": [[0.1, 0.28843764168690395], [0.2, 0.3223347195047334], [0.30000000000000004, 0.3049505800776267], [0.4, 0.2906552715529022], [0.5, 0.2994393334670593], [0.6000000000000001, 0.3086598577239531], [0.7000000000000001, 0.3223769843696951], [0.8, 0.31865029202600076], [0.9, 0.3170012649630664], [1.0, 0.31214774120038136]], "time_train": [[0.1, 46.21352305999608], [0.2, 46.248472724997555], [0.30000000000000004, 46.27699432100053], [0.4, 46.18102869599534], [0.5, 46.16201556500164], [0.6000000000000001, 46.15881880899542], [0.7000000000000001, 46.15079093699751], [0.8, 46.09242984600132], [0.9, 46.230701868989854], [1.0, 46.199380756996106]], "time_est": [[0.1, 0.0022727969917468727], [0.2, 0.0024455639941152185], [0.30000000000000004, 0.002470509003615007], [0.4, 0.0024364760029129684], [0.5, 0.0024100589944282547], [0.6000000000000001, 0.0024513570097042248], [0.7000000000000001, 0.0024468890042044222], [0.8, 0.0024168569943867624], [0.9, 0.002429146014037542], [1.0, 0.00244267399830278]]}, "6": {"kl_train": [[0.1, 0.3922058754746099], [0.2, 0.47301839240749705], [0.30000000000000004, 0.4967025569492791], [0.4, 0.5188044427057028], [0.5, 0.5277812143124277], [0.6000000000000001, 0.5284729078424649], [0.7000000000000001, 0.5304186739214317], [0.8, 0.5387098534686635], [0.9, 0.5322259389933582], [1.0, 0.5317509062883276]], "kl_target": [[0.1, 0.23739604985005053], [0.2, 0.3296520835156622], [0.30000000000000004, 0.34194553493958], [0.4, 0.29514936674539627], [0.5, 0.2446959472056259], [0.6000000000000001, 0.23471714113280717], [0.7000000000000001, 0.22607980134325648], [0.8, 0.21945633387509625], [0.9, 0.24415490196252745], [1.0, 0.25887636432925226]], "time_train": [[0.1, 46.18645181199827], [0.2, 46.18649743098649], [0.30000000000000004, 46.206603745988104], [0.4, 46.20047056500334], [0.5, 46.14076923399989], [0.6000000000000001, 46.168367812992074], [0.7000000000000001, 46.19426213100087], [0.8, 46.17803640899365], [0.9, 46.16839034500299], [1.0, 46.247068682001554]],