{"1": {"kl_train": [[0.1, 0.0010936825718769882], [0.2, 0.0006870912474041676], [0.30000000000000004, 0.0008826079844626098], [0.4, 0.0005049095731430382], [0.5, 0.0013934621783879822], [0.6000000000000001, 0.0010127247511507623], [0.7000000000000001, 0.0011273761451517264], [0.8, 0.0007570485124884635], [0.9, 0.0007610517013236425], [1.0, 0.001223475281232919]], "kl_target": [[0.1, 0.0007755720407503854], [0.2, 0.0009075972857899757], [0.30000000000000004, 0.00037556920794786837], [0.4, 0.0005880809084605287], [0.5, 0.0010350552356564165], [0.6000000000000001, 0.0007396076969014566], [0.7000000000000001, 0.0009730783382377737], [0.8, 0.0012765551528301912], [0.9, 0.0009198132462562219], [1.0, 0.00033508416561132146]], "time_train": [[0.1, 112.8659388629967], [0.2, 115.18105223900056], [0.30000000000000004, 114.22617268999602], [0.4, 114.41505087100086], [0.5, 112.5259274630007], [0.6000000000000001, 115.33851239399519], [0.7000000000000001, 115.08605440699466], [0.8, 114.6572982630023], [0.9, 115.54161704900616], [1.0, 113.01820987199608]], "time_est": [[0.1, 0.0040180550058721565], [0.2, 0.0035237890042481013], [0.30000000000000004, 0.0033791690002544783], [0.4, 0.01252812799793901], [0.5, 0.004669532005209476], [0.6000000000000001, 0.0024255419994005933], [0.7000000000000001, 0.0033986119960900396], [0.8, 0.0030394290006370284], [0.9, 0.003636759996879846], [1.0, 0.0018712349992711097]]}, "2": {"kl_train": [[0.1, 0.009423309270365065], [0.2, 0.011266467448597143], [0.30000000000000004, 0.010341427356942212], [0.4, 0.011374719559495861], [0.5, 0.008919119339125734], [0.6000000000000001, 0.009997080941890168], [0.7000000000000001, 0.008456566690579849], [0.8, 0.01086898923301229], [0.9, 0.009884299157858795], [1.0, 0.009377018847191663]], "kl_target": [[0.1, -0.0003274598565638813], [0.2, -0.000260396874786859], [0.30000000000000004, -0.00023829737086766056], [0.4, 0.0007883431460932366], [0.5, 0.001959434487338803], [0.6000000000000001, 0.0003720962380085009], [0.7000000000000001, 0.0012124336499984363], [0.8, 0.0009582901933378215], [0.9, 0.0015857660933511625], [1.0, 0.0022779823884204312]], "time_train": [[0.1, 122.54518057999667], [0.2, 120.20616657899518], [0.30000000000000004, 121.21651896600088], [0.4, 118.50031614600448], [0.5, 120.47118946800038], [0.6000000000000001, 119.74440738200065], [0.7000000000000001, 118.17156813199836], [0.8, 84.24302907600213], [0.9, 61.503741186003026], [1.0, 117.11081775299681]], "time_est": [[0.1, 0.005885653998120688], [0.2, 0.00539143499918282], [0.30000000000000004, 0.005107339995447546], [0.4, 0.008621886001492385], [0.5, 0.002747395003098063], [0.6000000000000001, 0.005626311998639721], [0.7000000000000001, 0.005939885006227996], [0.8, 0.002679158002138138], [0.9, 0.005753486999310553], [1.0, 0.004957097000442445]]}, "3": {"kl_train": [[0.1, 0.042505577348938985], [0.2, 0.046805943132632186], [0.30000000000000004, 0.044709123033584805], [0.4, 0.043747191354494536], [0.5, 0.04628449880204655], [0.6000000000000001, 0.04128378180657139], [0.7000000000000001, 0.04222231378172863], [0.8, 0.04549269286125845], [0.9, 0.04168329651911259], [1.0, 0.043109711695576695]], "kl_target": [[0.1, 0.0015669168361283324], [0.2, 0.0013510135453535987], [0.30000000000000004, 0.0017746154866017502], [0.4, 0.002776046473769063], [0.5, 0.0052509312690522], [0.6000000000000001, 0.005517238881310439], [0.7000000000000001, 0.007209543051051316], [0.8, 0.0029256362048623403], [0.9, 0.006789167111910203], [1.0, 0.009283364342085765]], "time_train": [[0.1, 46.11822868400486], [0.2, 46.10118751299888], [0.30000000000000004, 46.11189262499829], [0.4, 46.31144293300167], [0.5, 46.27726584299671], [0.6000000000000001, 46.21854850700038], [0.7000000000000001, 46.19596206200367], [0.8, 46.22223249300441], [0.9, 46.18424484500429], [1.0, 46.2231863400084]], "time_est": [[0.1, 0.002763413001957815], [0.2, 0.0027688820046023466], [0.30000000000000004, 0.0027579520028666593], [0.4, 0.00278462799906265], [0.5, 0.0027753909962484613], [0.6000000000000001, 0.0027486680046422407], [0.7000000000000001, 0.0027766740022343583], [0.8, 0.0027765880076913163], [0.9, 0.002769398008240387], [1.0, 0.0027377990045351908]]}, "4": {"kl_train": [[0.1, 0.10731696305277842], [0.2, 0.10506853746759444], [0.30000000000000004, 0.10938254589544959], [0.4, 0.1078313711648384], [0.5, 0.10363757646825233], [0.6000000000000001, 0.10303321330295619], [0.7000000000000001, 0.10235998569632225], [0.8, 0.10355773904745233], [0.9, 0.09845932417422815], [1.0, 0.1012158480780643]], "kl_target": [[0.1, 0.0968404181166562], [0.2, 0.10783624292757513], [0.30000000000000004, 0.10977441155630845], [0.4, 0.12162479677728161], [0.5, 0.12446562796649123], [0.6000000000000001, 0.12461846664920735], [0.7000000000000001, 0.1271341426728147], [0.8, 0.12860951443859533], [0.9, 0.1347677347741218], [1.0, 0.13226885780144407]], "time_train": [[0.1, 46.070695981004974], [0.2, 46.06473427200399], [0.30000000000000004, 46.05660311698739], [0.4, 46.06340593400819], [0.5, 46.11300971600576], [0.6000000000000001, 46.053029935996165], [0.7000000000000001, 46.08745943001122], [0.8, 46.07656575500732], [0.9, 46.10784091800451], [1.0, 46.12513157399371]], "time_est": [[0.1, 0.002374802003032528], [0.2, 0.002344548993278295], [0.30000000000000004, 0.0023511749895988032], [0.4, 0.002348363006603904], [0.5, 0.002046888999757357], [0.6000000000000001, 0.0023470770101994276], [0.7000000000000001, 0.0023557609965791926], [0.8, 0.002347150002606213], [0.9, 0.002084330000798218], [1.0, 0.002043725995463319]]}, "5": {"kl_train": [[0.1, 0.24595028449535572], [0.2, 0.2790415675655599], [0.30000000000000004, 0.29133120683672953], [0.4, 0.29755262334427696], [0.5, 0.3054763096561036], [0.6000000000000001, 0.29497033694984165], [0.7000000000000001, 0.30847229709834234], [0.8, 0.300896058394165], [0.9, 0.3025100459093728], [1.0, 0.29462269186727974]], "kl_target": [[0.1, 0.15895813652362334], [0.2, 0.10099659938928196], [0.30000000000000004, 0.06206402137180184], [0.4, 0.051972087172754394], [0.5, 0.04031981447189352], [0.6000000000000001, 0.04463912075933169], [0.7000000000000001, 0.05592114968966065], [0.8, 0.04448426414724714], [0.9, 0.046618950505682016], [1.0, 0.04748083260169295]], "time_train": [[0.1, 46.22314942799858], [0.2, 46.16813313300372], [0.30000000000000004, 46.19585216100677], [0.4, 46.14914814000076], [0.5, 46.13608433101035], [0.6000000000000001, 46.20822783600306], [0.7000000000000001, 46.18915200699121], [0.8, 46.155153741987306], [0.9, 46.14669733399933], [1.0, 46.16314421099378]], "time_est": [[0.1, 0.002446240992867388], [0.2, 0.0024559640005463734], [0.30000000000000004, 0.0021124979975866154], [0.4, 0.0024354839988518506], [0.5, 0.0024369439925067127], [0.6000000000000001, 0.0024354690103791654], [0.7000000000000001, 0.0022699390101479366], [0.8, 0.0021176230075070634], [0.9, 0.002452380009344779], [1.0, 0.0024392619961872697]]}, "6": {"kl_train": [[0.1, 0.4080748959184342], [0.2, 0.4822563439501019], [0.30000000000000004, 0.506139172108765], [0.4, 0.5233231254270124], [0.5, 0.5261991890316496], [0.6000000000000001, 0.530773117838996], [0.7000000000000001, 0.5324130986826587], [0.8, 0.537243745202695], [0.9, 0.5394502523805605], [1.0, 0.537414080355866]], "kl_target": [[0.1, 0.2841799935176391], [0.2, 0.3013133868808824], [0.30000000000000004, 0.3056823501936421], [0.4, 0.30847739695026544], [0.5, 0.30702174275202143], [0.6000000000000001, 0.2854771615012891], [0.7000000000000001, 0.28710265498145654], [0.8, 0.2897388716757148], [0.9, 0.2963963225049159], [1.0, 0.28851305799525223]], "time_train": [[0.1, 46.19754625800124], [0.2, 46.25421017600456], [0.30000000000000004, 46.18239690500195], [0.4, 46.22293344899663], [0.5, 46.16862302200752], [0.6000000000000001, 46.17036327900132], [0.7000000000000001, 46.1418890490022], [0.8, 46.111865063998266], [0.9, 46.14138027999434], [1.0, 46.15823323900986]],