{"1": {"kl_train": [[0.1, 0.007458046699291755], [0.2, 0.012743221235518633], [0.30000000000000004, 0.0019813334306765847], [0.4, 0.011543636817313727], [0.5, 0.006007697224638884], [0.6000000000000001, 0.007595840112713207], [0.7000000000000001, 0.006170209951645458], [0.8, 0.008984649758199036], [0.9, 0.00948688367395832], [1.0, 0.004638132672719133]], "kl_target": [[0.1, 0.007942621056041804], [0.2, 0.009300789680611937], [0.30000000000000004, 0.008661867854752725], [0.4, 0.007271427063540798], [0.5, 0.012489761887928701], [0.6000000000000001, 0.006915231694704965], [0.7000000000000001, 0.008512849364026272], [0.8, 0.010463073282139674], [0.9, 0.012800145892215311], [1.0, 0.00736409476839831]], "time_train": [[0.1, 0.5065789390000006], [0.2, 0.47327136300000205], [0.30000000000000004, 0.465174109000003], [0.4, 0.7194052289999959], [0.5, 0.49044258900000415], [0.6000000000000001, 0.4863210489999972], [0.7000000000000001, 0.4764662190000024], [0.8, 0.504238069000003], [0.9, 0.4682941280000037], [1.0, 0.46898903400000336]], "time_est": [[0.1, 0.0007128670000042803], [0.2, 0.0009254009999963841], [0.30000000000000004, 0.0006906300000011356], [0.4, 0.0010186250000003838], [0.5, 0.0009326710000010507], [0.6000000000000001, 0.0009416500000014594], [0.7000000000000001, 0.0010250389999981735], [0.8, 0.0009151369999997883], [0.9, 0.0006825039999966975], [1.0, 0.0009467819999997573]]}, "2": {"kl_train": [[0.1, 0.05429280285425753], [0.2, 0.05028451100904124], [0.30000000000000004, 0.06482354405306506], [0.4, 0.058255451013387624], [0.5, 0.05300323587415931], [0.6000000000000001, 0.04426662973796731], [0.7000000000000001, 0.05619650443012463], [0.8, 0.0422580215717153], [0.9, 0.039273815516757876], [1.0, 0.04183076561797315]], "kl_target": [[0.1, 0.04476318981404304], [0.2, 0.025190442770095745], [0.30000000000000004, 0.02288097927965446], [0.4, 0.033420895236423914], [0.5, 0.02802897516204336], [0.6000000000000001, 0.04420168854929907], [0.7000000000000001, 0.043035310427544236], [0.8, 0.06713868539817207], [0.9, 0.06660272393208437], [1.0, 0.04023349053561201]], "time_train": [[0.1, 0.49194358500000135], [0.2, 0.4740710390000089], [0.30000000000000004, 0.47170835999999383], [0.4, 0.4756515760000042], [0.5, 0.47093391500000337], [0.6000000000000001, 0.4773355989999999], [0.7000000000000001, 0.4729549139999989], [0.8, 0.4683518589999949], [0.9, 0.4753321329999949], [1.0, 0.47071795899999813]], "time_est": [[0.1, 0.0009963880000043446], [0.2, 0.001008360999989577], [0.30000000000000004, 0.0007872749999933149], [0.4, 0.0007355310000036752], [0.5, 0.0007256960000034951], [0.6000000000000001, 0.000978426999992621], [0.7000000000000001, 0.0009899740000065549], [0.8, 0.00071928100000207], [0.9, 0.0007252680000107148], [1.0, 0.0007303990000053773]]}, "3": {"kl_train": [[0.1, 0.11438523087044195], [0.2, 0.10480542252757367], [0.30000000000000004, 0.11888102146326045], [0.4, 0.10402621659323859], [0.5, 0.12728176371056626], [0.6000000000000001, 0.11558344076856175], [0.7000000000000001, 0.15737753465529447], [0.8, 0.14663525038649605], [0.9, 0.15145802728570587], [1.0, 0.15105391112268035]], "kl_target": [[0.1, 0.16435340588696484], [0.2, 0.20393907785664253], [0.30000000000000004, 0.20112074607988106], [0.4, 0.2037794739181472], [0.5, 0.11404881189405851], [0.6000000000000001, 0.1334375869090444], [0.7000000000000001, 0.09103372391558155], [0.8, 0.11378199467911401], [0.9, 0.0888592861806027], [1.0, 0.10053589742595298]], "time_train": [[0.1, 0.4882941540000161], [0.2, 0.48208062899999504], [0.30000000000000004, 0.46966683400000875], [0.4, 0.47205688200000395], [0.5, 0.479353605], [0.6000000000000001, 0.4722133960000008], [0.7000000000000001, 0.46269938999998317], [0.8, 0.4638689690000035], [0.9, 0.4661307270000066], [1.0, 0.46925331300002426]], "time_est": [[0.1, 0.0010404340000036427], [0.2, 0.0007560569999895961], [0.30000000000000004, 0.0007376690000171493], [0.4, 0.0010028020000163451], [0.5, 0.0007286889999988944], [0.6000000000000001, 0.0009792820000029678], [0.7000000000000001, 0.0007291160000022501], [0.8, 0.0007303989999911664], [0.9, 0.0009946769999942262], [1.0, 0.001008361000003788]]}, "4": {"kl_train": [[0.1, 0.18358957622739708], [0.2, 0.20800715403206763], [0.30000000000000004, 0.22488959723367688], [0.4, 0.2826194943183714], [0.5, 0.27263200303824264], [0.6000000000000001, 0.25872899960833934], [0.7000000000000001, 0.2790837567606495], [0.8, 0.26552990971782553], [0.9, 0.2647906757119582], [1.0, 0.25613427736466676]], "kl_target": [[0.1, 0.7026900452706732], [0.2, 0.509394575384316], [0.30000000000000004, 0.5998902255985965], [0.4, 0.5321401820602586], [0.5, 0.45761810658412033], [0.6000000000000001, 0.5115377524656162], [0.7000000000000001, 0.40116494269604347], [0.8, 0.4443771619269566], [0.9, 0.4244141916073987], [1.0, 0.5014352870100106]], "time_train": [[0.1, 0.4874093789999847], [0.2, 0.47982656900001075], [0.30000000000000004, 0.4824826050000297], [0.4, 0.4940659330000017], [0.5, 0.4760334529999568], [0.6000000000000001, 0.4856954200000132], [0.7000000000000001, 0.48063394299998663], [0.8, 0.47859412700000803], [0.9, 0.4700243369999839], [1.0, 0.47706704499995567]], "time_est": [[0.1, 0.0010015199999884317], [0.2, 0.0010365859999978966], [0.30000000000000004, 0.001061816000003546], [0.4, 0.001072934000035275], [0.5, 0.0011165530000312174], [0.6000000000000001, 0.0009775720000106958], [0.7000000000000001, 0.0007979650000038419], [0.8, 0.0010656649999987167], [0.9, 0.0007770109999682973], [1.0, 0.0007877030000145169]]}, "5": {"kl_train": [[0.1, 0.401546566879377], [0.2, 0.5777769291984312], [0.30000000000000004, 0.6082424650138638], [0.4, 0.6233851326267807], [0.5, 0.6225565519998624], [0.6000000000000001, 0.6354391984649892], [0.7000000000000001, 0.6168113458507214], [0.8, 0.6327703044273059], [0.9, 0.6123366282152325], [1.0, 0.6433456686737092]], "kl_target": [[0.1, 1.2648328876613026], [0.2, 0.3327648751874973], [0.30000000000000004, 0.3346239471357355], [0.4, 0.445726618125118], [0.5, 0.3955519361849909], [0.6000000000000001, 0.48708224277760565], [0.7000000000000001, 0.4900243659824943], [0.8, 0.4062378659475013], [0.9, 0.30384317854935566], [1.0, 0.38994271030125516]], "time_train": [[0.1, 0.534665528000005], [0.2, 0.5278481830000032], [0.30000000000000004, 0.500563408000005], [0.4, 0.5083412190000445], [0.5, 0.5117374899999731], [0.6000000000000001, 0.5107800179999913], [0.7000000000000001, 0.5063381809999896], [0.8, 0.5052028119999932], [0.9, 0.5140390189999948], [1.0, 0.4986429030000181]], "time_est": [[0.1, 0.0008249059999911879], [0.2, 0.0011370789999887165], [0.30000000000000004, 0.0011276719999955276], [0.4, 0.0008574070000122447], [0.5, 0.0008308929999998327], [0.6000000000000001, 0.0008343139999738014], [0.7000000000000001, 0.0008398740000075122], [0.8, 0.0010588220000045112], [0.9, 0.001155895000010787], [1.0, 0.0011032959999965897]]}, "6": {"kl_train": [[0.1, 0.5362441874573092], [0.2, 0.587479683283254], [0.30000000000000004, 0.6987637624717056], [0.4, 0.7975526753576115], [0.5, 0.8704714118816972], [0.6000000000000001, 0.9067738798383602], [0.7000000000000001, 0.9375728561766923], [0.8, 0.9787603345065915], [0.9, 1.0147143827283953], [1.0, 1.0677394118938475]], "kl_target": [[0.1, 1.045188030658314], [0.2, 1.2891383268413], [0.30000000000000004, 2.6228431046870524], [0.4, 3.1563882340605063], [0.5, 0.6622862433266552], [0.6000000000000001, 0.9882546115882641], [0.7000000000000001, 0.9308275619216766], [0.8, 1.7096716830105905], [0.9, 0.29867173371833805], [1.0, 0.3494336083351156]], "time_train": [[0.1, 0.5107864320000317], [0.2, 0.5203637280000066], [0.30000000000000004, 0.5119444660000454], [0.4, 0.5133304280000175], [0.5, 0.5068881180000062], [0.6000000000000001, 0.509423561999995], [0.7000000000000001, 0.492207862999976], [0.8, 0.5012044320000086], [0.9, 0.5299324719999845], [1.0, 0.507207133999998]],