{"1": {"kl_train": [[0.1, 0.001005230784576331], [0.2, 0.0010103429775664588], [0.30000000000000004, 0.0008471982278648614], [0.4, 0.0007247319337621526], [0.5, 0.001514573044038689], [0.6000000000000001, 0.0011957916803228249], [0.7000000000000001, 0.0013581932346816603], [0.8, 0.0006662730476033123], [0.9, 0.0015358763575883461], [1.0, 0.0015064005364084515]], "kl_target": [[0.1, 0.000655313598153106], [0.2, 0.0009623523772088033], [0.30000000000000004, 0.0007227093385034157], [0.4, 0.000506555436747445], [0.5, 0.00034030866529532734], [0.6000000000000001, 0.000677526597061766], [0.7000000000000001, 0.00031743683993076593], [0.8, 0.0009665526787983339], [0.9, 6.041174456956713e-05], [1.0, 0.0009583410062642364]], "time_train": [[0.1, 47.380717494001146], [0.2, 95.53294452599948], [0.30000000000000004, 107.32738596499985], [0.4, 109.88585656000214], [0.5, 108.72758411999894], [0.6000000000000001, 110.02559686799941], [0.7000000000000001, 107.74797113599925], [0.8, 109.43664383299983], [0.9, 108.1836789480003], [1.0, 110.205222908]], "time_est": [[0.1, 0.0023803430012776516], [0.2, 0.003525790001731366], [0.30000000000000004, 0.0033021489980455954], [0.4, 0.0032325070023944136], [0.5, 0.0028994050007895567], [0.6000000000000001, 0.001850786000431981], [0.7000000000000001, 0.0030579209997085854], [0.8, 0.009399673999723746], [0.9, 0.012645863000216195], [1.0, 0.0055417680014215875]]}, "2": {"kl_train": [[0.1, 0.00940325357350726], [0.2, 0.009223945513122292], [0.30000000000000004, 0.010032504403892714], [0.4, 0.010667488850817213], [0.5, 0.009847195425257336], [0.6000000000000001, 0.010337974126000097], [0.7000000000000001, 0.010409768390718164], [0.8, 0.009734432388871646], [0.9, 0.012069259949062364], [1.0, 0.011497591134906084]], "kl_target": [[0.1, -0.001139906368252058], [0.2, -0.0009087330855658777], [0.30000000000000004, -0.0015647349615641527], [0.4, -0.0010328186565996436], [0.5, 0.0003413055640457392], [0.6000000000000001, 0.0003103610853280605], [0.7000000000000001, 0.0006210731867515662], [0.8, 0.0013663548341881935], [0.9, -0.0008178808806146001], [1.0, -0.00032483144611428314]], "time_train": [[0.1, 119.44057934000011], [0.2, 119.70196327199665], [0.30000000000000004, 120.28473449000012], [0.4, 121.40850888899877], [0.5, 121.94482940099988], [0.6000000000000001, 120.18345058800332], [0.7000000000000001, 121.47470135400363], [0.8, 120.23143394899671], [0.9, 120.88887265399535], [1.0, 121.43493938300526]], "time_est": [[0.1, 0.01134006700158352], [0.2, 0.008150928006216418], [0.30000000000000004, 0.004139800003031269], [0.4, 0.005693168997822795], [0.5, 0.007109391000994947], [0.6000000000000001, 0.004441005003172904], [0.7000000000000001, 0.004935695003950968], [0.8, 0.003977745996962767], [0.9, 0.01394819899724098], [1.0, 0.008555676002288237]]}, "3": {"kl_train": [[0.1, 0.04468751452374106], [0.2, 0.04714791944123688], [0.30000000000000004, 0.04610759917066909], [0.4, 0.04314172660987287], [0.5, 0.046155690340678145], [0.6000000000000001, 0.04489500373675461], [0.7000000000000001, 0.041822068854693785], [0.8, 0.040371488727197806], [0.9, 0.041858319226262056], [1.0, 0.043671133944663584]], "kl_target": [[0.1, 0.022627707731212105], [0.2, 0.00852281014884656], [0.30000000000000004, 0.007468809788154964], [0.4, 0.012748165399077848], [0.5, 0.012318847161902173], [0.6000000000000001, 0.012280547741437981], [0.7000000000000001, 0.020302205914402596], [0.8, 0.02048427336804775], [0.9, 0.01626756859179062], [1.0, 0.015502313736287264]], "time_train": [[0.1, 77.83696675600368], [0.2, 119.17735432500194], [0.30000000000000004, 118.11706076900009], [0.4, 120.96281757699762], [0.5, 119.66500452499895], [0.6000000000000001, 120.51358439299656], [0.7000000000000001, 120.33133789499698], [0.8, 120.00904290800099], [0.9, 119.6658543290032], [1.0, 117.58574999300617]], "time_est": [[0.1, 0.002907825997681357], [0.2, 0.005853539994859602], [0.30000000000000004, 0.00972322300367523], [0.4, 0.008361205000255723], [0.5, 0.013973802997497842], [0.6000000000000001, 0.006074764998629689], [0.7000000000000001, 0.0028532029973575845], [0.8, 0.005682429000444245], [0.9, 0.0028379909999785013], [1.0, 0.002832583006238565]]}, "4": {"kl_train": [[0.1, 0.10929587244678424], [0.2, 0.11821360194298818], [0.30000000000000004, 0.11768497191835858], [0.4, 0.11661910732080501], [0.5, 0.12141112820645794], [0.6000000000000001, 0.11848983720566705], [0.7000000000000001, 0.12142136239154813], [0.8, 0.12350981605837914], [0.9, 0.12049244316521722], [1.0, 0.12006606316023972]], "kl_target": [[0.1, 0.08840173087773312], [0.2, 0.07977799170845534], [0.30000000000000004, 0.08106108284449397], [0.4, 0.06404700288224074], [0.5, 0.05908123903122868], [0.6000000000000001, 0.058723621640772515], [0.7000000000000001, 0.04965144556965388], [0.8, 0.04877007790142313], [0.9, 0.06363657591527297], [1.0, 0.06438234480118574]], "time_train": [[0.1, 46.07343736400071], [0.2, 46.07762454300246], [0.30000000000000004, 46.004555850013276], [0.4, 46.07732666700031], [0.5, 46.14948383400042], [0.6000000000000001, 46.01838561000477], [0.7000000000000001, 46.01859444699949], [0.8, 45.96193983599369], [0.9, 45.99005821200262], [1.0, 45.976705732988194]], "time_est": [[0.1, 0.0021556660067290068], [0.2, 0.0020906850113533437], [0.30000000000000004, 0.00236980699992273], [0.4, 0.0023784340010024607], [0.5, 0.002379404002567753], [0.6000000000000001, 0.0023676550044910982], [0.7000000000000001, 0.0023510049941251054], [0.8, 0.0020792560098925605], [0.9, 0.0023964370047906414], [1.0, 0.00242056799470447]]}, "5": {"kl_train": [[0.1, 0.2587672143364563], [0.2, 0.2947259324461489], [0.30000000000000004, 0.2958286338120309], [0.4, 0.3018368978637755], [0.5, 0.30007382616483574], [0.6000000000000001, 0.30276751254510165], [0.7000000000000001, 0.3019180872207887], [0.8, 0.30181920815911817], [0.9, 0.29830036621093187], [1.0, 0.3022399189423244]], "kl_target": [[0.1, 0.11600231477666782], [0.2, 0.053091327504111385], [0.30000000000000004, 0.025063741304351274], [0.4, 0.0029199624400914254], [0.5, 0.003239838336631254], [0.6000000000000001, 0.004790597037245984], [0.7000000000000001, 0.010871573062457356], [0.8, 0.015244346951495399], [0.9, 0.017943562042636012], [1.0, 0.026376078163992622]], "time_train": [[0.1, 46.152751936009736], [0.2, 46.17512845499732], [0.30000000000000004, 46.19495537900366], [0.4, 46.151587040993036], [0.5, 46.116257786998176], [0.6000000000000001, 46.19413196599635], [0.7000000000000001, 46.09927248200984], [0.8, 46.099140909995185], [0.9, 46.07516344200121], [1.0, 46.121579172002384]], "time_est": [[0.1, 0.0023711620015092194], [0.2, 0.0024180860054912046], [0.30000000000000004, 0.002427979008643888], [0.4, 0.002421363999019377], [0.5, 0.0024198179889936], [0.6000000000000001, 0.002340407998417504], [0.7000000000000001, 0.0024203479988500476], [0.8, 0.00242591199639719], [0.9, 0.0024305069964611903], [1.0, 0.002440557989757508]]}, "6": {"kl_train": [[0.1, 0.39406882363985724], [0.2, 0.4571080046087187], [0.30000000000000004, 0.4924578821083218], [0.4, 0.5003024611888148], [0.5, 0.5059182684216474], [0.6000000000000001, 0.5068771534783391], [0.7000000000000001, 0.506957505571952], [0.8, 0.5041059306298821], [0.9, 0.5079846652200842], [1.0, 0.5038708440518405]], "kl_target": [[0.1, 0.20558848862106724], [0.2, 0.41611865315455215], [0.30000000000000004, 0.34914573473562444], [0.4, 0.36484933609948755], [0.5, 0.3591473868445585], [0.6000000000000001, 0.36004044556192566], [0.7000000000000001, 0.3800202411187234], [0.8, 0.3878538633804027], [0.9, 0.3763392125045523], [1.0, 0.38070704022684676]], "time_train": [[0.1, 46.226980131992605], [0.2, 45.976901989997714], [0.30000000000000004, 46.06143951800186], [0.4, 46.05346689799626], [0.5, 46.05551346800348], [0.6000000000000001, 46.078476273003616], [0.7000000000000001, 46.2233384239953], [0.8, 46.19877842499409], [0.9, 46.170900718003395], [1.0, 46.127264782000566]],