{"1": {"kl_train": [[0.1, 0.0101767461310361], [0.2, 0.006913506892356988], [0.30000000000000004, 0.011805822378850792], [0.4, 0.014734819209800933], [0.5, 0.015347867121683482], [0.6000000000000001, 0.011576353078123245], [0.7000000000000001, 0.00810636653565406], [0.8, 0.006720361091460585], [0.9, 0.00549662844905976], [1.0, 0.01336842713908128]], "kl_target": [[0.1, 0.014109423371514081], [0.2, 0.010332992730534382], [0.30000000000000004, 0.011079028369978311], [0.4, 0.021704271324671363], [0.5, 0.01577274273351167], [0.6000000000000001, 0.017418157231996582], [0.7000000000000001, 0.012660109066958337], [0.8, 0.009187088017144376], [0.9, 0.0054715615357586065], [1.0, 0.01327223934937967]], "time_train": [[0.1, 0.45239426000000016], [0.2, 0.4465151440000006], [0.30000000000000004, 0.4609512210000002], [0.4, 0.45320120500000005], [0.5, 0.46133523600000004], [0.6000000000000001, 0.46087895100000065], [0.7000000000000001, 0.46116461100000006], [0.8, 0.44733791200000006], [0.9, 0.45057125499999984], [1.0, 0.4515693540000001]], "time_est": [[0.1, 0.0008834920000002633], [0.2, 0.0009253999999998541], [0.30000000000000004, 0.0006910570000000504], [0.4, 0.0009266830000003168], [0.5, 0.0009288220000005509], [0.6000000000000001, 0.0007043129999999564], [0.7000000000000001, 0.0006902020000003617], [0.8, 0.0009450710000002971], [0.9, 0.0006902019999994735], [1.0, 0.0008210569999995698]]}, "2": {"kl_train": [[0.1, 0.04372682412645204], [0.2, 0.048514146857088124], [0.30000000000000004, 0.04248350831011304], [0.4, 0.06173030319822279], [0.5, 0.047631724706751914], [0.6000000000000001, 0.05054831678726398], [0.7000000000000001, 0.04301192508853834], [0.8, 0.033928899142621975], [0.9, 0.05678484597147868], [1.0, 0.03274142520475924]], "kl_target": [[0.1, 0.05935743634508364], [0.2, 0.06095451935874408], [0.30000000000000004, 0.06873949106656006], [0.4, 0.04912426306275431], [0.5, 0.03852877515222199], [0.6000000000000001, 0.040265433336378297], [0.7000000000000001, 0.04184022008588867], [0.8, 0.04851314086263778], [0.9, 0.06272031291098573], [1.0, 0.07858996312988936]], "time_train": [[0.1, 0.48017338000001075], [0.2, 0.46713951600000314], [0.30000000000000004, 0.4720154019999967], [0.4, 0.47025825299999724], [0.5, 0.4744178499999947], [0.6000000000000001, 0.4667281320000001], [0.7000000000000001, 0.4750794010000021], [0.8, 0.4742677509999993], [0.9, 0.47083598700000096], [1.0, 0.4606399040000042]], "time_est": [[0.1, 0.0010070780000006607], [0.2, 0.0007423730000084561], [0.30000000000000004, 0.0009762890000075686], [0.4, 0.0007316819999942936], [0.5, 0.0009865529999899536], [0.6000000000000001, 0.0007235570000005964], [0.7000000000000001, 0.0009921110000021827], [0.8, 0.0008403009999966571], [0.9, 0.0007333920000007765], [1.0, 0.0009874070000108759]]}, "3": {"kl_train": [[0.1, 0.14466693639789355], [0.2, 0.13380313737601807], [0.30000000000000004, 0.16166692659328746], [0.4, 0.15532843266928673], [0.5, 0.14260818698709424], [0.6000000000000001, 0.16251131796646348], [0.7000000000000001, 0.15828947111726266], [0.8, 0.17803118732086923], [0.9, 0.15728028970294233], [1.0, 0.13553871411443408]], "kl_target": [[0.1, 0.11273926060821735], [0.2, 0.1224042788391759], [0.30000000000000004, 0.032724377686855835], [0.4, 0.06375686786331043], [0.5, 0.07928856159628359], [0.6000000000000001, 0.08528432004992453], [0.7000000000000001, 0.11648769250353194], [0.8, 0.1358811720278381], [0.9, 0.09804781141165303], [1.0, 0.08735675154857539]], "time_train": [[0.1, 0.4913260810000111], [0.2, 0.4791551819999995], [0.30000000000000004, 0.4958384770000066], [0.4, 0.49027623800000697], [0.5, 0.4944691930000147], [0.6000000000000001, 0.45841064599997594], [0.7000000000000001, 0.4879105659999823], [0.8, 0.47142312799999786], [0.9, 0.4837719219999883], [1.0, 0.47345439000000056]], "time_est": [[0.1, 0.0010335919999988619], [0.2, 0.000868525000015552], [0.30000000000000004, 0.0010588220000045112], [0.4, 0.0008779329999981655], [0.5, 0.00107763799999816], [0.6000000000000001, 0.0009929670000019541], [0.7000000000000001, 0.0007650379999972756], [0.8, 0.0008616830000107711], [0.9, 0.000808656999993218], [1.0, 0.0007628999999838015]]}, "4": {"kl_train": [[0.1, 0.2581794293658401], [0.2, 0.2675062333651354], [0.30000000000000004, 0.2847270385110107], [0.4, 0.3055417416111627], [0.5, 0.3118567242009685], [0.6000000000000001, 0.3183788104625638], [0.7000000000000001, 0.2778318360015922], [0.8, 0.2790142252750586], [0.9, 0.29715214076215796], [1.0, 0.302953393643987]], "kl_target": [[0.1, 0.19984615539807726], [0.2, 0.8166873557598073], [0.30000000000000004, 0.3713616057396665], [0.4, 0.410823428485956], [0.5, 0.42665297657275103], [0.6000000000000001, 0.3468860349876893], [0.7000000000000001, 0.3920813365199188], [0.8, 0.32484451226916067], [0.9, 0.293869946528971], [1.0, 0.4210805817700339]], "time_train": [[0.1, 0.5020122330000163], [0.2, 0.48551153799999724], [0.30000000000000004, 0.48951077399999576], [0.4, 0.49089930200000254], [0.5, 0.4853751230000114], [0.6000000000000001, 0.48870382800001266], [0.7000000000000001, 0.4838134029999992], [0.8, 0.49162884599999757], [0.9, 0.4845677499999965], [1.0, 0.47257389199998556]], "time_est": [[0.1, 0.0009283939999988888], [0.2, 0.0008018139999990126], [0.30000000000000004, 0.0008223410000027798], [0.4, 0.0007936889999768937], [0.5, 0.0007941169999980957], [0.6000000000000001, 0.0010917509999899266], [0.7000000000000001, 0.0009100059999980203], [0.8, 0.0010707960000218009], [0.9, 0.0008894789999942532], [1.0, 0.00109004000000823]]}, "5": {"kl_train": [[0.1, 0.35061792589564644], [0.2, 0.5061740707488228], [0.30000000000000004, 0.6012721505922783], [0.4, 0.615008124742667], [0.5, 0.6447188127712542], [0.6000000000000001, 0.6315818283253165], [0.7000000000000001, 0.6489524001229334], [0.8, 0.640131567110359], [0.9, 0.6355553087748289], [1.0, 0.6402708704526628]], "kl_target": [[0.1, 0.6129505945085724], [0.2, 0.254891471926431], [0.30000000000000004, 0.33105124205130537], [0.4, 0.3859327847480108], [0.5, 0.3535565540996258], [0.6000000000000001, 0.437095306047002], [0.7000000000000001, 0.44783893845358713], [0.8, 0.31820892419243224], [0.9, 0.27933565557346196], [1.0, 0.390062699370348]], "time_train": [[0.1, 0.5146300089999727], [0.2, 0.5088466830000016], [0.30000000000000004, 0.49596078100000796], [0.4, 0.5082197720000181], [0.5, 0.5039891860000125], [0.6000000000000001, 0.5056633740000507], [0.7000000000000001, 0.49784707500003833], [0.8, 0.49408560499995247], [0.9, 0.49617160399998284], [1.0, 0.49424853300001814]], "time_est": [[0.1, 0.0010810590000005504], [0.2, 0.000963033000004998], [0.30000000000000004, 0.0008018139999990126], [0.4, 0.0010831980000034491], [0.5, 0.0011772770000106902], [0.6000000000000001, 0.0008321760000171707], [0.7000000000000001, 0.00109303300001784], [0.8, 0.0008407290000036483], [0.9, 0.0011084280000090985], [1.0, 0.0010883290000265333]]}, "6": {"kl_train": [[0.1, 0.629060297491765], [0.2, 0.7714045484083019], [0.30000000000000004, 0.865398674766359], [0.4, 0.932990672311021], [0.5, 1.0165956920941415], [0.6000000000000001, 1.0180705608058935], [0.7000000000000001, 1.0455901732966582], [0.8, 1.0670152520692473], [0.9, 1.0700370682834455], [1.0, 1.0913928385451395]], "kl_target": [[0.1, 0.18088708052718605], [0.2, 0.43633220340747914], [0.30000000000000004, 0.26820670359842524], [0.4, 0.3276220571595523], [0.5, 0.20115903018115744], [0.6000000000000001, 0.10795490962952994], [0.7000000000000001, 0.28287131447670544], [0.8, 0.278382733109451], [0.9, 0.2836437002999564], [1.0, 0.2371643217090687]], "time_train": [[0.1, 0.5301680989999795], [0.2, 0.5258678089999762], [0.30000000000000004, 0.5107222870000214], [0.4, 0.5170880509999733], [0.5, 0.5040576079999823], [0.6000000000000001, 0.5114608119999957], [0.7000000000000001, 0.5105050490000167], [0.8, 0.5078827959999899], [0.9, 0.5054371549999814], [1.0, 0.5042688590000353]],