{"1": {"kl_train": [[0.1, 0.0036764346348984265], [0.2, 0.0027922054445773956], [0.30000000000000004, 0.0035287727027255847], [0.4, 0.004418894439400825], [0.5, 0.0031852134804341626], [0.6000000000000001, 0.008487405389241953], [0.7000000000000001, 0.006698966697977426], [0.8, 0.0070384837779515], [0.9, 0.0045531491418978245], [1.0, 0.0031998183574806003]], "kl_target": [[0.1, 0.007107552562193519], [0.2, 0.007155900706893301], [0.30000000000000004, 0.006384946310138245], [0.4, 0.002115862058422956], [0.5, 0.0007997756257341157], [0.6000000000000001, 0.0012193474132486443], [0.7000000000000001, 0.001890859778985988], [0.8, -0.0014456062567045516], [0.9, -0.0006898850295145695], [1.0, 0.0004895525018460325]], "time_train": [[0.1, 2.52863674], [0.2, 2.2822817880000006], [0.30000000000000004, 2.2810266819999994], [0.4, 2.333452501], [0.5, 2.4230923349999998], [0.6000000000000001, 2.3287468140000023], [0.7000000000000001, 2.2928306690000007], [0.8, 2.268020187000001], [0.9, 2.285228187999998], [1.0, 2.2463613669999987]], "time_est": [[0.1, 0.0009856970000008403], [0.2, 0.001052407999999616], [0.30000000000000004, 0.0007855639999991837], [0.4, 0.0009450710000002971], [0.5, 0.0010139210000001952], [0.6000000000000001, 0.0008531299999994246], [0.7000000000000001, 0.0007894129999996835], [0.8, 0.0008099389999998152], [0.9, 0.0007949719999977845], [1.0, 0.0007804319999991094]]}, "2": {"kl_train": [[0.1, 0.03811236723094535], [0.2, 0.030238434968196722], [0.30000000000000004, 0.0267528394117784], [0.4, 0.030596917183409195], [0.5, 0.02788025595758561], [0.6000000000000001, 0.025135133878146695], [0.7000000000000001, 0.02643529021571321], [0.8, 0.024213113710919883], [0.9, 0.02910506790675694], [1.0, 0.029922792842407113]], "kl_target": [[0.1, 0.021741262051404482], [0.2, 0.020509289667029803], [0.30000000000000004, 0.020772869792206924], [0.4, 0.022990456845642618], [0.5, 0.032752856461309945], [0.6000000000000001, 0.02903035020529131], [0.7000000000000001, 0.036421574439267836], [0.8, 0.048029049495333306], [0.9, 0.04923742202004434], [1.0, 0.04821057564117663]], "time_train": [[0.1, 2.282992515999993], [0.2, 2.303792217999998], [0.30000000000000004, 2.2923927719999995], [0.4, 2.2889336389999926], [0.5, 2.2998678190000135], [0.6000000000000001, 2.2988598840000094], [0.7000000000000001, 2.2772416910000004], [0.8, 2.2749247689999947], [0.9, 2.2660171469999995], [1.0, 2.273013242999994]], "time_est": [[0.1, 0.0012174750000042422], [0.2, 0.0008599730000042882], [0.30000000000000004, 0.0009044460000069421], [0.4, 0.0011965200000076948], [0.5, 0.0009151369999926828], [0.6000000000000001, 0.0008954659999886871], [0.7000000000000001, 0.0009416510000050948], [0.8, 0.001324809999999843], [0.9, 0.0009651710000042613], [1.0, 0.0011644480000114754]]}, "3": {"kl_train": [[0.1, 0.08948213375673307], [0.2, 0.08396836457547895], [0.30000000000000004, 0.07950529435780493], [0.4, 0.08883986059737291], [0.5, 0.0731154697875079], [0.6000000000000001, 0.07820469565725288], [0.7000000000000001, 0.08008381103909402], [0.8, 0.0696188433411779], [0.9, 0.07385663338222688], [1.0, 0.07321997406803885]], "kl_target": [[0.1, 0.09855392735739103], [0.2, 0.13203787092594282], [0.30000000000000004, 0.13553486813827503], [0.4, 0.13647911242901242], [0.5, 0.13448798167464157], [0.6000000000000001, 0.16956978483846574], [0.7000000000000001, 0.1920772371482056], [0.8, 0.20287807882356793], [0.9, 0.20189166735038538], [1.0, 0.17224637238409757]], "time_train": [[0.1, 2.464805487999996], [0.2, 2.577626519000006], [0.30000000000000004, 2.343423220999995], [0.4, 2.3579623570000194], [0.5, 2.409632545999983], [0.6000000000000001, 2.473450968999998], [0.7000000000000001, 2.6981787490000215], [0.8, 2.903300781000013], [0.9, 2.386824673999996], [1.0, 2.6834065509999903]], "time_est": [[0.1, 0.0010536910000098487], [0.2, 0.0012444159999915883], [0.30000000000000004, 0.0012392840000075012], [0.4, 0.0025747859999967204], [0.5, 0.0013059949999956189], [0.6000000000000001, 0.0015407669999945028], [0.7000000000000001, 0.0013791200000241588], [0.8, 0.001964550999986159], [0.9, 0.0012516849999997248], [1.0, 0.0010365859999978966]]}, "4": {"kl_train": [[0.1, 0.19114609841353755], [0.2, 0.17683617363557813], [0.30000000000000004, 0.16877834917222562], [0.4, 0.15592669242184684], [0.5, 0.17235219098044474], [0.6000000000000001, 0.16602674596527128], [0.7000000000000001, 0.1666735679482948], [0.8, 0.159466621353058], [0.9, 0.16654953386421387], [1.0, 0.15291678924768307]], "kl_target": [[0.1, 0.18576054742854545], [0.2, 0.34514802469555084], [0.30000000000000004, 0.43221608868465194], [0.4, 0.5304012014355551], [0.5, 0.49702062043114253], [0.6000000000000001, 0.49903134298955715], [0.7000000000000001, 0.5190918038519814], [0.8, 0.5614299693164396], [0.9, 0.5678983552870389], [1.0, 0.6594605531786942]], "time_train": [[0.1, 2.5770321069999795], [0.2, 2.4460853720000273], [0.30000000000000004, 2.4707504599999766], [0.4, 2.460203717000013], [0.5, 2.6116730460000213], [0.6000000000000001, 2.5314172180000014], [0.7000000000000001, 2.4590820319999693], [0.8, 2.465456775000007], [0.9, 2.5867376939999644], [1.0, 2.4810444710000183]], "time_est": [[0.1, 0.001417179999975815], [0.2, 0.0014330019999988508], [0.30000000000000004, 0.00109004000000823], [0.4, 0.00127178399998229], [0.5, 0.0012670799999909832], [0.6000000000000001, 0.001445403999980499], [0.7000000000000001, 0.0014676399999871137], [0.8, 0.0012362900000084664], [0.9, 0.001135796000028222], [1.0, 0.0011131320000004052]]}, "5": {"kl_train": [[0.1, 0.3221183843546212], [0.2, 0.3984113419715152], [0.30000000000000004, 0.43261231810313666], [0.4, 0.45181504742012346], [0.5, 0.43310248533221685], [0.6000000000000001, 0.45450323530857467], [0.7000000000000001, 0.4706652818897896], [0.8, 0.44052760928698614], [0.9, 0.4521773855835605], [1.0, 0.44867676505927856]], "kl_target": [[0.1, 0.30167068832129035], [0.2, 0.33079808535024946], [0.30000000000000004, 0.4280712751989835], [0.4, 0.46809406249179425], [0.5, 0.5201138490342285], [0.6000000000000001, 0.46775510658108954], [0.7000000000000001, 0.45594296583911786], [0.8, 0.5214057751930268], [0.9, 0.4769962319943414], [1.0, 0.6063950375225677]], "time_train": [[0.1, 2.40667246299995], [0.2, 2.607047326999975], [0.30000000000000004, 2.5196316189999948], [0.4, 2.4974344080000037], [0.5, 2.4477018290000387], [0.6000000000000001, 2.4397559569999885], [0.7000000000000001, 2.400355021999985], [0.8, 2.4127585530000033], [0.9, 2.4319798569999875], [1.0, 2.471551846000011]], "time_est": [[0.1, 0.0011323749999974098], [0.2, 0.0011216849999868828], [0.30000000000000004, 0.001088756999990892], [0.4, 0.001117409000016778], [0.5, 0.00108832899996969], [0.6000000000000001, 0.0014830359999677967], [0.7000000000000001, 0.0011858290000077432], [0.8, 0.001063099000020884], [0.9, 0.0015056999999956133], [1.0, 0.0014945820000207277]]}, "6": {"kl_train": [[0.1, 0.7102119382479364], [0.2, 0.8646285675381777], [0.30000000000000004, 0.9062580328944928], [0.4, 0.9157812075799812], [0.5, 0.9289853960406035], [0.6000000000000001, 0.9270325351067525], [0.7000000000000001, 0.9198731440667843], [0.8, 0.9293880249659648], [0.9, 0.9270776205204082], [1.0, 0.9259265968198002]], "kl_target": [[0.1, 0.167022691407217], [0.2, 0.07933789566307882], [0.30000000000000004, 0.06269887631740569], [0.4, 0.10152456000222318], [0.5, 0.12968856899631287], [0.6000000000000001, 0.12417219806425105], [0.7000000000000001, 0.14017348792701864], [0.8, 0.15983077923725436], [0.9, 0.08910867481519773], [1.0, 0.0946047826422849]], "time_train": [[0.1, 2.4402250719999756], [0.2, 2.4092096170000445], [0.30000000000000004, 2.3924296769999955], [0.4, 2.37685651999999], [0.5, 2.369534994999981], [0.6000000000000001, 2.3802964110000175], [0.7000000000000001, 2.3886562320000166], [0.8, 2.3682178820000104], [0.9, 2.3665312920000474], [1.0, 2.376191122000023]],