{"1": {"kl_train": [[0.1, 0.009117344090813948], [0.2, 0.0054857806383640274], [0.30000000000000004, 0.005517371148810369], [0.4, 0.005961987829176027], [0.5, 0.008069219296924614], [0.6000000000000001, 0.004318022499610211], [0.7000000000000001, 0.004423916891266054], [0.8, 0.005635220715699727], [0.9, 0.010596802080386814], [1.0, 0.010284452463318978]], "kl_target": [[0.1, 0.008432749753117537], [0.2, 0.00813033280920357], [0.30000000000000004, 0.008792804091242732], [0.4, 0.011772082807065693], [0.5, 0.013904431754769027], [0.6000000000000001, 0.013944936982540308], [0.7000000000000001, 0.017262512941177855], [0.8, 0.016936913097721246], [0.9, 0.02414647090577385], [1.0, 0.010168459612339255]], "time_train": [[0.1, 0.45857058100000003], [0.2, 0.45932792099999986], [0.30000000000000004, 0.4552388829999998], [0.4, 0.46024733500000004], [0.5, 0.4563802379999995], [0.6000000000000001, 0.46308597099999993], [0.7000000000000001, 0.4603397040000008], [0.8, 0.46019601899999785], [0.9, 0.4552991790000007], [1.0, 0.4636461720000007]], "time_est": [[0.1, 0.0009301050000001254], [0.2, 0.0009142820000000995], [0.30000000000000004, 0.0009301050000001254], [0.4, 0.0007496430000006882], [0.5, 0.0008261889999996441], [0.6000000000000001, 0.0009326699999991916], [0.7000000000000001, 0.0009172750000008278], [0.8, 0.0006927680000003988], [0.9, 0.0009296769999984633], [1.0, 0.0009236890000003939]]}, "2": {"kl_train": [[0.1, 0.04700033358186946], [0.2, 0.03954528833301081], [0.30000000000000004, 0.034365946872785734], [0.4, 0.03275748042425084], [0.5, 0.03118072179904986], [0.6000000000000001, 0.030806204423158817], [0.7000000000000001, 0.027667488597346374], [0.8, 0.030333328550349075], [0.9, 0.03576041963609615], [1.0, 0.028771019765899755]], "kl_target": [[0.1, 0.0637101917376783], [0.2, 0.04217603006688871], [0.30000000000000004, 0.04705908183201876], [0.4, 0.062015555519327796], [0.5, 0.06454496025299504], [0.6000000000000001, 0.054235003928000174], [0.7000000000000001, 0.09428358167449483], [0.8, 0.09540742585998548], [0.9, 0.10077896223207478], [1.0, 0.12337272231973585]], "time_train": [[0.1, 0.4658027320000002], [0.2, 0.47310116499998855], [0.30000000000000004, 0.4654897030000029], [0.4, 0.48269214499998725], [0.5, 0.4789054439999916], [0.6000000000000001, 0.46772024300000226], [0.7000000000000001, 0.462568533999999], [0.8, 0.4674692219999912], [0.9, 0.4733906730000115], [1.0, 0.4759667420000113]], "time_est": [[0.1, 0.0007312550000051488], [0.2, 0.000739379999998846], [0.30000000000000004, 0.0007440830000007281], [0.4, 0.0007517810000052805], [0.5, 0.0008569789999910427], [0.6000000000000001, 0.0007761560000005829], [0.7000000000000001, 0.0008180649999900425], [0.8, 0.000728261000006114], [0.9, 0.0009895450000101391], [1.0, 0.0007295440000092412]]}, "3": {"kl_train": [[0.1, 0.10491014604942336], [0.2, 0.10448240688008939], [0.30000000000000004, 0.07847435161443692], [0.4, 0.08349569117802075], [0.5, 0.05893617742354589], [0.6000000000000001, 0.07963307295831439], [0.7000000000000001, 0.06820004841327114], [0.8, 0.054761920202061616], [0.9, 0.05605173496681793], [1.0, 0.0451920567950032]], "kl_target": [[0.1, 0.34954172951248874], [0.2, 0.2313918701176113], [0.30000000000000004, 0.2778805582995325], [0.4, 0.31830356190050696], [0.5, 0.3994365937510102], [0.6000000000000001, 0.3826283702079554], [0.7000000000000001, 0.3972332481545602], [0.8, 0.34783376400601895], [0.9, 0.3677480610849686], [1.0, 0.4785840399248714]], "time_train": [[0.1, 0.48092986500000734], [0.2, 0.4736331420000113], [0.30000000000000004, 0.46858021599999233], [0.4, 0.4686165649999907], [0.5, 0.5110250529999973], [0.6000000000000001, 0.4877874079999742], [0.7000000000000001, 0.46439880799999855], [0.8, 0.47345225300000493], [0.9, 0.47025141099999246], [1.0, 0.4599424319999912]], "time_est": [[0.1, 0.0007286889999988944], [0.2, 0.0007428010000012364], [0.30000000000000004, 0.000988690000014003], [0.4, 0.0007325370000046405], [0.5, 0.001285895999984632], [0.6000000000000001, 0.0007624710000015966], [0.7000000000000001, 0.0010160590000225511], [0.8, 0.0008625389999963318], [0.9, 0.0007303989999911664], [1.0, 0.0007470769999997628]]}, "4": {"kl_train": [[0.1, 0.19529507924285439], [0.2, 0.242010191106506], [0.30000000000000004, 0.2548476827258882], [0.4, 0.2523220435749143], [0.5, 0.24024264216117125], [0.6000000000000001, 0.25311281615583375], [0.7000000000000001, 0.24884771142111348], [0.8, 0.2541339687032244], [0.9, 0.29158922595521747], [1.0, 0.2518676757397796]], "kl_target": [[0.1, 0.3093593411886902], [0.2, 0.35994886962749384], [0.30000000000000004, 0.5661602326344779], [0.4, 0.5915903760079232], [0.5, 2.456688558587308], [0.6000000000000001, 0.6516467943482973], [0.7000000000000001, 0.578133469696311], [0.8, 0.5507833884486101], [0.9, 0.49926924437724174], [1.0, 0.6678564683268817]], "time_train": [[0.1, 0.47732191500000454], [0.2, 0.48418073999999933], [0.30000000000000004, 0.49552972500001147], [0.4, 0.48728750300000456], [0.5, 0.5100466250000011], [0.6000000000000001, 0.49640038799998365], [0.7000000000000001, 0.5107475169999987], [0.8, 0.4959137409999812], [0.9, 0.5051502130000074], [1.0, 0.4904413049999903]], "time_est": [[0.1, 0.0008599730000184991], [0.2, 0.0010579670000083752], [0.30000000000000004, 0.0007795770000029734], [0.4, 0.0008651040000131616], [0.5, 0.0009613220000233014], [0.6000000000000001, 0.001159317000002602], [0.7000000000000001, 0.001131947999994054], [0.8, 0.001098592000005283], [0.9, 0.0012388559999862991], [1.0, 0.0010955989999956728]]}, "5": {"kl_train": [[0.1, 0.4182557264214267], [0.2, 0.6020496074798929], [0.30000000000000004, 0.6271162716269097], [0.4, 0.6562972855804874], [0.5, 0.6475483144972762], [0.6000000000000001, 0.6605379532295058], [0.7000000000000001, 0.6513841481301158], [0.8, 0.6549537815591482], [0.9, 0.6281555454575459], [1.0, 0.6356153027764141]], "kl_target": [[0.1, 0.698265853907366], [0.2, 0.12138226016824183], [0.30000000000000004, 0.11921978383142942], [0.4, 0.21369115478254236], [0.5, 0.14850605868866984], [0.6000000000000001, 0.26440678624843605], [0.7000000000000001, 0.32555846255906834], [0.8, 0.35534136299415336], [0.9, 0.3814771924138148], [1.0, 0.357401554044409]], "time_train": [[0.1, 0.517080352999983], [0.2, 0.49195085500002733], [0.30000000000000004, 0.49422672399998646], [0.4, 0.4961763090000204], [0.5, 0.4912734819999969], [0.6000000000000001, 0.5024107879999633], [0.7000000000000001, 0.4940368549999903], [0.8, 0.5036701710000102], [0.9, 0.4982302350000509], [1.0, 0.5037368819999983]], "time_est": [[0.1, 0.0010831980000034491], [0.2, 0.0010772100000053797], [0.30000000000000004, 0.0010883290000265333], [0.4, 0.0010874739999735539], [0.5, 0.001098592000005283], [0.6000000000000001, 0.0008103670000423335], [0.7000000000000001, 0.0011028689999648122], [0.8, 0.001088756999990892], [0.9, 0.0010891840000226694], [1.0, 0.001090895000004366]]}, "6": {"kl_train": [[0.1, 0.5513459859516037], [0.2, 0.6251695269220875], [0.30000000000000004, 0.77317547215676], [0.4, 0.8856244517155584], [0.5, 0.9417893833065899], [0.6000000000000001, 0.9862310753546947], [0.7000000000000001, 1.015949193338515], [0.8, 1.0073022851904982], [0.9, 1.031211801943382], [1.0, 1.0474015522757776]], "kl_target": [[0.1, 0.609783488860923], [0.2, 1.5644664851725496], [0.30000000000000004, 0.9959509321780735], [0.4, 3.1678540516964357], [0.5, 1.2398431208307772], [0.6000000000000001, 0.5868486451526771], [0.7000000000000001, 0.29440211547097106], [0.8, 0.5016597186983841], [0.9, 0.49452711829991236], [1.0, 0.253364589173121]], "time_train": [[0.1, 0.5335908830000449], [0.2, 0.5542246630000136], [0.30000000000000004, 0.5278640049999694], [0.4, 0.5211420230000385], [0.5, 0.5178368379999938], [0.6000000000000001, 0.5145440539999981], [0.7000000000000001, 0.510351528000001], [0.8, 0.5175071319999915], [0.9, 0.5155233369999905], [1.0, 0.5148455359999957]],