{"1": {"kl_train": [[0.1, 0.00752829965260396], [0.2, 0.004894644599449763], [0.30000000000000004, 0.0035039388586398184], [0.4, 0.0023872331208212253], [0.5, 0.008266061254205922], [0.6000000000000001, 0.006887960767050314], [0.7000000000000001, 0.00392856672953839], [0.8, 0.007760392807625078], [0.9, 0.003021618724170506], [1.0, 0.005602610812385145]], "kl_target": [[0.1, 0.00044792020282082533], [0.2, 0.004509318796877662], [0.30000000000000004, 0.0031824370173147223], [0.4, 0.0030692337974718175], [0.5, 0.004403159602535504], [0.6000000000000001, 0.005150127128349444], [0.7000000000000001, 0.005263050920557798], [0.8, 0.007283874029830024], [0.9, 0.008727282815425744], [1.0, 0.005411542258098469]], "time_train": [[0.1, 2.243835331999996], [0.2, 2.2212250270000027], [0.30000000000000004, 2.2244339940000017], [0.4, 2.2165642410000004], [0.5, 2.2273585849999975], [0.6000000000000001, 2.2141399830000026], [0.7000000000000001, 2.2211117029999983], [0.8, 2.2430065770000027], [0.9, 2.2341926080000007], [1.0, 2.216098119999998]], "time_est": [[0.1, 0.000790268000002925], [0.2, 0.0008090839999965738], [0.30000000000000004, 0.0008005310000029908], [0.4, 0.0010335919999988619], [0.5, 0.0007932609999983242], [0.6000000000000001, 0.0007885580000035475], [0.7000000000000001, 0.0008116500000028282], [0.8, 0.0007838530000014998], [0.9, 0.00104855899999734], [1.0, 0.0010519799999997304]]}, "2": {"kl_train": [[0.1, 0.03549147750657409], [0.2, 0.022759999710034635], [0.30000000000000004, 0.03422802718065946], [0.4, 0.034423304597813134], [0.5, 0.039711487241052966], [0.6000000000000001, 0.03266752764977659], [0.7000000000000001, 0.027839275453542322], [0.8, 0.02848679461569587], [0.9, 0.028051945118505395], [1.0, 0.02788201826022963]], "kl_target": [[0.1, 0.015302835673174406], [0.2, 0.018987699573147724], [0.30000000000000004, 0.015086388038368334], [0.4, 0.030355839142269237], [0.5, 0.02042545772455325], [0.6000000000000001, 0.02906819835508737], [0.7000000000000001, 0.030453985277417724], [0.8, 0.024306994465968037], [0.9, 0.019681788078959532], [1.0, 0.023735994579218277]], "time_train": [[0.1, 2.31263826], [0.2, 2.2414555480000047], [0.30000000000000004, 2.2456202770000004], [0.4, 2.254819117000011], [0.5, 2.257180085999977], [0.6000000000000001, 2.3616981699999826], [0.7000000000000001, 2.8760626170000023], [0.8, 2.3556125069999894], [0.9, 2.306036870000014], [1.0, 2.2883554770000103]], "time_est": [[0.1, 0.0008924729999932879], [0.2, 0.000896320999999034], [0.30000000000000004, 0.00085441300001321], [0.4, 0.0008702350000078241], [0.5, 0.001249119999982895], [0.6000000000000001, 0.0012555339999948956], [0.7000000000000001, 0.0008766500000092492], [0.8, 0.0012260279999907198], [0.9, 0.0012174740000148176], [1.0, 0.0008770780000020295]]}, "3": {"kl_train": [[0.1, 0.09032173386218297], [0.2, 0.09077464968214226], [0.30000000000000004, 0.08784029964618663], [0.4, 0.10813301892627006], [0.5, 0.0955451815369185], [0.6000000000000001, 0.09581239778978831], [0.7000000000000001, 0.09498148056139066], [0.8, 0.09561673645982977], [0.9, 0.09012455243900488], [1.0, 0.09134788920465457]], "kl_target": [[0.1, 0.11969906124902975], [0.2, 0.11223217687125542], [0.30000000000000004, 0.10411720765573791], [0.4, 0.08253582005080855], [0.5, 0.09191279976854135], [0.6000000000000001, 0.11597292648910036], [0.7000000000000001, 0.14040783012849117], [0.8, 0.1233391842447289], [0.9, 0.10355465934250611], [1.0, 0.07636177121168568]], "time_train": [[0.1, 2.2998143639999853], [0.2, 2.272026691999997], [0.30000000000000004, 2.266434946000004], [0.4, 2.281175497999982], [0.5, 2.6978340759999924], [0.6000000000000001, 2.3627745260000097], [0.7000000000000001, 2.6458337519999873], [0.8, 2.3521225839999715], [0.9, 2.6942928359999883], [1.0, 2.702163444000007]], "time_est": [[0.1, 0.0012610940000001847], [0.2, 0.0009040190000177972], [0.30000000000000004, 0.0009185590000129196], [0.4, 0.0009241180000003624], [0.5, 0.0012640870000097948], [0.6000000000000001, 0.0012427050000098916], [0.7000000000000001, 0.0014501079999718058], [0.8, 0.0008890509999446294], [0.9, 0.0009425060000012309], [1.0, 0.0010169139999902654]]}, "4": {"kl_train": [[0.1, 0.2009784533400347], [0.2, 0.2285440078676674], [0.30000000000000004, 0.24680888701550754], [0.4, 0.25785600056240615], [0.5, 0.2490208322606271], [0.6000000000000001, 0.26633561121566524], [0.7000000000000001, 0.2480885634939724], [0.8, 0.2520559912954127], [0.9, 0.2309839502486566], [1.0, 0.2521229402838972]], "kl_target": [[0.1, 0.15525768721236827], [0.2, 0.587725282164943], [0.30000000000000004, 0.19132464828492052], [0.4, 0.1769929796707149], [0.5, 0.1800728505210438], [0.6000000000000001, 0.1881574888970642], [0.7000000000000001, 0.22760791465076288], [0.8, 0.21699648455523715], [0.9, 0.22848780101747787], [1.0, 0.19564617853973706]], "time_train": [[0.1, 2.512834800999997], [0.2, 2.412070490000019], [0.30000000000000004, 2.3169984180000256], [0.4, 2.329956591000041], [0.5, 2.3444734899999844], [0.6000000000000001, 2.347637555999995], [0.7000000000000001, 2.367988242000024], [0.8, 2.3276140099999907], [0.9, 2.3484654559999854], [1.0, 2.3111616379999873]], "time_est": [[0.1, 0.0010678030000121908], [0.2, 0.0012059280000471517], [0.30000000000000004, 0.0013500410000233387], [0.4, 0.0010857640000381252], [0.5, 0.0015715549999981704], [0.6000000000000001, 0.001082769999982247], [0.7000000000000001, 0.0010605329999862079], [0.8, 0.0010746439999707036], [0.9, 0.0010605330000430513], [1.0, 0.0010408620000248447]]}, "5": {"kl_train": [[0.1, 0.3472489174468135], [0.2, 0.42100317053564207], [0.30000000000000004, 0.4617717330351199], [0.4, 0.468824972248386], [0.5, 0.4747003437371272], [0.6000000000000001, 0.4602444229272297], [0.7000000000000001, 0.4720741188581619], [0.8, 0.4554782065959721], [0.9, 0.46057182906813343], [1.0, 0.45716629208086274]], "kl_target": [[0.1, 0.31668921328989097], [0.2, 0.3513439111701207], [0.30000000000000004, 0.41337558340327485], [0.4, 0.40943348863412515], [0.5, 0.3992498689307122], [0.6000000000000001, 0.39377514782176887], [0.7000000000000001, 0.43383405023817073], [0.8, 0.47051514036526626], [0.9, 0.49829836685656104], [1.0, 0.5251144258793704]], "time_train": [[0.1, 2.5299504329999536], [0.2, 2.678232605000005], [0.30000000000000004, 2.421226565999973], [0.4, 2.500182814000027], [0.5, 2.46844422800001], [0.6000000000000001, 2.4388245700000084], [0.7000000000000001, 2.4425360080000473], [0.8, 2.4609439519999796], [0.9, 2.4361129419999656], [1.0, 2.4529270919999817]], "time_est": [[0.1, 0.001599779999992279], [0.2, 0.0014779039999552879], [0.30000000000000004, 0.0010755000000131076], [0.4, 0.0011071450000486038], [0.5, 0.0015377720000060435], [0.6000000000000001, 0.0010844799999745192], [0.7000000000000001, 0.001061389000028612], [0.8, 0.0014723439999784205], [0.9, 0.0014612260000035349], [1.0, 0.001483889999974508]]}, "6": {"kl_train": [[0.1, 0.493254143334725], [0.2, 0.7223330605953003], [0.30000000000000004, 0.7987658324905215], [0.4, 0.8243816560622876], [0.5, 0.838649701054929], [0.6000000000000001, 0.8611591929692802], [0.7000000000000001, 0.8886743689415006], [0.8, 0.8862283938881538], [0.9, 0.8845496940416923], [1.0, 0.8786191599478933]], "kl_target": [[0.1, 0.4313231390600335], [0.2, 0.236050460398195], [0.30000000000000004, 0.2397939075723677], [0.4, 0.4465617972414066], [0.5, 0.30054659116839044], [0.6000000000000001, 0.389071294188347], [0.7000000000000001, 0.37549893654361355], [0.8, 0.3833464750118926], [0.9, 0.43230481633411116], [1.0, 0.340736781126579]], "time_train": [[0.1, 2.432276634999994], [0.2, 2.4534954179999886], [0.30000000000000004, 2.439461744999903], [0.4, 2.488796623999974], [0.5, 2.4757644710000477], [0.6000000000000001, 2.4225796009999385], [0.7000000000000001, 2.5024146370000153], [0.8, 2.5376153490000206], [0.9, 2.593444280999961], [1.0, 2.4797632789999398]],