{"1": {"kl_train": [[0.1, 0.007848733110914325], [0.2, 0.008940627365909413], [0.30000000000000004, 0.01676621585600579], [0.4, 0.02514048600359236], [0.5, 0.01644314656099448], [0.6000000000000001, 0.010336939012808353], [0.7000000000000001, 0.007298483133121452], [0.8, 0.005353286829220641], [0.9, 0.012272209552902964], [1.0, 0.004039083775616501]], "kl_target": [[0.1, 0.0073626970304017545], [0.2, 0.0067959435508758844], [0.30000000000000004, 0.017421072947500713], [0.4, 0.03455216375502434], [0.5, 0.02336083901938733], [0.6000000000000001, 0.026465261578255826], [0.7000000000000001, 0.01780478875513992], [0.8, 0.01056807941293802], [0.9, 0.013922019383778026], [1.0, 0.020936340400961005]], "time_train": [[0.1, 0.4547723340000047], [0.2, 0.45133415500000496], [0.30000000000000004, 0.44015280200000007], [0.4, 0.4445202309999985], [0.5, 0.4566868530000008], [0.6000000000000001, 0.464098608999997], [0.7000000000000001, 0.46054283099999793], [0.8, 0.47097624999999965], [0.9, 0.46290251599999976], [1.0, 0.45385163799999617]], "time_est": [[0.1, 0.000700891999997566], [0.2, 0.0006944779999997763], [0.30000000000000004, 0.000697471999998811], [0.4, 0.0006842150000068159], [0.5, 0.0006893469999980084], [0.6000000000000001, 0.0006953329999959124], [0.7000000000000001, 0.0009228349999972352], [0.8, 0.0009369469999995772], [0.9, 0.0009253999999998541], [1.0, 0.0009241180000003624]]}, "2": {"kl_train": [[0.1, 0.048956491144311866], [0.2, 0.03970664576032703], [0.30000000000000004, 0.038231546957713865], [0.4, 0.03614615525025841], [0.5, 0.03326175518301973], [0.6000000000000001, 0.026061586340766444], [0.7000000000000001, 0.04027427672794714], [0.8, 0.036012693910817434], [0.9, 0.0387036857831402], [1.0, 0.032649281689890654]], "kl_target": [[0.1, 0.04967213353973323], [0.2, 0.06688806421915361], [0.30000000000000004, 0.07129083335821941], [0.4, 0.0603722651178234], [0.5, 0.06705199924159473], [0.6000000000000001, 0.0820275620461766], [0.7000000000000001, 0.06306093562838722], [0.8, 0.06393780045668145], [0.9, 0.06036304833602485], [1.0, 0.09789279566475068]], "time_train": [[0.1, 0.4859986140000103], [0.2, 0.46928068100000075], [0.30000000000000004, 0.46234445300000004], [0.4, 0.4689591000000064], [0.5, 0.479648245000007], [0.6000000000000001, 0.4688675860000018], [0.7000000000000001, 0.4638185080000028], [0.8, 0.5110819269999922], [0.9, 0.476093750000004], [1.0, 0.49929162399999427]], "time_est": [[0.1, 0.0009972439999899052], [0.2, 0.0007218469999941135], [0.30000000000000004, 0.0007419459999908895], [0.4, 0.0007492149999990261], [0.5, 0.0007286889999988944], [0.6000000000000001, 0.0009895459999995637], [0.7000000000000001, 0.000728261000006114], [0.8, 0.0009194129999912093], [0.9, 0.0007889849999997978], [1.0, 0.0009993809999997438]]}, "3": {"kl_train": [[0.1, 0.13155070383377676], [0.2, 0.10169210732730743], [0.30000000000000004, 0.11841323439001847], [0.4, 0.0917611331065606], [0.5, 0.0839197567269341], [0.6000000000000001, 0.08772962824461446], [0.7000000000000001, 0.08299317998785885], [0.8, 0.06151655699628262], [0.9, 0.059046788862276864], [1.0, 0.05662971039330346]], "kl_target": [[0.1, 0.14438836101493974], [0.2, 0.282759364232551], [0.30000000000000004, 0.2603064734209259], [0.4, 0.2836287694173456], [0.5, 0.31368553643750746], [0.6000000000000001, 0.36353196452171305], [0.7000000000000001, 0.3470852625652464], [0.8, 0.5145189568778019], [0.9, 0.4339476314572529], [1.0, 0.37563461887583954]], "time_train": [[0.1, 0.49002094099998317], [0.2, 0.5964347279999913], [0.30000000000000004, 0.706702354000015], [0.4, 0.49504094000002397], [0.5, 0.480695948999994], [0.6000000000000001, 0.47220740899999214], [0.7000000000000001, 0.48540078100000983], [0.8, 0.47493999299999246], [0.9, 0.4719208950000109], [1.0, 0.4718400710000026]], "time_est": [[0.1, 0.001000664000002871], [0.2, 0.0011434940000185634], [0.30000000000000004, 0.0012914559999899211], [0.4, 0.0010246120000090286], [0.5, 0.0010079340000004322], [0.6000000000000001, 0.0010122109999883833], [0.7000000000000001, 0.0012153370000191899], [0.8, 0.001009644000021126], [0.9, 0.0010301700000070468], [1.0, 0.001081914999986111]]}, "4": {"kl_train": [[0.1, 0.24010814050215426], [0.2, 0.2431826294836906], [0.30000000000000004, 0.2691535485371692], [0.4, 0.2863911746710138], [0.5, 0.2765863845911341], [0.6000000000000001, 0.25170770135224435], [0.7000000000000001, 0.2504832333939276], [0.8, 0.24364564987845802], [0.9, 0.24498438942170964], [1.0, 0.22371734261807028]], "kl_target": [[0.1, 0.3550802412226149], [0.2, 0.29608088640541064], [0.30000000000000004, 0.3403727432781027], [0.4, 0.35071244834554816], [0.5, 0.4838114373237151], [0.6000000000000001, 0.4237211734102398], [0.7000000000000001, 0.5020912074515441], [0.8, 0.601263225634531], [0.9, 0.6332772329830808], [1.0, 0.6662359609008257]], "time_train": [[0.1, 0.5080316129999858], [0.2, 0.4849000209999872], [0.30000000000000004, 0.49268937799999435], [0.4, 0.49278345899998044], [0.5, 0.48682394700000486], [0.6000000000000001, 0.48409307499997567], [0.7000000000000001, 0.4879815539999868], [0.8, 0.48828773899998623], [0.9, 0.49209881600000926], [1.0, 0.48289099599998053]], "time_est": [[0.1, 0.0007765839999933632], [0.2, 0.001078492999994296], [0.30000000000000004, 0.0008197749999965254], [0.4, 0.0011032959999965897], [0.5, 0.0010802040000044144], [0.6000000000000001, 0.0007787220000068373], [0.7000000000000001, 0.0009694469999885769], [0.8, 0.0008163529999478669], [0.9, 0.0010673749999909887], [1.0, 0.0010767829999736023]]}, "5": {"kl_train": [[0.1, 0.4288109891266067], [0.2, 0.5543256744117274], [0.30000000000000004, 0.5949757687949413], [0.4, 0.6198356960436988], [0.5, 0.6533986801873298], [0.6000000000000001, 0.6523329648487435], [0.7000000000000001, 0.6153258551036047], [0.8, 0.6180668280330598], [0.9, 0.6163907701750636], [1.0, 0.6100094428627101]], "kl_target": [[0.1, 0.29126665042220884], [0.2, 0.26537751759515543], [0.30000000000000004, 0.2666266589645286], [0.4, 0.25152077530194705], [0.5, 0.2444326677294], [0.6000000000000001, 0.2563003867978364], [0.7000000000000001, 0.30685437741936955], [0.8, 0.43552354733685766], [0.9, 0.45892857343828536], [1.0, 0.4166374368529134]], "time_train": [[0.1, 0.5151611299999672], [0.2, 0.5120731840000303], [0.30000000000000004, 0.503886553999962], [0.4, 0.4990226419999999], [0.5, 0.5165851519999478], [0.6000000000000001, 0.5105572199999528], [0.7000000000000001, 0.512235684000018], [0.8, 0.5107868599999961], [0.9, 0.5077964139999835], [1.0, 0.5117400569999973]], "time_est": [[0.1, 0.0011567509999963477], [0.2, 0.0008578350000334467], [0.30000000000000004, 0.0009407960000089588], [0.4, 0.0011866849999933038], [0.5, 0.001205928999979733], [0.6000000000000001, 0.0010669469999697867], [0.7000000000000001, 0.0011494810000272082], [0.8, 0.0008227679999777138], [0.9, 0.0011409279999838873], [1.0, 0.0010716520000073615]]}, "6": {"kl_train": [[0.1, 0.6110876028022854], [0.2, 0.7775825153712933], [0.30000000000000004, 0.9184403187734071], [0.4, 0.9917637544180816], [0.5, 1.0554212646475565], [0.6000000000000001, 1.081078802802322], [0.7000000000000001, 1.103211572162799], [0.8, 1.0870723852520179], [0.9, 1.102299870274437], [1.0, 1.1244277359306545]], "kl_target": [[0.1, 0.3533684656817791], [0.2, 0.3734437131644119], [0.30000000000000004, 0.15011921591366217], [0.4, 0.1508571806611565], [0.5, 0.12169098882037034], [0.6000000000000001, 0.1817609559933129], [0.7000000000000001, 0.14615404838374954], [0.8, 0.17114618045718963], [0.9, 0.24792598097883356], [1.0, 0.23816220671419863]], "time_train": [[0.1, 0.5512068480000494], [0.2, 0.5416723149999711], [0.30000000000000004, 0.5566998099999978], [0.4, 0.4927364179999927], [0.5, 0.5031818130000261], [0.6000000000000001, 0.4909621639999955], [0.7000000000000001, 0.5015307159999907], [0.8, 0.498343130999956], [0.9, 0.5123960480000278], [1.0, 0.5039382969999906]],