{"kl_train": 0.02339639848110778, "kl_targ": 0.024014617641489516, "time_train": 10556.26111322781, "time_est": 39.755039676092565}