{"kl_train": 0.013607781264914583, "kl_targ": 0.07341504152807479, "time_train": 6882.788082845975, "time_est": 0.208598961122334}