{"kl_train": 0.01723722924502859, "kl_targ": 0.0037163528900550514, "time_train": 15.698747502000003, "time_est": 6.049932284000022}