{"kl_train": 0.006574598122914521, "kl_targ": 0.006447610358653179, "time_train": 3.232491479, "time_est": 0.8428662270000018}