{"kl_train": 0.005341381622809842, "kl_targ": 0.004961564385101376, "time_train": 3.205190881, "time_est": 0.8418416149999999}