{"kl_train": 0.0192184847880389, "kl_targ": 0.019714917648163993, "time_train": 0.43460253699999996, "time_est": 0.07980210800000087}