{"kl_train": 0.001808199558666967, "kl_targ": 0.0017806173393536317, "time_train": 16.050312023000004, "time_est": 5.282508433999993}