{"kl_train": 0.006386262340484341, "kl_targ": 0.005912048450334116, "time_train": 3.224790639999995, "time_est": 0.8523686880000128}