{"kl_train": 0.006151862551915746, "kl_targ": 0.005709636354131493, "time_train": 3.228777475000001, "time_est": 0.8806417250000003}