{"kl_train": 0.02034404238166768, "kl_targ": 0.020147368971634157, "time_train": 0.44139123100000077, "time_est": 0.08073092999999787}