{"kl_train": 0.00703963315766331, "kl_targ": 0.0037619151229680895, "time_train": 15.835141014999977, "time_est": 5.809809671999972}