{"kl_train": 0.007733227100138138, "kl_targ": 0.01655776160272476, "time_train": 6796.249852447305, "time_est": 0.24605838488787413}