{"kl_train": 0.0019899845012213055, "kl_targ": 0.002002349486480169, "time_train": 15.963626287000011, "time_est": 5.335944325000014}