{"kl_train": 0.005051229138395765, "kl_targ": 0.0051997142263078885, "time_train": 3.2408175170000106, "time_est": 0.8345615710000089}