{"kl_train": 0.0017597085931418672, "kl_targ": 0.0017207508812015096, "time_train": 16.048996192999994, "time_est": 5.376205661}