{"kl_train": 0.006882737092141641, "kl_targ": 0.0058919851476839325, "time_train": 3.236360285, "time_est": 0.9183235709999984}