{"kl_train": 0.00661775633237282, "kl_targ": 0.006695963279981547, "time_train": 3.213687972999999, "time_est": 0.8270642869999989}