{"kl_train": 0.012514783470815924, "kl_targ": 0.059457341074137, "time_train": 6681.524594625924, "time_est": 0.25904951011762023}