{"kl_train": 0.006008337867317479, "kl_targ": 0.006283039623958659, "time_train": 17034.716216305736, "time_est": 42.0560870221816}