{"kl_train": 0.01121133437944216, "kl_targ": 0.012146255528223984, "time_train": 17148.76040518796, "time_est": 66.39344188105315}