{"kl_train": 0.07889758073410398, "kl_targ": 0.09638042187046136, "time_train": 0.14545856100000165, "time_est": 0.008881348999999261}