{"kl_train": 0.0023198015754420983, "kl_targ": 0.00228320811393011, "time_train": 15.920360392999953, "time_est": 5.46733580099999}