{"kl_train": 0.011405293690462294, "kl_targ": 0.011626698670288343, "time_train": 17407.144194954075, "time_est": 54.34084248682484}