{"kl_train": 0.02314514842833639, "kl_targ": 0.008423986891568012, "time_train": 3.230889133000005, "time_est": 1.0295837360000064}