{"kl_train": 0.012907483113593424, "kl_targ": 0.012894424920397704, "time_train": 17206.143306322396, "time_est": 66.62815569527447}