{"kl_train": 0.006847747519821205, "kl_targ": 0.007456005159200696, "time_train": 10263.846972657833, "time_est": 42.89553583133966}