{"kl_train": 0.07613264658241552, "kl_targ": 0.07420576103083124, "time_train": 0.14449133699999805, "time_est": 0.00887637299999966}