{"kl_train": 0.04596966238841321, "kl_targ": 0.05590581508024119, "time_train": 0.1536155800000003, "time_est": 0.009096562999999946}