{"kl_train": 0.024390654156514622, "kl_targ": 0.020220309326739013, "time_train": 0.43957763499999913, "time_est": 0.08077711399999998}