{"kl_train": 0.021517637494888196, "kl_targ": 0.022104612056727438, "time_train": 0.43397263200000324, "time_est": 0.08070655499999901}