{"kl_train": 0.017123454185552892, "kl_targ": 0.01660071728644569, "time_train": 0.43676337300000156, "time_est": 0.08013865599999903}