{"kl_train": 0.085697619164184, "kl_targ": 0.1020286547667026, "time_train": 0.1451727469999966, "time_est": 0.008877305999995144}