{"kl_train": 0.01989592865580279, "kl_targ": 0.01733742970019457, "time_train": 0.443689765000002, "time_est": 0.08016132000000198}