{"kl_train": 0.01815049555737281, "kl_targ": 0.0191922202414659, "time_train": 0.45941729700000167, "time_est": 0.0807057000000011}