{"kl_train": 0.002973501400511221, "kl_targ": 0.003136726975588548, "time_train": 17030.846508306917, "time_est": 64.8360630418174}