{"kl_train": 0.01033283324417655, "kl_targ": 0.026826718504618964, "time_train": 7383.471860000864, "time_est": 0.1867646910250187}