{"kl_train": 0.007782922197117962, "kl_targ": 0.018279568639931167, "time_train": 6055.331852036063, "time_est": 0.18323246901854873}