{"kl_train": 0.00960067717109131, "kl_targ": 0.02455030338095903, "time_train": 6837.287132056896, "time_est": 0.30663981521502137}