{"kl_train": 0.007015500309648843, "kl_targ": 0.006121962477587202, "time_train": 3.2300813320000117, "time_est": 0.9375974740000004}