{"kl_train": 0.019561368777832627, "kl_targ": 0.020396483135331583, "time_train": 0.4335732219999997, "time_est": 0.08102129299999916}