{"kl_train": 0.039242333141039226, "kl_targ": 0.021794546371048294, "time_train": 0.43417832499999776, "time_est": 0.08048674999999861}