{"kl_train": 0.0029349675730163415, "kl_targ": 0.001865569126030977, "time_train": 15.708763551000004, "time_est": 5.669703440000035}