{"kl_train": 0.008391611109023549, "kl_targ": 0.019613310205652646, "time_train": 7147.994653335307, "time_est": 0.198479485232383}