{"kl_train": 0.005397476063471297, "kl_targ": 0.005496718586822767, "time_train": 17507.752792399842, "time_est": 71.83061290998012}