{"kl_train": 0.0021950711325096233, "kl_targ": 0.002205134258222795, "time_train": 16.016330924000002, "time_est": 5.4053450850000075}