{"kl_train": 0.011833612592843153, "kl_targ": 0.0335366338825265, "time_train": 7584.499590964988, "time_est": 0.2501558647491038}