{"kl_train": 0.008927101226828845, "kl_targ": 0.021091028771406048, "time_train": 7683.47985183727, "time_est": 0.3966267821379006}