{"kl_train": 0.002166443092431722, "kl_targ": 0.002007817177820186, "time_train": 16.24467221200001, "time_est": 5.358098772000005}