{"kl_train": 0.008001799383615142, "kl_targ": 0.008113686320938186, "time_train": 10622.297465976793, "time_est": 32.42516667302698}