{"kl_train": 0.008888978429702255, "kl_targ": 0.02569228473820372, "time_train": 7312.463080309797, "time_est": 0.43362831231206656}