{"kl_train": 0.0017850579369061612, "kl_targ": 0.0017712350842727382, "time_train": 17.497777370999998, "time_est": 5.766806773999999}