{"kl_train": 0.006355953180823737, "kl_targ": 0.00640247735438471, "time_train": 3.2216419700000003, "time_est": 0.8403175269999963}