{"kl_train": 0.021064087529224517, "kl_targ": 0.020700943140055623, "time_train": 0.4356844519999967, "time_est": 0.08049359200000339}