{"kl_train": 0.06383313405802594, "kl_targ": 0.07537162212689708, "time_train": 0.14750683399999964, "time_est": 0.00888881300000044}