{"kl_train": 0.055554594643471664, "kl_targ": 0.06047994570172297, "time_train": 0.14637415700000034, "time_est": 0.008947593000000253}