{"kl_train": 0.006614345737159445, "kl_targ": 0.0067842610369776984, "time_train": 3.2133300440000028, "time_est": 0.8344610759999966}