{"kl_train": 0.0021683392764396073, "kl_targ": 0.002093536502354636, "time_train": 15.630455170000005, "time_est": 5.314936793000015}