{"kl_train": 0.02577074377881072, "kl_targ": 0.027268566146117404, "time_train": 0.441210341999998, "time_est": 0.07990645099999938}