{"kl_train": 0.007516235829656364, "kl_targ": 0.018702705181040613, "time_train": 7036.621245878283, "time_est": 0.2752999230287969}