{"kl_train": 0.007058020028354803, "kl_targ": 0.01611112679421704, "time_train": 6013.519986349158, "time_est": 0.08816265221685171}