{"kl_train": 0.018363422686651115, "kl_targ": 0.01910751636775548, "time_train": 0.43502803299999915, "time_est": 0.08014378699999991}