{"kl_train": 0.03436109088915827, "kl_targ": 0.030266054693688656, "time_train": 10251.76632651221, "time_est": 72.97343716630712}