{"kl_train": 0.05196980294617208, "kl_targ": 0.056166783108880625, "time_train": 0.14544114399999586, "time_est": 0.008866109999999594}