{"kl_train": 0.001969319291198952, "kl_targ": 0.0018060707814066652, "time_train": 15.838556101999998, "time_est": 5.482332506000006}