{"kl_train": 0.18685213193465552, "kl_targ": 0.38068651133441356, "time_train": 10418.04000914516, "time_est": 51.27478784415871}