{"kl_train": 0.0021801366558170314, "kl_targ": 0.002204921318026681, "time_train": 15.719489045999978, "time_est": 5.272530872000004}