{"kl_train": 0.02314999391114883, "kl_targ": 0.019045958262781815, "time_train": 0.4371880140000002, "time_est": 0.08090839800000005}