{"kl_train": 0.005267912270249332, "kl_targ": 0.005328503709553248, "time_train": 3.222058912999998, "time_est": 0.8540710989999951}