{"kl_train": 0.06465681822867789, "kl_targ": 0.06170704122044997, "time_train": 0.15607189099999985, "time_est": 0.008933598000002263}