{"kl_train": 0.01432566225289234, "kl_targ": 0.07736799629745623, "time_train": 6411.504052502569, "time_est": 0.23585846787318587}