{"kl_train": 0.04248192883649645, "kl_targ": 0.03819823176741092, "time_train": 0.14565387100000038, "time_est": 0.008874196000000723}