{"kl_train": 0.004124116374043193, "kl_targ": 0.004012332666460122, "time_train": 3.2207383789999966, "time_est": 0.8523579960000021}