{"kl_train": 0.009544805689016125, "kl_targ": 0.02797544294762653, "time_train": 6265.974677881226, "time_est": 0.17255084495991468}