{"kl_train": 0.00205839252325218, "kl_targ": 0.0020543609352688644, "time_train": 15.778880599000004, "time_est": 5.335237017999987}