{"kl_train": 0.058484109739506476, "kl_targ": 0.06274615910880216, "time_train": 0.14626001799999955, "time_est": 0.00887823899999951}