{"kl_train": 0.008248927881861717, "kl_targ": 0.008765589368675912, "time_train": 10380.208170449827, "time_est": 52.752586404792964}