{"kl_train": 0.08742282318719263, "kl_targ": 0.060391210355952955, "time_train": 0.1456855939999997, "time_est": 0.008897520999994413}