{"kl_train": 0.019224383962381814, "kl_targ": 0.018611785086014035, "time_train": 0.436494819, "time_est": 0.08042773700000083}