{"kl_train": 0.01041563100837331, "kl_targ": 0.05844977940284899, "time_train": 8796.65371966688, "time_est": 0.23925538640469313}