{"kl_train": 0.010877938410998279, "kl_targ": 0.0070590303678693365, "time_train": 3.2474394329999967, "time_est": 0.9739309899999995}