{"kl_train": 0.046908895892405864, "kl_targ": 0.04403886080291317, "time_train": 0.14545513899999918, "time_est": 0.008883525000001669}