{"kl_train": 0.0029008949143400774, "kl_targ": 0.00294708936429668, "time_train": 10341.01035163831, "time_est": 58.833148951176554}