{"kl_train": 0.007862779306539116, "kl_targ": 0.00791496022145276, "time_train": 17481.26150208339, "time_est": 40.99040585430339}