{"kl_train": 0.033587048449321956, "kl_targ": 0.03468162019894008, "time_train": 0.14612970799999658, "time_est": 0.008886325000005968}