{"kl_train": 0.04811358359897082, "kl_targ": 0.041920545941800856, "time_train": 0.1451279630000002, "time_est": 0.00890374100000102}