{"kl_train": 0.009023154604521206, "kl_targ": 0.009856938772644586, "time_train": 10753.39601435, "time_est": 64.95983879873529}