{"kl_train": 0.0036148293787940525, "kl_targ": 0.002832614242769479, "time_train": 16.424379513000005, "time_est": 5.680230084999998}