{"kl_train": 0.08624051710019875, "kl_targ": 0.0924666748307314, "time_train": 0.14470717400000055, "time_est": 0.00903249699999975}