{"kl_train": 0.019241368142594112, "kl_targ": 0.018873541727596324, "time_train": 0.4357233669999978, "time_est": 0.08110981400000128}