{"kl_train": 0.00603271364152097, "kl_targ": 0.0061911946504697715, "time_train": 3.2257173250000006, "time_est": 0.839717984}