{"kl_train": -0.48988359362191575, "kl_target": 4.813516537478543, "time_train": 37.259936189, "time_est": 0.002555114000017511}