{"kl_train": 0.21523706281698196, "kl_target": 0.1541612172707536, "energy_based": 0.019297836482863318, "time_train": 43.48462186567485, "time_est": 27.40029087010771}