{"kl_train": 0.2075348112177453, "kl_target": 0.14450906641654981, "energy_based": 0.07940358630260391, "time_train": 46.067871594801545, "time_est": 27.46275759069249}