{"kl_train": 0.0500340461730957, "kl_target": 0.04791450500488281, "energy_based": 0.03247213363647461, "time_train": 1817.8931698836386, "time_est": 80.05599729483947}