{"kl_train": 0.944756865075254, "kl_target": 0.5651485492407637, "energy_based": 0.2794250039752111, "time_train": 6.359064090996981, "time_est": 0.06696047401055694}