{"kl_train": -0.5104521324469763, "kl_target": 3.884393063182364, "time_train": 137.97446125599998, "time_est": 0.0033227179999926193}