{"kl_train": -0.6581913353145623, "kl_target": 5.787986512915054, "time_train": 35.89720913100001, "time_est": 0.0025375810000127785}