{"kl_train": 0.3738664228048574, "kl_target": 0.24090340032554813, "energy_based": 0.02919216778489009, "time_train": 17.25342620490119, "time_est": 6.8180407248437405}