{"kl_train": -0.5241884084532962, "kl_target": 4.155508846464508, "time_train": 36.744529596, "time_est": 0.001958991999998716}