{"kl_train": 0.042720794677734375, "kl_target": 0.044358253479003906, "energy_based": 0.019533157348632812, "time_train": 1688.7789399959147, "time_est": 84.66533444914967}