{"kl_train": 0.7163407816500449, "kl_target": 0.42638246267628155, "energy_based": 0.10895216858444456, "time_train": 6.119889680761844, "time_est": 0.0670490451157093}