{"kl_train": -0.572362804856386, "kl_target": 4.257437690388522, "time_train": 143.09829728900007, "time_est": 0.003333408999992571}