{"kl_train": -0.6613417380783099, "kl_target": 5.464824793380181, "time_train": 144.24802614799998, "time_est": 0.0047433189999992464}