{"kl_train": -0.4566983143077233, "kl_target": 3.9221548694957193, "time_train": 142.0247767, "time_est": 0.0052261179999959495}