{"kl_train": 0.3810875248945056, "kl_target": 0.24405967067479217, "energy_based": 0.022893811015927135, "time_train": 19.63914340781048, "time_est": 6.765511038247496}