{"kl_train": 0.512699948835845, "kl_target": 0.354945226645083, "energy_based": 0.2478267302674455, "time_train": 18.539423428010195, "time_est": 6.7332470351830125}