{"kl_train": 0.1430225372314453, "kl_target": 0.15911483764648438, "energy_based": 0.2608199119567871, "time_train": 1543.2140161367133, "time_est": 77.84610139764845}