{"kl_train": 0.11873054504394531, "kl_target": 0.12714004516601562, "energy_based": 0.1981182098388672, "time_train": 1719.5161511427723, "time_est": 87.47588477283716}