{"kl_train": 0.19888766458798646, "kl_target": 0.15184284140768867, "energy_based": 0.030691354049226405, "time_train": 55.34497722098604, "time_est": 27.444351591635495}