{"kl_train": 0.8828027880517002, "kl_target": 0.48800061110420323, "energy_based": 0.04180350494280116, "time_train": 6.171127695124596, "time_est": 0.07099836319684982}