{"kl_train": 0.30543882911705644, "kl_target": 0.25049158403954763, "energy_based": 0.18916493030576031, "time_train": 45.58710528397933, "time_est": 27.42284191120416}