{"kl_train": -0.5986577761838202, "kl_target": 4.582223002157114, "time_train": 140.94030012200005, "time_est": 0.0033094610000716784}