{"kl_train": -0.7178057904341719, "kl_target": 6.6750491974396935, "time_train": 37.761707235, "time_est": 0.002563240000000633}