{"kl_train": 0.3209417788071498, "kl_target": 0.25266757389174277, "energy_based": 0.2378039711781783, "time_train": 41.28077768627554, "time_est": 27.413263423833996}