{"kl_train": -0.5075845064969953, "kl_target": 4.141338195849866, "time_train": 37.61716044900001, "time_est": 0.0020860000000055834}