{"kl_train": 0.3554182102431156, "kl_target": 0.22994476624258642, "energy_based": 0.07798357567187608, "time_train": 18.929272714070976, "time_est": 6.80776712205261}