{"kl_train": 0.07436037063598633, "kl_target": 0.07018613815307617, "energy_based": 0.12862539291381836, "time_train": 1600.0508166090585, "time_est": 80.161266583018}