{"kl_train": 0.8133857152002921, "kl_target": 0.48785291562987165, "energy_based": 0.03160569457432949, "time_train": 5.844792410731316, "time_est": 0.11794684221968055}