{"kl_train": 1.167364003729011, "kl_target": 0.6591477028957815, "energy_based": 0.18563361941656442, "time_train": 5.965047928970307, "time_est": 0.06703916192054749}