{"kl_train": 0.5320341189980446, "kl_target": 0.39451717725409985, "energy_based": 0.21300629785387315, "time_train": 19.654712775256485, "time_est": 6.826715742237866}