{"accuracy": 0.5613207547169812, "log_lik": -0.6909902633861205, "time_train": 1102.3689327910542, "time_est": 0.45699042454361916}