{"accuracy": 0.756383225906388, "log_lik": -0.5162955801572844, "time_train": 26136.073085784912, "time_est": 185.3005746304989}