{"accuracy": 0.7727272727272727, "log_lik": -0.4509762938699738, "time_train": 7617.505823533982, "time_est": 0.33077437058091164}