{"accuracy": 0.67, "log_lik": -0.5986058900475382, "time_train": 3965.0078303702176, "time_est": 0.3155047819018364}