{"accuracy": 0.8181818181818182, "log_lik": -0.4440708034878972, "time_train": 3793.598523978144, "time_est": 0.51014643907547}