{"accuracy": 0.7398648648648649, "log_lik": -0.49941464585454637, "time_train": 1970.5150780417025, "time_est": 1.0001119785010815}