{"accuracy": 0.8347245409015025, "log_lik": -0.3661147862995803, "time_train": 5090.671835426241, "time_est": 2.004536561667919}