{"accuracy": 0.9817567567567568, "log_lik": -0.057933899651622475, "time_train": 10115.544001795352, "time_est": 1.7173024341464043}