{"accuracy": 0.781, "log_lik": -0.4867699231263384, "time_train": 1897.0656349807978, "time_est": 0.8806247115135193}