{"kl_train": -0.019178288916577555, "kl_target": 0.2473360480635474, "time_train": 107.36666129299999, "time_est": 0.002080440000042927}