{"kl_train": 0.17323235933515857, "kl_target": 0.10703694909863604, "energy_based": 0.014423370059710727, "time_train": 4.917823479976505, "time_est": 0.07306823134422302}