{"kl_train": 0.05001960865694688, "kl_target": 0.045995812562149574, "energy_based": 0.07416041827809483, "time_train": 17.18895552912727, "time_est": 7.465081030968577}