{"kl_train": 0.007564544677734375, "kl_target": 0.006791114807128906, "energy_based": 0.010048866271972656, "time_train": 962.708181025926, "time_est": 73.21771782683209}