{"kl_train": 0.05359549939909947, "kl_target": 0.058383907393593226, "energy_based": 0.08778320956448304, "time_train": 31.31887276098132, "time_est": 26.126069576013833}