{"kl_train": 0.12892506402510495, "kl_target": 0.09480779782609972, "energy_based": 0.0064326378292909325, "time_train": 4.919998524710536, "time_est": 0.07305355509743094}