{"kl_train": 0.10452241562973086, "kl_target": 0.0877269170557522, "energy_based": 0.1469767051926274, "time_train": 17.075479451101273, "time_est": 7.394289409741759}