{"kl_train": 0.026343423611999484, "kl_target": 0.021017746949280713, "energy_based": 0.007918680535392575, "time_train": 32.28197587095201, "time_est": 26.047449946869165}