{"kl_train": 0.03855346116510816, "kl_target": 0.028322502683361783, "energy_based": 0.00723498774641218, "time_train": 16.899827853776515, "time_est": 7.378968657925725}