{"kl_train": 0.0950479657244161, "kl_target": 0.1002113764339283, "energy_based": 0.05912020171981336, "time_train": 4.904932213947177, "time_est": 0.07321468880400062}