{"kl_train": -0.11911746633422118, "kl_target": 0.2663284442297635, "time_train": 107.909414239, "time_est": 0.002100966999933007}