{"kl_train": 0.05275297164916992, "kl_target": 0.050052642822265625, "energy_based": 0.14781713485717773, "time_train": 1015.7327710068785, "time_est": 81.46865953179076}