{"kl_train": 0.058381080627441406, "kl_target": 0.060943603515625, "energy_based": 0.08128738403320312, "time_train": 943.2869812371209, "time_est": 73.47665326111019}