{"kl_train": -0.06770405430251636, "kl_target": 0.4271159560700207, "time_train": 29.062728382999993, "time_est": 0.0018041889999977911}