{"kl_train": -0.09062717048981837, "kl_target": 0.31619589841173174, "time_train": 109.661531777, "time_est": 0.0020795849999899474}