{"kl_train": 0.06808338892080812, "kl_target": 0.06567489257281167, "energy_based": 0.08163724922485738, "time_train": 17.095955258235335, "time_est": 7.6056302529759705}