{"kl_train": 0.01741717984688762, "kl_target": 0.017637004149154478, "energy_based": 0.011837648226675768, "time_train": 30.979769403114915, "time_est": 26.218408669810742}