{"kl_train": 0.11843879611864772, "kl_target": 0.11469620753883802, "energy_based": 0.08882341767860513, "time_train": 4.9231348019093275, "time_est": 0.07306284829974174}