{"kl_train": -0.16162140025124472, "kl_target": 0.6651206611308311, "time_train": 31.848487052000003, "time_est": 0.00172251100000409}