{"kl_train": 0.03333760793439566, "kl_target": 0.033033866332978334, "energy_based": 0.07045186727233865, "time_train": 30.713039489928633, "time_est": 26.042445696890354}