{"kl_train": -0.15551908483389673, "kl_target": 0.494550221267364, "time_train": 29.78402674999998, "time_est": 0.001273921999995764}