{"kl_train": -0.10380777461518594, "kl_target": 0.37024050261673924, "time_train": 116.91515950499999, "time_est": 0.0023686660000095117}