{"kl_train": -0.24678999589617276, "kl_target": 0.7299862015510709, "time_train": 30.446871791, "time_est": 0.001783661999994024}