{"kl_train": 0.05038400105210883, "kl_target": 0.044431936195274524, "energy_based": 0.0072375997650286905, "time_train": 17.01775921601802, "time_est": 7.432727589271963}