{"kl_train": 0.025270938873291016, "kl_target": 0.03052520751953125, "energy_based": 0.0846867561340332, "time_train": 980.8253326090053, "time_est": 73.31107603898272}