{"kl_train": -0.13333969391646616, "kl_target": 0.5866582274517218, "time_train": 30.117203426000003, "time_est": 0.0018302739999995765}