{"kl_train": -0.1734191123793038, "kl_target": 0.4205091403288811, "time_train": 118.493033624, "time_est": 0.002096262999998544}