{"kl_train": 0.06930387845758457, "kl_target": 0.056973265900363224, "energy_based": 0.1522986065782579, "time_train": 32.59742058813572, "time_est": 26.06933851633221}