{"kl_train": 0.30880945710147323, "kl_target": 0.17761023262465336, "energy_based": 0.13231651365579378, "time_train": 5.152820629999042, "time_est": 0.07723105978220701}