{"kl_train": 0.006348609924316406, "kl_target": 0.008869647979736328, "energy_based": 0.0034203529357910156, "time_train": 964.6658204239793, "time_est": 79.0272316178307}