{"kl_train": -4.192242979711765, "kl_target": 585654.4095621073, "time_train": 146.23104821200002, "time_est": 0.0045461790000445035}