{"kl_train": -3.738026012797105, "kl_target": 2360128.0510229343, "time_train": 41.57931610199999, "time_est": 0.0028561689999975215}