{"kl_train": 8.330591703764721, "kl_target": 2.642994456329724, "energy_based": 0.1398353158072112, "time_train": 158.805751434993, "time_est": 37.51426967931911}