{"kl_train": -3.6975552756899277, "kl_target": 5305255.471890602, "time_train": 38.672604938999996, "time_est": 0.0019778080000207865}