{"kl_train": 0.35333824157714844, "kl_target": 0.23478317260742188, "energy_based": 0.1679058074951172, "time_train": 7478.111501317006, "time_est": 124.04266694141552}