{"kl_train": 0.3675804138183594, "kl_target": 0.2310638427734375, "energy_based": 0.08985042572021484, "time_train": 7040.3335025548, "time_est": 122.3696153680794}