{"kl_train": -3.972946068025816, "kl_target": 351116.8142596653, "time_train": 41.340495209, "time_est": 0.0025936019999974746}