{"kl_train": 10.815221645725284, "kl_target": 3.104693715945963, "energy_based": 0.15004370390228416, "time_train": 46.431047052145004, "time_est": 9.875675194896758}