{"kl_train": 0.2576179504394531, "kl_target": 0.19485855102539062, "energy_based": 0.11443519592285156, "time_train": 7112.165277413093, "time_est": 121.70375442598015}