{"kl_train": 0.2531566619873047, "kl_target": 0.16198348999023438, "energy_based": 0.0625162124633789, "time_train": 7095.807512362953, "time_est": 121.61115882406011}