{"kl_train": 0.28078269958496094, "kl_target": 0.2077922821044922, "energy_based": 0.0680246353149414, "time_train": 7149.5326487193815, "time_est": 122.314567649737}