{"kl_train": -4.125229795112577, "kl_target": 558356.0501118252, "time_train": 148.012496755, "time_est": 0.005489113000010093}