{"kl_train": -3.4566445065785967, "kl_target": 469580.1779045825, "time_train": 148.241210513, "time_est": 0.004478613999992831}