{"kl_train": 9.080290522451104, "kl_target": 2.821907458819812, "energy_based": 0.08118531626413628, "time_train": 40.41211179085076, "time_est": 9.801008904818445}