{"kl_train": 15.265859315187551, "kl_target": 3.9217274261062656, "energy_based": 0.05955919984539371, "time_train": 12.368819827679545, "time_est": 0.17128857923671603}