{"kl_train": 12.957183748920787, "kl_target": 3.7217284152691867, "energy_based": 0.10382512602251914, "time_train": 12.419545921962708, "time_est": 0.17093055369332433}