{"kl_train": -3.4585591287023547, "kl_target": 70460.94746496667, "time_train": 146.66670572299995, "time_est": 0.0038110769999093463}