{"kl_train": 13.777858193408036, "kl_target": 3.838473889399765, "energy_based": 0.1324593094093327, "time_train": 12.407473986968398, "time_est": 0.1928691379725933}