{"kl_train": -3.9636326341869643, "kl_target": 842028.3355705111, "time_train": 147.53876397500002, "time_est": 0.005185919999973976}