{"kl_train": 9.567162293083694, "kl_target": 3.0258191317053935, "energy_based": 0.1250412836449062, "time_train": 42.21464314032346, "time_est": 9.831236446741968}