{"kl_train": 10.687446945241813, "kl_target": 3.097694011800666, "energy_based": 0.0793406741846745, "time_train": 40.85436794999987, "time_est": 9.883477502968162}