{"kl_train": 16.11481388731658, "kl_target": 3.8747221204188804, "energy_based": 0.17807753549181982, "time_train": 12.077151995152235, "time_est": 0.17627567844465375}