{"kl_train": -3.4828333870634425, "kl_target": 69004.33603762837, "time_train": 42.052677695000014, "time_est": 0.002629951000017172}