{"kl_train": 7.381339655520783, "kl_target": 2.4428962399127165, "energy_based": 0.07649456160742041, "time_train": 167.26623630989343, "time_est": 37.45448237191886}