{"kl_train": 13.467765097130638, "kl_target": 3.7184524303138673, "energy_based": 0.060690416959111815, "time_train": 12.200803603045642, "time_est": 0.16857291525229812}