{"kl_train": 7.325466878793076, "kl_target": 2.5651992912077333, "energy_based": 0.12828916801310086, "time_train": 161.9742275038734, "time_est": 37.42477649496868}