{"kl_train": 9.483098187749118, "kl_target": 2.9341222548954704, "energy_based": 0.07818179804201542, "time_train": 40.615469495300204, "time_est": 9.827541535254568}