{"kl_train": 7.038126213871223, "kl_target": 2.375968156237093, "energy_based": 0.07338109989060193, "time_train": 147.50750468298793, "time_est": 37.56325869075954}