{"kl_train": 8.435647993878693, "kl_target": 2.662704026779725, "energy_based": 0.08304467791417203, "time_train": 151.77443832624704, "time_est": 37.561799861025065}