{"kl_train": -3.963610149352848, "kl_target": 49002.94852512286, "time_train": 41.54986364800001, "time_est": 0.002823669000008522}